transaction_id,category,subcategory,region,season,unit_cost,unit_price,quantity_sold,inventory_days,revenue,cost,profit,profit_margin_pct
TXN100000,Apparel,Winter Wear,East,Monsoon,302.46,379.83,5,38.0,1899.15,1512.3,386.85,20.37
TXN100001,Electronics,Cameras,Central,Monsoon,1854.38,1966.69,5,26.0,9833.45,9271.9,561.55,5.71
TXN100002,Apparel,Footwear,North,Winter,307.7,372.01,8,35.0,2976.08,2461.6,514.48,17.29
TXN100003,Beauty & Personal Care,Fragrances,South,Monsoon,162.74,207.85,9,41.0,1870.65,1464.66,405.99,21.7
TXN100004,Apparel,Winter Wear,South,Festive,307.45,381.77,4,,1527.08,1229.8,297.28,19.47
TXN100005,Grocery,Dairy,North,Monsoon,463.89,436.74,15,18.0,6551.1,6958.35,-407.25,-6.22
TXN100006,Grocery,Staples,East,Summer,197.63,193.56,13,17.0,2516.28,2569.19,-52.91,-2.1
TXN100007,Electronics,Cameras,Central,Spring,2692.5,2648.0,9,50.0,23832.0,24232.5,-400.5,-1.68
TXN100008,Apparel,Footwear,West,Summer,442.81,546.93,5,40.0,2734.65,2214.05,520.6,19.04
TXN100009,Electronics,Laptops,North,Summer,2092.69,2263.36,5,35.0,11316.8,10463.45,853.35,7.54
TXN100010,Grocery,Dairy,North,Winter,498.89,494.35,18,19.0,8898.3,8980.02,-81.72,-0.92
TXN100011,Home & Kitchen,Appliances,East,Spring,128.66,161.39,10,68.0,1613.9,1286.6,327.3,20.28
TXN100012,Apparel,Footwear,North,Monsoon,199.5,267.18,8,42.0,2137.44,1596.0,541.44,25.33
TXN100013,Electronics,Cameras,Central,Festive,1917.65,1770.2,8,57.0,14161.6,15341.2,-1179.6,-8.33
TXN100014,Electronics,Smartphones,South,Monsoon,1973.29,2051.39,8,57.0,16411.12,15786.32,624.8,3.81
TXN100015,Beauty & Personal Care,Grooming,East,Festive,319.26,410.46,4,43.0,1641.84,1277.04,364.8,22.22
TXN100016,Beauty & Personal Care,Grooming,Central,Festive,376.38,484.48,5,42.0,2422.4,1881.9,540.5,22.31
TXN100017,Apparel,Women's Wear,East,Summer,57.62,72.46,13,119.0,941.98,749.06,192.92,20.48
TXN100018,Grocery,Staples,East,Spring,194.04,201.81,16,12.0,3228.96,3104.64,124.32,3.85
TXN100019,Electronics,Cameras,South,Festive,1112.56,1124.45,4,59.0,4497.8,4450.24,47.56,1.06
TXN100020,Grocery,Frozen Foods,South,Summer,168.25,183.01,15,7.0,2745.15,2523.75,221.4,8.07
TXN100021,Grocery,Snacks,West,Summer,94.91,99.6,17,7.0,1693.2,1613.47,79.73,4.71
TXN100022,Beauty & Personal Care,Grooming,Central,Summer,131.39,168.35,3,50.0,505.05,394.17,110.88,21.95
TXN100023,Home & Kitchen,Furniture,South,Summer,242.0,283.75,6,66.0,1702.5,1452.0,250.5,14.71
TXN100024,Home & Kitchen,Appliances,South,Winter,297.03,355.89,9,74.0,3203.01,2673.27,529.74,16.54
TXN100025,Electronics,Laptops,North,Monsoon,1186.92,1322.86,6,40.0,7937.16,7121.52,815.64,10.28
TXN100026,Home & Kitchen,Storage,North,Summer,292.2,363.82,8,47.0,2910.56,2337.6,572.96,19.69
TXN100027,Home & Kitchen,Cookware,Central,Festive,200.71,227.94,10,94.0,2279.4,2007.1,272.3,11.95
TXN100028,Electronics,Smartphones,South,Winter,1671.11,1734.05,5,64.0,8670.25,8355.55,314.7,3.63
TXN100029,Electronics,Smartphones,East,Monsoon,289.98,291.98,10,69.0,2919.8,2899.8,20.0,0.68
TXN100030,Home & Kitchen,Storage,South,Summer,37.59,43.81,10,47.0,438.1,375.9,62.2,14.2
TXN100031,Beauty & Personal Care,Grooming,East,Festive,133.97,180.72,9,26.0,1626.48,1205.73,420.75,25.87
TXN100032,Apparel,Women's Wear,West,Monsoon,200.25,244.1,4,53.0,976.4,801.0,175.4,17.96
TXN100033,Home & Kitchen,Storage,Central,Festive,413.04,477.6,5,83.0,2388.0,2065.2,322.8,13.52
TXN100034,Beauty & Personal Care,Skincare,East,Summer,196.64,239.75,6,53.0,1438.5,1179.84,258.66,17.98
TXN100035,Home & Kitchen,Storage,Central,Festive,426.33,503.99,8,67.0,4031.92,3410.64,621.28,15.41
TXN100036,Grocery,Dairy,South,Festive,280.43,282.87,11,17.0,3111.57,3084.73,26.84,0.86
TXN100037,Grocery,Dairy,West,Festive,307.96,327.51,19,12.0,6222.69,5851.24,371.45,5.97
TXN100038,Apparel,Women's Wear,East,Monsoon,400.27,445.5,3,105.0,1336.5,1200.81,135.69,10.15
TXN100039,Home & Kitchen,Decor,East,Summer,235.46,288.68,9,64.0,2598.12,2119.14,478.98,18.44
TXN100040,Apparel,Winter Wear,North,Summer,184.44,245.68,6,41.0,1474.08,1106.64,367.44,24.93
TXN100041,Electronics,Cameras,North,Winter,1811.97,1777.62,6,49.0,10665.72,10871.82,-206.1,-1.93
TXN100042,Grocery,Dairy,West,Winter,229.23,245.72,13,7.0,3194.36,2979.99,214.37,6.71
TXN100043,Electronics,Smartphones,West,Spring,1061.63,1165.58,11,40.0,12821.38,11677.93,1143.45,8.92
TXN100044,Apparel,Men's Wear,North,Winter,120.41,149.56,6,,897.36,722.46,174.9,19.49
TXN100045,Beauty & Personal Care,Haircare,West,Festive,434.1,599.04,9,26.0,5391.36,3906.9,1484.46,27.53
TXN100046,Electronics,Smartphones,,Summer,2799.44,2870.89,6,51.0,17225.34,16796.64,428.7,2.49
TXN100047,Electronics,Laptops,North,Festive,2250.62,2300.72,10,69.0,23007.2,22506.2,501.0,2.18
TXN100048,Beauty & Personal Care,Skincare,Central,Summer,344.66,387.99,8,48.0,3103.92,2757.28,346.64,11.17
TXN100049,Apparel,Kids Wear,East,Spring,78.24,94.65,7,85.0,662.55,547.68,114.87,17.34
TXN100050,Beauty & Personal Care,Skincare,Central,Winter,424.76,527.95,9,35.0,4751.55,3822.84,928.71,19.55
TXN100051,Beauty & Personal Care,Haircare,East,Winter,297.25,388.65,14,44.0,5441.1,4161.5,1279.6,23.52
TXN100052,Grocery,Snacks,,Festive,264.23,284.17,8,9.0,2273.36,2113.84,159.52,7.02
TXN100053,Apparel,Footwear,North,Festive,462.25,540.93,5,112.0,2704.65,2311.25,393.4,14.55
TXN100054,Grocery,Dairy,South,Winter,335.13,344.27,15,19.0,5164.05,5026.95,137.1,2.65
TXN100055,Home & Kitchen,Storage,East,Spring,450.05,529.56,4,51.0,2118.24,1800.2,318.04,15.01
TXN100056,Home & Kitchen,Appliances,North,Summer,284.22,332.59,7,50.0,2328.13,1989.54,338.59,14.54
TXN100057,Home & Kitchen,Cookware,North,Spring,123.23,152.48,5,41.0,762.4,616.15,146.25,19.18
TXN100058,Grocery,Dairy,West,Festive,79.13,84.22,10,8.0,842.2,791.3,50.9,6.04
TXN100059,Electronics,Laptops,West,Monsoon,2126.64,2287.79,6,53.0,13726.74,12759.84,966.9,7.04
TXN100060,Electronics,Smartphones,West,Winter,2611.98,2526.15,4,65.0,10104.6,10447.92,-343.32,-3.4
TXN100061,Electronics,Laptops,West,Winter,2706.69,2646.29,7,55.0,18524.03,18946.83,-422.8,-2.28
TXN100062,Apparel,Kids Wear,South,Monsoon,335.87,380.82,4,112.0,1523.28,1343.48,179.8,11.8
TXN100063,Home & Kitchen,Furniture,Central,Spring,151.46,173.11,7,83.0,1211.77,1060.22,151.55,12.51
TXN100064,Electronics,Laptops,,Winter,1888.83,2073.82,6,40.0,12442.92,11332.98,1109.94,8.92
TXN100065,Beauty & Personal Care,Haircare,West,Spring,54.88,76.02,11,25.0,836.22,603.68,232.54,27.81
TXN100066,Beauty & Personal Care,Grooming,South,Winter,355.73,493.24,9,27.0,4439.16,3201.57,1237.59,27.88
TXN100067,Apparel,Women's Wear,North,Monsoon,188.7,240.65,11,73.0,2647.15,2075.7,571.45,21.59
TXN100068,Home & Kitchen,Furniture,East,Festive,269.18,291.16,12,87.0,3493.92,3230.16,263.76,7.55
TXN100069,Apparel,Footwear,South,Spring,30.63,33.91,7,118.0,237.37,214.41,22.96,9.67
TXN100070,Home & Kitchen,Storage,South,Winter,495.67,527.95,6,96.0,3167.7,2974.02,193.68,6.11
TXN100071,Electronics,Headphones,North,Festive,2984.98,2812.42,6,59.0,16874.52,17909.88,-1035.36,-6.14
TXN100072,Beauty & Personal Care,Makeup,East,Winter,445.49,544.83,6,54.0,3268.98,2672.94,596.04,18.23
TXN100073,Electronics,Cameras,Central,Festive,2974.85,2643.43,9,48.0,23790.87,26773.65,-2982.78,-12.54
TXN100074,Apparel,Winter Wear,South,Winter,352.51,365.68,3,109.0,1097.04,1057.53,39.51,3.6
TXN100075,Beauty & Personal Care,Haircare,,Summer,380.75,482.24,4,27.0,1928.96,1523.0,405.96,21.05
TXN100076,Grocery,Dairy,South,Summer,421.66,448.45,12,6.0,5381.4,5059.92,321.48,5.97
TXN100077,Grocery,Snacks,South,Summer,38.38,34.14,18,17.0,614.52,690.84,-76.32,-12.42
TXN100078,Apparel,Winter Wear,East,Festive,192.2,255.98,8,30.0,2047.84,1537.6,510.24,24.92
TXN100079,Apparel,Kids Wear,East,Festive,481.99,513.2,10,111.0,5132.0,4819.9,312.1,6.08
TXN100080,Home & Kitchen,Appliances,North,Festive,390.53,432.51,4,90.0,1730.04,1562.12,167.92,9.71
TXN100081,Home & Kitchen,Cookware,West,Spring,283.62,334.48,9,49.0,3010.32,2552.58,457.74,15.21
TXN100082,Home & Kitchen,Cookware,North,Festive,454.83,553.49,3,84.0,1660.47,1364.49,295.98,17.83
TXN100083,Apparel,Women's Wear,West,Winter,271.78,361.48,8,37.0,2891.84,2174.24,717.6,24.81
TXN100084,Electronics,Laptops,North,Festive,203.32,194.62,9,64.0,1751.58,1829.88,-78.3,-4.47
TXN100085,Electronics,Cameras,West,Winter,2621.76,2682.28,11,68.0,29505.08,28839.36,665.72,2.26
TXN100086,Electronics,Headphones,West,Winter,2884.3,2855.92,7,63.0,19991.44,20190.1,-198.66,-0.99
TXN100087,Home & Kitchen,Appliances,South,Festive,149.09,178.41,9,63.0,1605.69,1341.81,263.88,16.43
TXN100088,Apparel,Footwear,Central,Summer,262.26,317.5,7,83.0,2222.5,1835.82,386.68,17.4
TXN100089,Apparel,Kids Wear,South,Summer,338.0,407.22,8,70.0,3257.76,2704.0,553.76,17.0
TXN100090,Apparel,Footwear,East,Winter,142.18,145.39,3,77.0,436.17,426.54,9.63,2.21
TXN100091,Home & Kitchen,Appliances,South,Spring,245.15,303.78,8,41.0,2430.24,1961.2,469.04,19.3
TXN100092,Beauty & Personal Care,Fragrances,South,Winter,368.11,459.44,6,29.0,2756.64,2208.66,547.98,19.88
TXN100093,Beauty & Personal Care,Skincare,West,Winter,399.8,475.7,10,44.0,4757.0,3998.0,759.0,15.96
TXN100094,Electronics,Smartphones,Central,Monsoon,2780.74,2644.08,9,65.0,23796.72,25026.66,-1229.94,-5.17
TXN100095,Home & Kitchen,Cookware,East,Spring,45.87,51.11,6,80.0,306.66,275.22,31.44,10.25
TXN100096,Apparel,Winter Wear,West,Summer,203.24,231.03,9,97.0,2079.27,1829.16,250.11,12.03
TXN100097,Electronics,Cameras,Central,Spring,956.51,1025.14,6,49.0,6150.84,5739.06,411.78,6.69
TXN100098,Home & Kitchen,Cookware,South,Winter,459.7,554.03,5,45.0,2770.15,2298.5,471.65,17.03
TXN100099,Home & Kitchen,Furniture,North,Monsoon,95.64,101.25,9,94.0,911.25,860.76,50.49,5.54
TXN100100,Apparel,Footwear,South,Summer,272.33,329.61,6,58.0,1977.66,1633.98,343.68,17.38
TXN100101,Home & Kitchen,Furniture,East,Summer,228.44,284.22,10,40.0,2842.2,2284.4,557.8,19.63
TXN100102,Home & Kitchen,Storage,North,Festive,338.11,375.96,6,78.0,2255.76,2028.66,227.1,10.07
TXN100103,Beauty & Personal Care,Fragrances,West,Winter,481.22,625.67,4,50.0,2502.68,1924.88,577.8,23.09
TXN100104,Home & Kitchen,Storage,West,Festive,19.81,23.78,8,86.0,190.24,158.48,31.76,16.69
TXN100105,Apparel,Winter Wear,South,Spring,179.7,219.35,10,75.0,2193.5,1797.0,396.5,18.08
TXN100106,Home & Kitchen,Furniture,East,Monsoon,159.29,184.86,8,64.0,1478.88,1274.32,204.56,13.83
TXN100107,Home & Kitchen,Storage,West,Summer,205.34,240.05,2,62.0,480.1,410.68,69.42,14.46
TXN100108,Home & Kitchen,Appliances,Central,Festive,439.29,521.02,4,91.0,2084.08,1757.16,326.92,15.69
TXN100109,Electronics,Laptops,South,Winter,2100.35,2391.66,4,35.0,9566.64,8401.4,1165.24,12.18
TXN100110,Home & Kitchen,Cookware,Central,Monsoon,160.06,184.46,6,71.0,1106.76,960.36,146.4,13.23
TXN100111,Grocery,Beverages,East,Summer,397.27,414.89,17,14.0,7053.13,6753.59,299.54,4.25
TXN100112,Electronics,Accessories,Central,Winter,1145.66,1145.99,5,54.0,5729.95,5728.3,1.65,0.03
TXN100113,Home & Kitchen,Storage,South,Monsoon,447.12,542.77,5,87.0,2713.85,2235.6,478.25,17.62
TXN100114,Home & Kitchen,Furniture,East,Summer,121.21,153.41,5,67.0,767.05,606.05,161.0,20.99
TXN100115,Home & Kitchen,Decor,East,Winter,478.69,596.39,6,61.0,3578.34,2872.14,706.2,19.74
TXN100116,Grocery,Beverages,West,Festive,393.42,373.04,13,19.0,4849.52,5114.46,-264.94,-5.46
TXN100117,Beauty & Personal Care,Haircare,Central,Winter,242.42,300.72,5,39.0,1503.6,1212.1,291.5,19.39
TXN100118,Electronics,Laptops,West,Spring,532.87,518.05,5,66.0,2590.25,2664.35,-74.1,-2.86
TXN100119,Home & Kitchen,Storage,Central,Spring,489.41,593.88,5,73.0,2969.4,2447.05,522.35,17.59
TXN100120,Grocery,Staples,East,Festive,249.31,261.54,15,8.0,3923.1,3739.65,183.45,4.68
TXN100121,Electronics,Accessories,West,Monsoon,2295.31,2462.42,2,45.0,4924.84,4590.62,334.22,6.79
TXN100122,Electronics,Smartphones,South,Spring,1687.5,1834.47,4,52.0,7337.88,6750.0,587.88,8.01
TXN100123,Grocery,Snacks,South,Monsoon,342.41,345.42,16,17.0,5526.72,5478.56,48.16,0.87
TXN100124,Grocery,Dairy,South,Spring,212.18,229.52,17,3.0,3901.84,3607.06,294.78,7.55
TXN100125,Home & Kitchen,Appliances,Central,Monsoon,41.78,46.89,8,73.0,375.12,334.24,40.88,10.9
TXN100126,Grocery,Staples,East,Summer,82.25,87.16,10,10.0,871.6,822.5,49.1,5.63
TXN100127,Beauty & Personal Care,Fragrances,Central,Winter,322.4,422.12,12,27.0,5065.44,3868.8,1196.64,23.62
TXN100128,Grocery,Dairy,South,Festive,120.52,128.07,16,10.0,2049.12,1928.32,120.8,5.9
TXN100129,Home & Kitchen,Furniture,East,Summer,367.46,459.15,7,49.0,3214.05,2572.22,641.83,19.97
TXN100130,Apparel,Footwear,South,Spring,382.11,475.39,3,99.0,1426.17,1146.33,279.84,19.62
TXN100131,Home & Kitchen,Cookware,East,Spring,450.92,444.72,6,79.0,2668.32,2705.52,-37.2,-1.39
TXN100132,Home & Kitchen,Furniture,Central,Summer,237.33,287.04,4,76.0,1148.16,949.32,198.84,17.32
TXN100133,Home & Kitchen,Storage,Central,Festive,364.18,387.6,6,82.0,2325.6,2185.08,140.52,6.04
TXN100134,Apparel,Winter Wear,West,Winter,261.13,343.93,4,71.0,1375.72,1044.52,331.2,24.07
TXN100135,Grocery,Frozen Foods,West,Festive,127.01,119.84,16,19.0,1917.44,2032.16,-114.72,-5.98
TXN100136,Electronics,Cameras,North,Spring,325.55,356.57,5,33.0,1782.85,1627.75,155.1,8.7
TXN100137,Electronics,Smartphones,South,Summer,1695.57,1720.71,5,52.0,8603.55,8477.85,125.7,1.46
TXN100138,Grocery,Frozen Foods,West,Monsoon,484.2,528.46,19,4.0,10040.74,9199.8,840.94,8.38
TXN100139,Electronics,Accessories,South,Winter,2651.69,2901.48,5,32.0,14507.4,13258.45,1248.95,8.61
TXN100140,Electronics,Accessories,North,Festive,1645.34,1805.58,8,46.0,14444.64,13162.72,1281.92,8.87
TXN100141,Apparel,Footwear,South,Spring,230.67,273.47,8,88.0,2187.76,1845.36,342.4,15.65
TXN100142,Electronics,Headphones,West,Spring,2519.27,2442.8,4,53.0,9771.2,10077.08,-305.88,-3.13
TXN100143,Beauty & Personal Care,Fragrances,North,Monsoon,396.34,530.98,9,30.0,4778.82,3567.06,1211.76,25.36
TXN100144,Apparel,Men's Wear,South,Festive,72.45,87.48,10,104.0,874.8,724.5,150.3,17.18
TXN100145,Electronics,Headphones,West,Spring,1815.15,1967.22,8,38.0,15737.76,14521.2,1216.56,7.73
TXN100146,Grocery,Staples,East,Spring,396.69,410.07,12,14.0,4920.84,4760.28,160.56,3.26
TXN100147,Electronics,Laptops,North,Winter,2869.68,3010.05,6,56.0,18060.3,17218.08,842.22,4.66
TXN100148,Grocery,Dairy,West,Monsoon,74.53,67.12,13,16.0,872.56,968.89,-96.33,-11.04
TXN100149,Apparel,Men's Wear,South,Spring,241.52,286.87,7,42.0,2008.09,1690.64,317.45,15.81
TXN100150,Electronics,Headphones,East,Festive,890.48,956.26,5,34.0,4781.3,4452.4,328.9,6.88
TXN100151,Beauty & Personal Care,Skincare,Central,Monsoon,31.98,40.58,12,57.0,486.96,383.76,103.2,21.19
TXN100152,Electronics,Cameras,South,Spring,2012.61,2230.91,12,54.0,26770.92,24151.32,2619.6,9.79
TXN100153,Electronics,Laptops,West,Monsoon,2235.89,2098.34,9,62.0,18885.06,20123.01,-1237.95,-6.56
TXN100154,Electronics,Accessories,East,Summer,2035.25,2202.2,12,38.0,26426.4,24423.0,2003.4,7.58
TXN100155,Electronics,Accessories,West,Winter,2297.63,2609.49,3,40.0,7828.47,6892.89,935.58,11.95
TXN100156,Home & Kitchen,Cookware,Central,Summer,422.44,509.5,7,73.0,3566.5,2957.08,609.42,17.09
TXN100157,Apparel,Kids Wear,South,Spring,82.06,103.64,8,41.0,829.12,656.48,172.64,20.82
TXN100158,Electronics,Cameras,Central,Winter,1683.45,1625.15,5,59.0,8125.75,8417.25,-291.5,-3.59
TXN100159,Beauty & Personal Care,Fragrances,East,Winter,295.66,413.91,10,26.0,4139.1,2956.6,1182.5,28.57
TXN100160,Beauty & Personal Care,Makeup,Central,Summer,183.2,238.62,6,21.0,1431.72,1099.2,332.52,23.23
TXN100161,Home & Kitchen,Appliances,West,Monsoon,251.05,298.58,11,69.0,3284.38,2761.55,522.83,15.92
TXN100162,Home & Kitchen,Cookware,West,Winter,323.7,384.81,3,54.0,1154.43,971.1,183.33,15.88
TXN100163,Grocery,Beverages,Central,Winter,437.3,423.33,20,13.0,8466.6,8746.0,-279.4,-3.3
TXN100164,Grocery,Dairy,East,Spring,497.38,519.96,7,3.0,3639.72,3481.66,158.06,4.34
TXN100165,Electronics,Accessories,West,Monsoon,2310.04,2570.35,5,52.0,12851.75,11550.2,1301.55,10.13
TXN100166,Grocery,Frozen Foods,South,Winter,59.46,63.84,20,14.0,1276.8,1189.2,87.6,6.86
TXN100167,Grocery,Staples,South,Spring,403.71,442.37,22,9.0,9732.14,8881.62,850.52,8.74
TXN100168,Home & Kitchen,Storage,Central,Monsoon,185.33,228.74,8,47.0,1829.92,1482.64,347.28,18.98
TXN100169,Grocery,Staples,Central,Festive,363.12,386.39,21,5.0,8114.19,7625.52,488.67,6.02
TXN100170,Apparel,Men's Wear,North,Summer,32.96,40.06,3,93.0,120.18,98.88,21.3,17.72
TXN100171,Electronics,Headphones,East,Spring,2536.0,2383.6,8,60.0,19068.8,20288.0,-1219.2,-6.39
TXN100172,Electronics,Accessories,Central,Festive,589.28,540.43,7,55.0,3783.01,4124.96,-341.95,-9.04
TXN100173,Electronics,Laptops,West,Winter,2583.92,2604.18,8,49.0,20833.44,20671.36,162.08,0.78
TXN100174,Electronics,Laptops,West,Festive,203.99,219.61,6,51.0,1317.66,1223.94,93.72,7.11
TXN100175,Beauty & Personal Care,Haircare,North,Winter,212.68,278.34,4,36.0,1113.36,850.72,262.64,23.59
TXN100176,Grocery,Staples,West,Spring,117.7,112.7,9,17.0,1014.3,1059.3,-45.0,-4.44
TXN100177,Apparel,Winter Wear,North,Monsoon,263.8,326.89,1,63.0,326.89,263.8,63.09,19.3
TXN100178,Beauty & Personal Care,Makeup,North,Summer,416.58,553.68,8,31.0,4429.44,3332.64,1096.8,24.76
TXN100179,Beauty & Personal Care,Grooming,West,Summer,481.76,594.3,6,34.0,3565.8,2890.56,675.24,18.94
TXN100180,Home & Kitchen,Appliances,East,Spring,179.14,227.38,6,57.0,1364.28,1074.84,289.44,21.22
TXN100181,Electronics,Smartphones,East,Monsoon,1095.09,1128.08,11,68.0,12408.88,12045.99,362.89,2.92
TXN100182,Apparel,Footwear,North,Winter,476.2,547.9,6,94.0,3287.4,2857.2,430.2,13.09
TXN100183,Grocery,Dairy,Central,Festive,480.47,456.25,11,19.0,5018.75,5285.17,-266.42,-5.31
TXN100184,Home & Kitchen,Cookware,East,Festive,384.15,423.77,7,76.0,2966.39,2689.05,277.34,9.35
TXN100185,Apparel,Kids Wear,North,Summer,448.37,516.9,8,111.0,4135.2,3586.96,548.24,13.26
TXN100186,Apparel,Men's Wear,South,Festive,199.3,223.74,8,106.0,1789.92,1594.4,195.52,10.92
TXN100187,Apparel,Kids Wear,East,Summer,169.91,224.75,10,42.0,2247.5,1699.1,548.4,24.4
TXN100188,Electronics,Headphones,East,Winter,2825.31,3109.41,10,43.0,31094.1,28253.1,2841.0,9.14
TXN100189,Electronics,Headphones,North,Summer,230.93,243.91,2,57.0,487.82,461.86,25.96,5.32
TXN100190,Electronics,Cameras,West,Spring,2208.59,2454.3,8,43.0,19634.4,17668.72,1965.68,10.01
TXN100191,Apparel,Winter Wear,Central,Winter,196.54,245.01,8,97.0,1960.08,1572.32,387.76,19.78
TXN100192,Grocery,Snacks,East,Spring,467.13,454.47,15,14.0,6817.05,7006.95,-189.9,-2.79
TXN100193,Beauty & Personal Care,Skincare,South,Festive,105.67,119.62,10,59.0,1196.2,1056.7,139.5,11.66
TXN100194,Electronics,Smartphones,North,Festive,1341.1,1289.85,7,61.0,9028.95,9387.7,-358.75,-3.97
TXN100195,Electronics,Smartphones,North,Winter,963.87,938.72,7,64.0,6571.04,6747.09,-176.05,-2.68
TXN100196,Home & Kitchen,Storage,East,Winter,211.71,269.2,6,65.0,1615.2,1270.26,344.94,21.36
TXN100197,Electronics,Cameras,North,Monsoon,2030.86,2255.44,5,33.0,11277.2,10154.3,1122.9,9.96
TXN100198,Electronics,Accessories,South,Winter,2913.5,3114.72,7,43.0,21803.04,20394.5,1408.54,6.46
TXN100199,Apparel,Women's Wear,South,Monsoon,47.72,54.38,6,115.0,326.28,286.32,39.96,12.25
TXN100200,Grocery,Snacks,North,Summer,132.27,137.58,10,5.0,1375.8,1322.7,53.1,3.86
TXN100201,Beauty & Personal Care,Grooming,East,Monsoon,316.35,407.22,10,22.0,4072.2,3163.5,908.7,22.31
TXN100202,Grocery,Beverages,East,Festive,51.31,49.0,16,17.0,784.0,820.96,-36.96,-4.71
TXN100203,Home & Kitchen,Cookware,South,Monsoon,109.97,134.8,4,89.0,539.2,439.88,99.32,18.42
TXN100204,Apparel,Women's Wear,East,Spring,302.58,387.64,9,63.0,3488.76,2723.22,765.54,21.94
TXN100205,Grocery,Snacks,North,Spring,401.86,367.5,21,17.0,7717.5,8439.06,-721.56,-9.35
TXN100206,Beauty & Personal Care,Makeup,West,Festive,254.72,315.92,8,51.0,2527.36,2037.76,489.6,19.37
TXN100207,Grocery,Beverages,North,Spring,88.15,92.52,12,4.0,1110.24,1057.8,52.44,4.72
TXN100208,Grocery,Dairy,West,Spring,161.81,170.71,16,11.0,2731.36,2588.96,142.4,5.21
TXN100209,Grocery,Frozen Foods,West,Monsoon,193.02,203.89,14,6.0,2854.46,2702.28,152.18,5.33
TXN100210,Apparel,Men's Wear,Central,Monsoon,420.58,520.94,6,97.0,3125.64,2523.48,602.16,19.27
TXN100211,Electronics,Smartphones,Central,Monsoon,1569.05,1683.45,4,28.0,6733.8,6276.2,457.6,6.8
TXN100212,Apparel,Men's Wear,South,Monsoon,130.22,154.94,8,65.0,1239.52,1041.76,197.76,15.95
TXN100213,Electronics,Smartphones,South,Summer,2618.05,2857.06,5,48.0,14285.3,13090.25,1195.05,8.37
TXN100214,Beauty & Personal Care,Haircare,North,Festive,390.48,503.27,11,46.0,5535.97,4295.28,1240.69,22.41
TXN100215,Home & Kitchen,Decor,South,Summer,247.33,284.86,4,64.0,1139.44,989.32,150.12,13.17
TXN100216,Electronics,Cameras,West,Summer,2946.04,2749.85,5,48.0,13749.25,14730.2,-980.95,-7.13
TXN100217,Grocery,Staples,East,Spring,32.21,32.23,14,18.0,451.22,450.94,0.28,0.06
TXN100218,Electronics,Cameras,North,Summer,2356.78,2434.8,6,61.0,14608.8,14140.68,468.12,3.2
TXN100219,Beauty & Personal Care,Makeup,Central,Monsoon,445.67,576.3,6,45.0,3457.8,2674.02,783.78,22.67
TXN100220,Beauty & Personal Care,Fragrances,East,Winter,47.72,64.2,10,35.0,642.0,477.2,164.8,25.67
TXN100221,Electronics,Cameras,South,Monsoon,2454.07,2676.51,5,59.0,13382.55,12270.35,1112.2,8.31
TXN100222,Beauty & Personal Care,Makeup,Central,Monsoon,430.48,585.92,6,37.0,3515.52,2582.88,932.64,26.53
TXN100223,Grocery,Dairy,West,Festive,467.45,508.18,16,14.0,8130.88,7479.2,651.68,8.01
TXN100224,Beauty & Personal Care,Makeup,East,Festive,208.95,256.27,2,32.0,512.54,417.9,94.64,18.46
TXN100225,Apparel,Kids Wear,South,Summer,316.06,382.85,11,82.0,4211.35,3476.66,734.69,17.45
TXN100226,Beauty & Personal Care,Fragrances,North,Summer,470.57,539.74,6,57.0,3238.44,2823.42,415.02,12.82
TXN100227,Electronics,Laptops,North,Monsoon,1817.94,1819.75,4,56.0,7279.0,7271.76,7.24,0.1
TXN100228,Grocery,Staples,West,Festive,272.61,291.5,11,9.0,3206.5,2998.71,207.79,6.48
TXN100229,Home & Kitchen,Appliances,East,Winter,25.55,30.79,10,45.0,307.9,255.5,52.4,17.02
TXN100230,Electronics,Smartphones,North,Monsoon,2921.48,3175.45,7,63.0,22228.15,20450.36,1777.79,8.0
TXN100231,Electronics,Smartphones,East,Summer,842.26,899.6,9,32.0,8096.4,7580.34,516.06,6.37
TXN100232,Apparel,Men's Wear,West,Monsoon,40.66,48.34,5,102.0,241.7,203.3,38.4,15.89
TXN100233,Grocery,Frozen Foods,South,Summer,80.6,86.84,16,7.0,1389.44,1289.6,99.84,7.19
TXN100234,Grocery,Beverages,Central,Summer,234.63,228.78,14,12.0,3202.92,3284.82,-81.9,-2.56
TXN100235,Beauty & Personal Care,Fragrances,South,Winter,249.8,338.1,9,39.0,3042.9,2248.2,794.7,26.12
TXN100236,Electronics,Laptops,Central,Summer,1494.39,1661.13,6,35.0,9966.78,8966.34,1000.44,10.04
TXN100237,Electronics,Smartphones,Central,Summer,1698.36,1780.51,8,60.0,14244.08,13586.88,657.2,4.61
TXN100238,Home & Kitchen,Appliances,Central,Monsoon,304.14,351.88,5,62.0,1759.4,1520.7,238.7,13.57
TXN100239,Beauty & Personal Care,Makeup,South,Monsoon,299.07,326.73,11,50.0,3594.03,3289.77,304.26,8.47
TXN100240,Grocery,Staples,South,Monsoon,70.47,75.94,19,7.0,1442.86,1338.93,103.93,7.2
TXN100241,Grocery,Snacks,North,Winter,461.96,484.74,8,13.0,3877.92,3695.68,182.24,4.7
TXN100242,Home & Kitchen,Storage,Central,Festive,464.4,556.15,6,59.0,3336.9,2786.4,550.5,16.5
TXN100243,Electronics,Cameras,East,Monsoon,2051.57,1910.41,6,63.0,11462.46,12309.42,-846.96,-7.39
TXN100244,Home & Kitchen,Decor,South,Spring,79.71,93.64,8,90.0,749.12,637.68,111.44,14.88
TXN100245,Apparel,Winter Wear,North,Festive,102.8,109.88,4,111.0,439.52,411.2,28.32,6.44
TXN100246,Home & Kitchen,Cookware,Central,Spring,361.39,455.82,6,61.0,2734.92,2168.34,566.58,20.72
TXN100247,Beauty & Personal Care,Fragrances,Central,Monsoon,270.41,343.92,5,39.0,1719.6,1352.05,367.55,21.37
TXN100248,Apparel,Footwear,East,Festive,412.28,507.4,4,110.0,2029.6,1649.12,380.48,18.75
TXN100249,Home & Kitchen,Decor,Central,Summer,120.87,137.0,11,87.0,1507.0,1329.57,177.43,11.77
TXN100250,Electronics,Cameras,North,Monsoon,1400.89,1453.05,9,52.0,13077.45,12608.01,469.44,3.59
TXN100251,Home & Kitchen,Storage,East,Spring,196.69,232.62,8,89.0,1860.96,1573.52,287.44,15.45
TXN100252,Electronics,Smartphones,South,Spring,2787.9,3143.61,6,35.0,18861.66,16727.4,2134.26,11.32
TXN100253,Beauty & Personal Care,Fragrances,Central,Summer,450.64,627.83,7,37.0,4394.81,3154.48,1240.33,28.22
TXN100254,Electronics,Smartphones,West,Summer,2144.84,2289.96,6,39.0,13739.76,12869.04,870.72,6.34
TXN100255,Apparel,Women's Wear,South,Winter,392.67,489.93,5,69.0,2449.65,1963.35,486.3,19.85
TXN100256,Home & Kitchen,Furniture,South,Spring,278.26,319.27,10,94.0,3192.7,2782.6,410.1,12.84
TXN100257,Apparel,Kids Wear,Central,Festive,22.63,29.23,7,91.0,204.61,158.41,46.2,22.58
TXN100258,Apparel,Men's Wear,South,Festive,51.22,64.12,5,31.0,320.6,256.1,64.5,20.12
TXN100259,Electronics,Smartphones,West,Winter,2784.4,2999.07,6,43.0,17994.42,16706.4,1288.02,7.16
TXN100260,Apparel,Footwear,South,Winter,272.33,340.68,5,97.0,1703.4,1361.65,341.75,20.06
TXN100261,Apparel,Winter Wear,South,Winter,230.53,281.68,5,108.0,1408.4,1152.65,255.75,18.16
TXN100262,Home & Kitchen,Decor,Central,Summer,404.66,505.35,6,49.0,3032.1,2427.96,604.14,19.92
TXN100263,Grocery,Frozen Foods,East,Monsoon,137.32,143.42,13,18.0,1864.46,1785.16,79.3,4.25
TXN100264,Grocery,Snacks,West,Winter,32.19,34.32,16,12.0,549.12,515.04,34.08,6.21
TXN100265,Grocery,Frozen Foods,Central,Monsoon,492.74,535.16,15,10.0,8027.4,7391.1,636.3,7.93
TXN100266,Home & Kitchen,Storage,East,Spring,73.3,78.55,9,76.0,706.95,659.7,47.25,6.68
TXN100267,Electronics,Laptops,Central,Winter,497.74,498.35,2,67.0,996.7,995.48,1.22,0.12
TXN100268,Electronics,Smartphones,West,Festive,1005.27,1089.03,5,36.0,5445.15,5026.35,418.8,7.69
TXN100269,Home & Kitchen,Appliances,North,Summer,16.7,19.38,5,55.0,96.9,83.5,13.4,13.83
TXN100270,Beauty & Personal Care,Grooming,West,Summer,91.29,111.78,12,34.0,1341.36,1095.48,245.88,18.33
TXN100271,Home & Kitchen,Decor,Central,Spring,116.77,131.48,5,78.0,657.4,583.85,73.55,11.19
TXN100272,Electronics,Headphones,West,Monsoon,355.13,342.49,2,57.0,684.98,710.26,-25.28,-3.69
TXN100273,Apparel,Winter Wear,East,Festive,450.41,592.13,7,64.0,4144.91,3152.87,992.04,23.93
TXN100274,Apparel,Women's Wear,East,Festive,237.27,298.54,9,58.0,2686.86,2135.43,551.43,20.52
TXN100275,Apparel,Kids Wear,East,Monsoon,101.45,120.15,7,55.0,841.05,710.15,130.9,15.56
TXN100276,Home & Kitchen,Appliances,East,Festive,487.98,591.26,5,44.0,2956.3,2439.9,516.4,17.47
TXN100277,Home & Kitchen,Appliances,North,Festive,276.94,319.75,17,93.0,5435.75,4707.98,727.77,13.39
TXN100278,Grocery,Beverages,West,Summer,179.36,195.31,9,10.0,1757.79,1614.24,143.55,8.17
TXN100279,Electronics,Cameras,Central,Festive,1383.66,1417.53,7,52.0,9922.71,9685.62,237.09,2.39
TXN100280,Home & Kitchen,Furniture,East,Spring,72.14,86.63,7,49.0,606.41,504.98,101.43,16.73
TXN100281,Home & Kitchen,Decor,East,Summer,454.93,546.61,5,57.0,2733.05,2274.65,458.4,16.77
TXN100282,Home & Kitchen,Appliances,East,Monsoon,458.74,549.01,9,58.0,4941.09,4128.66,812.43,16.44
TXN100283,Electronics,Smartphones,North,Winter,2368.48,2627.67,4,40.0,10510.68,9473.92,1036.76,9.86
TXN100284,Electronics,Cameras,South,Summer,2712.09,2957.96,7,34.0,20705.72,18984.63,1721.09,8.31
TXN100285,Home & Kitchen,Cookware,North,Winter,131.23,165.69,4,49.0,662.76,524.92,137.84,20.8
TXN100286,Grocery,Frozen Foods,East,Spring,336.6,351.68,11,10.0,3868.48,3702.6,165.88,4.29
TXN100287,Electronics,Accessories,Central,Summer,1179.21,1329.13,3,31.0,3987.39,3537.63,449.76,11.28
TXN100288,Beauty & Personal Care,Fragrances,Central,Winter,459.6,540.42,12,52.0,6485.04,5515.2,969.84,14.96
TXN100289,Grocery,Snacks,South,Festive,54.66,56.31,8,14.0,450.48,437.28,13.2,2.93
TXN100290,Home & Kitchen,Appliances,North,Winter,494.38,524.09,5,98.0,2620.45,2471.9,148.55,5.67
TXN100291,Home & Kitchen,Storage,South,Spring,393.0,428.22,10,77.0,4282.2,3930.0,352.2,8.22
TXN100292,Apparel,Footwear,East,Spring,265.72,316.62,9,46.0,2849.58,2391.48,458.1,16.08
TXN100293,Electronics,Accessories,South,Festive,2975.02,2913.64,7,55.0,20395.48,20825.14,-429.66,-2.11
TXN100294,Grocery,Dairy,South,Summer,31.22,33.78,19,8.0,641.82,593.18,48.64,7.58
TXN100295,Electronics,Headphones,West,Spring,1286.34,1363.58,3,48.0,4090.74,3859.02,231.72,5.66
TXN100296,Home & Kitchen,Decor,Central,Summer,54.8,63.36,4,73.0,253.44,219.2,34.24,13.51
TXN100297,Beauty & Personal Care,Haircare,Central,Festive,220.54,300.51,5,42.0,1502.55,1102.7,399.85,26.61
TXN100298,Home & Kitchen,Decor,South,Monsoon,360.3,441.46,7,40.0,3090.22,2522.1,568.12,18.38
TXN100299,Grocery,Frozen Foods,West,Festive,444.1,483.61,19,3.0,9188.59,8437.9,750.69,8.17
TXN100300,Apparel,Men's Wear,Central,Winter,452.58,535.94,6,48.0,3215.64,2715.48,500.16,15.55
TXN100301,Grocery,Frozen Foods,Central,Spring,393.13,365.08,15,14.0,5476.2,5896.95,-420.75,-7.68
TXN100302,Home & Kitchen,Furniture,East,Spring,219.46,261.36,10,84.0,2613.6,2194.6,419.0,16.03
TXN100303,Apparel,Men's Wear,East,Spring,165.3,207.9,11,108.0,2286.9,1818.3,468.6,20.49
TXN100304,Grocery,Frozen Foods,East,Festive,171.12,162.26,24,15.0,3894.24,4106.88,-212.64,-5.46
TXN100305,Grocery,Staples,East,Festive,92.74,89.85,21,15.0,1886.85,1947.54,-60.69,-3.22
TXN100306,Home & Kitchen,Furniture,West,Summer,160.86,166.27,9,87.0,1496.43,1447.74,48.69,3.25
TXN100307,Apparel,Kids Wear,South,Monsoon,142.57,166.46,4,114.0,665.84,570.28,95.56,14.35
TXN100308,Apparel,Footwear,North,Winter,92.06,115.87,4,32.0,463.48,368.24,95.24,20.55
TXN100309,Beauty & Personal Care,Grooming,West,Summer,394.68,447.2,9,52.0,4024.8,3552.12,472.68,11.74
TXN100310,Electronics,Headphones,Central,Festive,360.95,389.43,10,37.0,3894.3,3609.5,284.8,7.31
TXN100311,Apparel,Footwear,West,Festive,124.04,148.68,9,33.0,1338.12,1116.36,221.76,16.57
TXN100312,Beauty & Personal Care,Haircare,South,Summer,146.93,187.99,8,55.0,1503.92,1175.44,328.48,21.84
TXN100313,Beauty & Personal Care,Skincare,North,Spring,43.41,52.04,7,42.0,364.28,303.87,60.41,16.58
TXN100314,Apparel,Men's Wear,North,Festive,458.75,603.82,3,59.0,1811.46,1376.25,435.21,24.03
TXN100315,Electronics,Headphones,East,Monsoon,460.06,503.86,5,46.0,2519.3,2300.3,219.0,8.69
TXN100316,Home & Kitchen,Appliances,South,Spring,202.73,247.49,8,49.0,1979.92,1621.84,358.08,18.09
TXN100317,Apparel,Winter Wear,North,Winter,144.25,183.42,5,115.0,917.1,721.25,195.85,21.36
TXN100318,Beauty & Personal Care,Grooming,South,Monsoon,318.0,424.21,15,38.0,6363.15,4770.0,1593.15,25.04
TXN100319,Home & Kitchen,Appliances,North,Summer,382.06,474.77,7,51.0,3323.39,2674.42,648.97,19.53
TXN100320,Grocery,Snacks,Central,Spring,52.66,53.69,16,12.0,859.04,842.56,16.48,1.92
TXN100321,Apparel,Men's Wear,West,Festive,89.23,110.95,8,96.0,887.6,713.84,173.76,19.58
TXN100322,Beauty & Personal Care,Fragrances,East,Winter,163.88,214.66,8,28.0,1717.28,1311.04,406.24,23.66
TXN100323,Apparel,Footwear,North,Spring,365.3,409.46,7,104.0,2866.22,2557.1,309.12,10.78
TXN100324,Apparel,Winter Wear,West,Monsoon,245.34,317.1,4,49.0,1268.4,981.36,287.04,22.63
TXN100325,Home & Kitchen,Furniture,East,Monsoon,404.75,442.57,7,97.0,3097.99,2833.25,264.74,8.55
TXN100326,Apparel,Footwear,South,Winter,366.78,415.94,7,95.0,2911.58,2567.46,344.12,11.82
TXN100327,Home & Kitchen,Decor,East,Spring,436.13,442.15,7,86.0,3095.05,3052.91,42.14,1.36
TXN100328,Apparel,Kids Wear,South,Monsoon,223.34,257.91,5,94.0,1289.55,1116.7,172.85,13.4
TXN100329,Home & Kitchen,Appliances,South,Winter,196.07,214.88,10,98.0,2148.8,1960.7,188.1,8.75
TXN100330,Grocery,Staples,Central,Spring,258.28,247.84,11,15.0,2726.24,2841.08,-114.84,-4.21
TXN100331,Apparel,Women's Wear,Central,Summer,174.8,233.62,8,31.0,1868.96,1398.4,470.56,25.18
TXN100332,Electronics,Headphones,West,Festive,757.47,788.29,4,59.0,3153.16,3029.88,123.28,3.91
TXN100333,Electronics,Headphones,Central,Spring,346.66,329.51,10,52.0,3295.1,3466.6,-171.5,-5.2
TXN100334,Home & Kitchen,Furniture,East,Monsoon,152.12,178.92,4,55.0,715.68,608.48,107.2,14.98
TXN100335,Electronics,Accessories,East,Spring,2563.54,2789.74,5,48.0,13948.7,12817.7,1131.0,8.11
TXN100336,Home & Kitchen,Appliances,North,Summer,441.12,493.57,7,93.0,3454.99,3087.84,367.15,10.63
TXN100337,Home & Kitchen,Decor,West,Monsoon,29.76,35.49,5,68.0,177.45,148.8,28.65,16.15
TXN100338,Home & Kitchen,Storage,South,Winter,228.45,283.24,12,93.0,3398.88,2741.4,657.48,19.34
TXN100339,Grocery,Dairy,South,Winter,125.44,132.79,13,9.0,1726.27,1630.72,95.55,5.54
TXN100340,Electronics,Cameras,North,Summer,755.09,731.42,8,53.0,5851.36,6040.72,-189.36,-3.24
TXN100341,Apparel,Women's Wear,South,Spring,335.23,350.08,4,115.0,1400.32,1340.92,59.4,4.24
TXN100342,Apparel,Footwear,South,Festive,74.22,94.89,10,97.0,948.9,742.2,206.7,21.78
TXN100343,Beauty & Personal Care,Haircare,West,Winter,279.36,350.73,7,55.0,2455.11,1955.52,499.59,20.35
TXN100344,Electronics,Cameras,West,Monsoon,2921.12,3143.45,4,25.0,12573.8,11684.48,889.32,7.07
TXN100345,Electronics,Smartphones,South,Spring,1088.06,1192.05,5,,5960.25,5440.3,519.95,8.72
TXN100346,Apparel,Kids Wear,East,Monsoon,15.15,18.55,12,110.0,222.6,181.8,40.8,18.33
TXN100347,Home & Kitchen,Cookware,Central,Festive,357.41,412.53,5,89.0,2062.65,1787.05,275.6,13.36
TXN100348,Home & Kitchen,Decor,Central,Summer,455.7,449.82,5,88.0,2249.1,2278.5,-29.4,-1.31
TXN100349,Grocery,Snacks,Central,Festive,150.88,151.95,21,12.0,3190.95,3168.48,22.47,0.7
TXN100350,Home & Kitchen,Storage,South,Winter,337.32,345.49,3,91.0,1036.47,1011.96,24.51,2.36
TXN100351,Apparel,Kids Wear,East,Spring,406.89,496.61,3,50.0,1489.83,1220.67,269.16,18.07
TXN100352,Apparel,Kids Wear,West,Festive,78.33,92.27,6,82.0,553.62,469.98,83.64,15.11
TXN100353,Apparel,Footwear,West,Festive,168.26,225.33,4,45.0,901.32,673.04,228.28,25.33
TXN100354,Grocery,Staples,South,Spring,104.21,103.51,15,19.0,1552.65,1563.15,-10.5,-0.68
TXN100355,Grocery,Dairy,West,Spring,253.06,263.3,15,11.0,3949.5,3795.9,153.6,3.89
TXN100356,Apparel,Kids Wear,South,Winter,43.77,55.25,7,,386.75,306.39,80.36,20.78
TXN100357,Electronics,Cameras,East,Summer,1360.97,1396.26,5,57.0,6981.3,6804.85,176.45,2.53
TXN100358,Apparel,Men's Wear,North,Festive,391.08,447.95,8,107.0,3583.6,3128.64,454.96,12.7
TXN100359,Apparel,Men's Wear,Central,Winter,137.75,170.12,5,94.0,850.6,688.75,161.85,19.03
TXN100360,Electronics,Cameras,North,Winter,1366.2,1508.72,7,38.0,10561.04,9563.4,997.64,9.45
TXN100361,Home & Kitchen,Cookware,West,Spring,405.32,473.26,8,89.0,3786.08,3242.56,543.52,14.36
TXN100362,Home & Kitchen,Storage,North,Spring,456.23,550.5,8,47.0,4404.0,3649.84,754.16,17.12
TXN100363,Beauty & Personal Care,Haircare,East,Monsoon,144.8,193.31,5,33.0,966.55,724.0,242.55,25.09
TXN100364,Grocery,Beverages,East,Winter,343.67,375.55,16,11.0,6008.8,5498.72,510.08,8.49
TXN100365,Home & Kitchen,Decor,South,Festive,353.73,427.91,7,43.0,2995.37,2476.11,519.26,17.34
TXN100366,Home & Kitchen,Furniture,Central,Monsoon,352.77,419.76,4,43.0,1679.04,1411.08,267.96,15.96
TXN100367,Beauty & Personal Care,Makeup,Central,Festive,371.04,496.76,8,25.0,3974.08,2968.32,1005.76,25.31
TXN100368,Home & Kitchen,Furniture,North,Summer,295.44,326.08,7,85.0,2282.56,2068.08,214.48,9.4
TXN100369,Beauty & Personal Care,Skincare,North,Spring,497.44,693.42,11,37.0,7627.62,5471.84,2155.78,28.26
TXN100370,Apparel,Winter Wear,East,Monsoon,167.94,220.35,7,36.0,1542.45,1175.58,366.87,23.78
TXN100371,Beauty & Personal Care,Skincare,East,Monsoon,96.19,121.43,7,39.0,850.01,673.33,176.68,20.79
TXN100372,Electronics,Headphones,South,Summer,2276.74,2469.71,7,45.0,17287.97,15937.18,1350.79,7.81
TXN100373,Beauty & Personal Care,Grooming,South,Festive,92.69,118.01,4,57.0,472.04,370.76,101.28,21.46
TXN100374,Apparel,Men's Wear,Central,Winter,73.86,95.23,7,47.0,666.61,517.02,149.59,22.44
TXN100375,Home & Kitchen,Storage,South,Summer,446.58,465.32,9,89.0,4187.88,4019.22,168.66,4.03
TXN100376,Apparel,Footwear,Central,Summer,224.5,237.9,6,98.0,1427.4,1347.0,80.4,5.63
TXN100377,Home & Kitchen,Cookware,South,Winter,193.91,238.8,7,48.0,1671.6,1357.37,314.23,18.8
TXN100378,Grocery,Snacks,North,Spring,139.93,130.33,16,19.0,2085.28,2238.88,-153.6,-7.37
TXN100379,Beauty & Personal Care,Skincare,East,Winter,143.14,195.65,6,35.0,1173.9,858.84,315.06,26.84
TXN100380,Apparel,Winter Wear,North,Monsoon,366.46,481.42,6,51.0,2888.52,2198.76,689.76,23.88
TXN100381,Electronics,Laptops,Central,Winter,1923.04,2170.56,9,40.0,19535.04,17307.36,2227.68,11.4
TXN100382,Apparel,Kids Wear,Central,Spring,257.96,271.73,5,,1358.65,1289.8,68.85,5.07
TXN100383,Apparel,Women's Wear,South,Monsoon,375.75,434.4,6,109.0,2606.4,2254.5,351.9,13.5
TXN100384,Grocery,Staples,North,Summer,35.92,38.87,22,3.0,855.14,790.24,64.9,7.59
TXN100385,Electronics,Smartphones,North,Festive,2718.14,2545.35,5,57.0,12726.75,13590.7,-863.95,-6.79
TXN100386,Home & Kitchen,Decor,South,Festive,234.77,275.53,6,58.0,1653.18,1408.62,244.56,14.79
TXN100387,Grocery,Snacks,East,Winter,483.26,488.97,18,14.0,8801.46,8698.68,102.78,1.17
TXN100388,Apparel,Winter Wear,East,Summer,498.04,593.01,5,106.0,2965.05,2490.2,474.85,16.01
TXN100389,Apparel,Women's Wear,East,Summer,490.33,629.79,6,96.0,3778.74,2941.98,836.76,22.14
TXN100390,Home & Kitchen,Appliances,West,Winter,339.45,420.78,8,60.0,3366.24,2715.6,650.64,19.33
TXN100391,Beauty & Personal Care,Grooming,East,Festive,31.85,34.15,5,42.0,170.75,159.25,11.5,6.73
TXN100392,Grocery,Beverages,North,Monsoon,247.79,253.2,21,14.0,5317.2,5203.59,113.61,2.14
TXN100393,Home & Kitchen,Storage,South,Monsoon,134.07,143.49,7,89.0,1004.43,938.49,65.94,6.56
TXN100394,Grocery,Staples,North,Winter,17.8,16.57,18,19.0,298.26,320.4,-22.14,-7.42
TXN100395,Grocery,Beverages,North,Spring,214.76,223.92,15,7.0,3358.8,3221.4,137.4,4.09
TXN100396,Home & Kitchen,Cookware,North,Winter,242.53,290.31,7,61.0,2032.17,1697.71,334.46,16.46
TXN100397,Beauty & Personal Care,Skincare,East,Spring,399.04,521.77,5,33.0,2608.85,1995.2,613.65,23.52
TXN100398,Electronics,Laptops,South,Spring,291.93,300.82,6,55.0,1804.92,1751.58,53.34,2.96
TXN100399,Home & Kitchen,Cookware,North,Festive,459.37,563.12,7,67.0,3941.84,3215.59,726.25,18.42
TXN100400,Apparel,Women's Wear,Central,Summer,370.03,456.86,5,33.0,2284.3,1850.15,434.15,19.01
TXN100401,Electronics,Cameras,East,Spring,2519.63,2534.73,6,52.0,15208.38,15117.78,90.6,0.6
TXN100402,Home & Kitchen,Furniture,East,Festive,238.52,285.51,10,46.0,2855.1,2385.2,469.9,16.46
TXN100403,Electronics,Accessories,South,Monsoon,451.37,508.64,6,31.0,3051.84,2708.22,343.62,11.26
TXN100404,Electronics,Headphones,East,Spring,1139.7,1220.79,8,64.0,9766.32,9117.6,648.72,6.64
TXN100405,Apparel,Kids Wear,South,Winter,59.46,72.15,7,119.0,505.05,416.22,88.83,17.59
TXN100406,Apparel,Footwear,Central,Festive,247.01,272.55,6,91.0,1635.3,1482.06,153.24,9.37
TXN100407,Grocery,Staples,,Winter,96.46,105.85,14,4.0,1481.9,1350.44,131.46,8.87
TXN100408,Home & Kitchen,Furniture,South,Festive,325.66,348.15,8,92.0,2785.2,2605.28,179.92,6.46
TXN100409,Home & Kitchen,Decor,South,Summer,279.44,300.72,7,79.0,2105.04,1956.08,148.96,7.08
TXN100410,Apparel,Winter Wear,East,Spring,464.9,504.69,10,79.0,5046.9,4649.0,397.9,7.88
TXN100411,Apparel,Men's Wear,South,Summer,79.96,94.87,8,115.0,758.96,639.68,119.28,15.72
TXN100412,Apparel,Winter Wear,East,Winter,187.8,208.69,7,106.0,1460.83,1314.6,146.23,10.01
TXN100413,Grocery,Frozen Foods,North,Winter,218.89,222.4,15,14.0,3336.0,3283.35,52.65,1.58
TXN100414,Electronics,Headphones,West,Festive,2011.21,1835.77,8,53.0,14686.16,16089.68,-1403.52,-9.56
TXN100415,Apparel,Women's Wear,North,Summer,473.06,612.38,7,35.0,4286.66,3311.42,975.24,22.75
TXN100416,Grocery,Snacks,East,Summer,361.87,385.84,10,19.0,3858.4,3618.7,239.7,6.21
TXN100417,Beauty & Personal Care,Makeup,Central,Spring,418.26,483.24,9,45.0,4349.16,3764.34,584.82,13.45
TXN100418,Beauty & Personal Care,Makeup,Central,Spring,376.57,473.53,8,28.0,3788.24,3012.56,775.68,20.48
TXN100419,Apparel,Men's Wear,Central,Festive,385.76,415.83,7,94.0,2910.81,2700.32,210.49,7.23
TXN100420,Electronics,Laptops,West,Winter,1806.07,1847.63,8,68.0,14781.04,14448.56,332.48,2.25
TXN100421,Electronics,Smartphones,North,Spring,2073.97,2355.83,4,37.0,9423.32,8295.88,1127.44,11.96
TXN100422,Home & Kitchen,Furniture,East,Monsoon,484.78,555.75,5,95.0,2778.75,2423.9,354.85,12.77
TXN100423,Electronics,Smartphones,West,Spring,1301.9,1389.23,6,52.0,8335.38,7811.4,523.98,6.29
TXN100424,Electronics,Headphones,South,Festive,156.1,163.62,5,50.0,818.1,780.5,37.6,4.6
TXN100425,Home & Kitchen,Furniture,North,Winter,120.58,138.01,3,87.0,414.03,361.74,52.29,12.63
TXN100426,Grocery,Beverages,North,Festive,463.83,482.64,13,4.0,6274.32,6029.79,244.53,3.9
TXN100427,Home & Kitchen,Furniture,North,Summer,174.83,190.62,8,98.0,1524.96,1398.64,126.32,8.28
TXN100428,Home & Kitchen,Storage,,Festive,127.67,152.19,7,51.0,1065.33,893.69,171.64,16.11
TXN100429,Electronics,Cameras,North,Winter,2135.07,2420.32,9,37.0,21782.88,19215.63,2567.25,11.79
TXN100430,Grocery,Dairy,East,Festive,377.01,398.25,17,4.0,6770.25,6409.17,361.08,5.33
TXN100431,Grocery,Snacks,South,Winter,73.24,74.9,13,18.0,973.7,952.12,21.58,2.22
TXN100432,Electronics,Accessories,South,Spring,951.82,926.23,7,54.0,6483.61,6662.74,-179.13,-2.76
TXN100433,Beauty & Personal Care,Skincare,South,Winter,233.64,310.68,6,30.0,1864.08,1401.84,462.24,24.8
TXN100434,Grocery,Snacks,South,Summer,107.02,114.11,15,9.0,1711.65,1605.3,106.35,6.21
TXN100435,Electronics,Accessories,East,Summer,1109.05,1247.31,7,42.0,8731.17,7763.35,967.82,11.08
TXN100436,Electronics,Cameras,Central,Monsoon,1593.32,1800.38,5,26.0,9001.9,7966.6,1035.3,11.5
TXN100437,Apparel,Winter Wear,East,Spring,401.48,528.55,7,67.0,3699.85,2810.36,889.49,24.04
TXN100438,Electronics,Laptops,North,Summer,2561.22,2878.5,6,37.0,17271.0,15367.32,1903.68,11.02
TXN100439,Electronics,Accessories,North,Festive,2672.12,2612.8,5,,13064.0,13360.6,-296.6,-2.27
TXN100440,Electronics,Accessories,West,Monsoon,574.75,650.09,12,44.0,7801.08,6897.0,904.08,11.59
TXN100441,Electronics,Cameras,North,Winter,573.8,650.24,4,45.0,2600.96,2295.2,305.76,11.76
TXN100442,Home & Kitchen,Appliances,West,Monsoon,139.51,165.65,6,70.0,993.9,837.06,156.84,15.78
TXN100443,Electronics,Headphones,Central,Summer,982.01,943.58,9,64.0,8492.22,8838.09,-345.87,-4.07
TXN100444,Electronics,Headphones,South,Winter,376.1,405.27,8,,3242.16,3008.8,233.36,7.2
TXN100445,Home & Kitchen,Storage,North,Spring,466.93,546.53,8,82.0,4372.24,3735.44,636.8,14.56
TXN100446,Electronics,Accessories,West,Festive,2717.14,2788.83,5,52.0,13944.15,13585.7,358.45,2.57
TXN100447,Apparel,Footwear,Central,Summer,45.15,47.52,5,113.0,237.6,225.75,11.85,4.99
TXN100448,Electronics,Headphones,East,Festive,740.07,773.07,6,39.0,4638.42,4440.42,198.0,4.27
TXN100449,Home & Kitchen,Furniture,West,Winter,14.79,14.95,3,72.0,44.85,44.37,0.48,1.07
TXN100450,Home & Kitchen,Cookware,East,Summer,419.1,523.15,6,69.0,3138.9,2514.6,624.3,19.89
TXN100451,Grocery,Staples,North,Spring,402.57,423.31,18,18.0,7619.58,7246.26,373.32,4.9
TXN100452,Home & Kitchen,Appliances,East,Spring,287.29,353.37,7,42.0,2473.59,2011.03,462.56,18.7
TXN100453,Home & Kitchen,Furniture,West,Monsoon,253.99,263.01,5,88.0,1315.05,1269.95,45.1,3.43
TXN100454,Electronics,Smartphones,North,Summer,1367.98,1372.53,10,61.0,13725.3,13679.8,45.5,0.33
TXN100455,Grocery,Staples,South,Monsoon,39.73,39.53,19,12.0,751.07,754.87,-3.8,-0.51
TXN100456,Beauty & Personal Care,Skincare,South,Summer,439.93,510.02,11,52.0,5610.22,4839.23,770.99,13.74
TXN100457,Apparel,Kids Wear,North,Spring,179.59,237.44,4,39.0,949.76,718.36,231.4,24.36
TXN100458,Electronics,Headphones,Central,Winter,1101.39,1082.24,8,49.0,8657.92,8811.12,-153.2,-1.77
TXN100459,Home & Kitchen,Cookware,Central,Summer,419.7,497.11,10,66.0,4971.1,4197.0,774.1,15.57
TXN100460,Beauty & Personal Care,Grooming,North,Festive,247.06,312.67,9,52.0,2814.03,2223.54,590.49,20.98
TXN100461,Electronics,Headphones,West,Winter,2920.24,3119.68,5,61.0,15598.4,14601.2,997.2,6.39
TXN100462,Apparel,Kids Wear,Central,Monsoon,313.11,385.96,6,37.0,2315.76,1878.66,437.1,18.88
TXN100463,Apparel,Men's Wear,West,Spring,479.92,616.35,2,53.0,1232.7,959.84,272.86,22.14
TXN100464,Apparel,Winter Wear,East,Summer,103.73,115.65,6,111.0,693.9,622.38,71.52,10.31
TXN100465,Home & Kitchen,Cookware,North,Spring,473.11,561.46,8,67.0,4491.68,3784.88,706.8,15.74
TXN100466,Grocery,Staples,South,Festive,362.78,393.7,15,6.0,5905.5,5441.7,463.8,7.85
TXN100467,Beauty & Personal Care,Haircare,East,Summer,236.29,268.62,8,43.0,2148.96,1890.32,258.64,12.04
TXN100468,Beauty & Personal Care,Makeup,Central,Monsoon,57.44,66.33,7,59.0,464.31,402.08,62.23,13.4
TXN100469,Apparel,Men's Wear,South,Festive,65.4,76.36,8,102.0,610.88,523.2,87.68,14.35
TXN100470,Home & Kitchen,Decor,West,Monsoon,233.6,273.83,10,56.0,2738.3,2336.0,402.3,14.69
TXN100471,Beauty & Personal Care,Skincare,South,Winter,474.24,614.71,5,20.0,3073.55,2371.2,702.35,22.85
TXN100472,Grocery,Beverages,West,Summer,149.41,135.65,14,14.0,1899.1,2091.74,-192.64,-10.14
TXN100473,Grocery,Frozen Foods,North,Spring,103.3,111.58,20,3.0,2231.6,2066.0,165.6,7.42
TXN100474,Home & Kitchen,Furniture,Central,Winter,70.41,82.32,7,41.0,576.24,492.87,83.37,14.47
TXN100475,Home & Kitchen,Cookware,North,Summer,148.92,169.07,4,90.0,676.28,595.68,80.6,11.92
TXN100476,Home & Kitchen,Storage,South,Monsoon,73.23,88.31,7,56.0,618.17,512.61,105.56,17.08
TXN100477,Apparel,Footwear,Central,Festive,307.35,360.83,8,108.0,2886.64,2458.8,427.84,14.82
TXN100478,Electronics,Laptops,Central,Winter,2978.67,3246.27,7,66.0,22723.89,20850.69,1873.2,8.24
TXN100479,Grocery,Dairy,East,Spring,30.68,31.99,24,12.0,767.76,736.32,31.44,4.1
TXN100480,Apparel,Footwear,East,Festive,245.27,302.21,7,82.0,2115.47,1716.89,398.58,18.84
TXN100481,Home & Kitchen,Cookware,East,Summer,95.65,109.66,6,73.0,657.96,573.9,84.06,12.78
TXN100482,Home & Kitchen,Appliances,Central,Winter,89.62,109.24,6,81.0,655.44,537.72,117.72,17.96
TXN100483,Electronics,Headphones,South,Summer,1099.59,1210.97,6,38.0,7265.82,6597.54,668.28,9.2
TXN100484,Home & Kitchen,Appliances,East,Summer,268.3,334.15,10,43.0,3341.5,2683.0,658.5,19.71
TXN100485,Grocery,Snacks,South,Monsoon,176.43,183.65,18,12.0,3305.7,3175.74,129.96,3.93
TXN100486,Apparel,Kids Wear,North,Winter,152.45,195.52,11,116.0,2150.72,1676.95,473.77,22.03
TXN100487,Electronics,Headphones,Central,Festive,463.49,506.73,4,29.0,2026.92,1853.96,172.96,8.53
TXN100488,Grocery,Dairy,Central,Festive,63.58,67.64,17,8.0,1149.88,1080.86,69.02,6.0
TXN100489,Grocery,Staples,Central,Monsoon,276.01,300.84,11,5.0,3309.24,3036.11,273.13,8.25
TXN100490,Apparel,Women's Wear,North,Festive,420.09,567.27,6,40.0,3403.62,2520.54,883.08,25.95
TXN100491,Home & Kitchen,Furniture,Central,Monsoon,296.83,348.38,3,78.0,1045.14,890.49,154.65,14.8
TXN100492,Grocery,Staples,South,Festive,153.28,156.96,15,16.0,2354.4,2299.2,55.2,2.34
TXN100493,Electronics,Smartphones,South,Summer,2573.99,2837.71,6,36.0,17026.26,15443.94,1582.32,9.29
TXN100494,Apparel,Winter Wear,West,Spring,417.8,505.29,10,95.0,5052.9,4178.0,874.9,17.31
TXN100495,Grocery,Dairy,North,Summer,197.64,189.18,20,17.0,3783.6,3952.8,-169.2,-4.47
TXN100496,Apparel,Kids Wear,South,Monsoon,163.15,190.18,9,105.0,1711.62,1468.35,243.27,14.21
TXN100497,Beauty & Personal Care,Makeup,North,Winter,341.43,400.23,5,49.0,2001.15,1707.15,294.0,14.69
TXN100498,Home & Kitchen,Decor,Central,Monsoon,31.48,37.22,4,77.0,148.88,125.92,22.96,15.42
TXN100499,Grocery,Staples,North,Spring,299.99,313.29,19,5.0,5952.51,5699.81,252.7,4.25
TXN100500,Home & Kitchen,Decor,Central,Spring,165.13,204.31,12,41.0,2451.72,1981.56,470.16,19.18
TXN100501,Electronics,Cameras,East,Summer,2231.88,2454.93,8,37.0,19639.44,17855.04,1784.4,9.09
TXN100502,Grocery,Staples,North,Spring,498.37,511.94,7,13.0,3583.58,3488.59,94.99,2.65
TXN100503,Home & Kitchen,Cookware,Central,Spring,224.21,263.78,5,74.0,1318.9,1121.05,197.85,15.0
TXN100504,Electronics,Accessories,South,Winter,333.57,335.22,3,67.0,1005.66,1000.71,4.95,0.49
TXN100505,Home & Kitchen,Storage,South,Spring,335.98,380.22,7,76.0,2661.54,2351.86,309.68,11.64
TXN100506,Grocery,Snacks,West,Summer,286.87,281.86,17,19.0,4791.62,4876.79,-85.17,-1.78
TXN100507,Beauty & Personal Care,Grooming,North,Festive,268.64,357.97,11,45.0,3937.67,2955.04,982.63,24.95
TXN100508,Apparel,Kids Wear,Central,Winter,294.9,375.5,4,49.0,1502.0,1179.6,322.4,21.46
TXN100509,Apparel,Men's Wear,Central,Festive,164.46,172.77,3,94.0,518.31,493.38,24.93,4.81
TXN100510,Apparel,Winter Wear,East,Spring,470.86,594.74,9,81.0,5352.66,4237.74,1114.92,20.83
TXN100511,Electronics,Accessories,North,Spring,2722.26,3068.22,7,46.0,21477.54,19055.82,2421.72,11.28
TXN100512,Beauty & Personal Care,Skincare,South,Monsoon,397.23,505.77,5,39.0,2528.85,1986.15,542.7,21.46
TXN100513,Electronics,Cameras,North,Spring,2920.78,3141.29,4,40.0,12565.16,11683.12,882.04,7.02
TXN100514,Home & Kitchen,Storage,South,Summer,119.89,143.93,9,64.0,1295.37,1079.01,216.36,16.7
TXN100515,Apparel,Kids Wear,West,Monsoon,246.68,309.0,7,118.0,2163.0,1726.76,436.24,20.17
TXN100516,Grocery,Staples,East,Monsoon,368.9,357.3,19,14.0,6788.7,7009.1,-220.4,-3.25
TXN100517,Electronics,Cameras,West,Spring,976.62,1084.71,5,29.0,5423.55,4883.1,540.45,9.96
TXN100518,Apparel,Kids Wear,Central,Summer,186.08,234.61,7,62.0,1642.27,1302.56,339.71,20.69
TXN100519,Beauty & Personal Care,Haircare,East,Festive,457.74,653.82,7,29.0,4576.74,3204.18,1372.56,29.99
TXN100520,Beauty & Personal Care,Grooming,East,Winter,137.02,167.63,4,21.0,670.52,548.08,122.44,18.26
TXN100521,Home & Kitchen,Decor,East,Summer,161.77,196.19,11,59.0,2158.09,1779.47,378.62,17.54
TXN100522,Grocery,Beverages,South,Spring,495.62,518.48,10,9.0,5184.8,4956.2,228.6,4.41
TXN100523,Grocery,Staples,East,Summer,206.76,209.83,19,16.0,3986.77,3928.44,58.33,1.46
TXN100524,Home & Kitchen,Cookware,West,Monsoon,114.65,115.74,8,86.0,925.92,917.2,8.72,0.94
TXN100525,Electronics,Headphones,South,Winter,2129.94,2334.58,5,29.0,11672.9,10649.7,1023.2,8.77
TXN100526,Grocery,Frozen Foods,West,Spring,174.79,184.24,17,11.0,3132.08,2971.43,160.65,5.13
TXN100527,Electronics,Accessories,North,Winter,752.35,846.86,4,34.0,3387.44,3009.4,378.04,11.16
TXN100528,Home & Kitchen,Appliances,South,Spring,248.17,295.52,7,48.0,2068.64,1737.19,331.45,16.02
TXN100529,Apparel,Winter Wear,South,Summer,453.61,541.66,8,47.0,4333.28,3628.88,704.4,16.26
TXN100530,Grocery,Frozen Foods,South,Summer,159.56,164.53,13,14.0,2138.89,2074.28,64.61,3.02
TXN100531,Home & Kitchen,Furniture,Central,Monsoon,492.63,568.37,4,60.0,2273.48,1970.52,302.96,13.33
TXN100532,Home & Kitchen,Storage,West,Monsoon,41.13,45.42,7,97.0,317.94,287.91,30.03,9.45
TXN100533,Apparel,Men's Wear,East,Summer,413.66,436.29,7,114.0,3054.03,2895.62,158.41,5.19
TXN100534,Apparel,Kids Wear,East,Festive,313.48,407.71,6,51.0,2446.26,1880.88,565.38,23.11
TXN100535,Electronics,Accessories,Central,Spring,2973.41,3276.35,3,34.0,9829.05,8920.23,908.82,9.25
TXN100536,Electronics,Smartphones,North,Spring,2285.32,2313.83,2,56.0,4627.66,4570.64,57.02,1.23
TXN100537,Apparel,Women's Wear,North,Winter,38.68,47.65,3,44.0,142.95,116.04,26.91,18.82
TXN100538,Home & Kitchen,Decor,South,Festive,366.04,453.76,8,88.0,3630.08,2928.32,701.76,19.33
TXN100539,Apparel,Winter Wear,East,Festive,59.86,71.15,7,59.0,498.05,419.02,79.03,15.87
TXN100540,Grocery,Beverages,South,Monsoon,212.29,231.73,20,7.0,4634.6,4245.8,388.8,8.39
TXN100541,Electronics,Cameras,East,Winter,1988.5,1939.76,4,52.0,7759.04,7954.0,-194.96,-2.51
TXN100542,Home & Kitchen,Cookware,North,Monsoon,97.86,115.41,11,41.0,1269.51,1076.46,193.05,15.21
TXN100543,Grocery,Frozen Foods,South,Spring,19.94,21.31,13,11.0,277.03,259.22,17.81,6.43
TXN100544,Beauty & Personal Care,Makeup,East,Monsoon,493.1,564.98,5,54.0,2824.9,2465.5,359.4,12.72
TXN100545,Apparel,Men's Wear,Central,Winter,414.4,433.32,13,111.0,5633.16,5387.2,245.96,4.37
TXN100546,Beauty & Personal Care,Fragrances,South,Monsoon,416.72,469.97,5,54.0,2349.85,2083.6,266.25,11.33
TXN100547,Electronics,Cameras,Central,Summer,2302.65,2289.18,5,60.0,11445.9,11513.25,-67.35,-0.59
TXN100548,Electronics,Laptops,East,Winter,1055.02,1134.21,12,51.0,13610.52,12660.24,950.28,6.98
TXN100549,Apparel,Winter Wear,Central,Spring,426.49,564.62,5,62.0,2823.1,2132.45,690.65,24.46
TXN100550,Beauty & Personal Care,Makeup,East,Winter,33.5,40.35,5,42.0,201.75,167.5,34.25,16.98
TXN100551,Electronics,Accessories,Central,Spring,434.46,462.96,5,51.0,2314.8,2172.3,142.5,6.16
TXN100552,Apparel,Winter Wear,Central,Monsoon,213.95,237.05,7,92.0,1659.35,1497.65,161.7,9.74
TXN100553,Home & Kitchen,Decor,North,Spring,374.02,426.43,7,85.0,2985.01,2618.14,366.87,12.29
TXN100554,Electronics,Laptops,Central,Monsoon,1591.59,1786.65,6,32.0,10719.9,9549.54,1170.36,10.92
TXN100555,Electronics,Smartphones,West,Winter,2407.75,2370.69,5,67.0,11853.45,12038.75,-185.3,-1.56
TXN100556,Home & Kitchen,Furniture,Central,Monsoon,395.61,460.94,7,61.0,3226.58,2769.27,457.31,14.17
TXN100557,Apparel,Winter Wear,Central,Summer,217.95,262.99,6,68.0,1577.94,1307.7,270.24,17.13
TXN100558,Home & Kitchen,Cookware,Central,Summer,168.71,183.09,11,93.0,2013.99,1855.81,158.18,7.85
TXN100559,Home & Kitchen,Storage,South,Monsoon,42.88,46.08,10,86.0,460.8,428.8,32.0,6.94
TXN100560,Apparel,Women's Wear,East,Festive,141.33,179.33,4,,717.32,565.32,152.0,21.19
TXN100561,Electronics,Smartphones,North,Monsoon,1636.86,1775.62,5,31.0,8878.1,8184.3,693.8,7.81
TXN100562,Apparel,Women's Wear,Central,Monsoon,432.0,521.12,9,70.0,4690.08,3888.0,802.08,17.1
TXN100563,Beauty & Personal Care,Makeup,Central,Winter,88.94,124.45,5,27.0,622.25,444.7,177.55,28.53
TXN100564,Grocery,Beverages,Central,Winter,210.53,195.88,15,16.0,2938.2,3157.95,-219.75,-7.48
TXN100565,Apparel,Winter Wear,West,Spring,272.73,342.65,5,69.0,1713.25,1363.65,349.6,20.41
TXN100566,Apparel,Winter Wear,West,Summer,109.73,123.78,5,109.0,618.9,548.65,70.25,11.35
TXN100567,Apparel,Kids Wear,West,Spring,261.1,332.33,9,33.0,2990.97,2349.9,641.07,21.43
TXN100568,Apparel,Winter Wear,South,Summer,22.0,28.92,2,31.0,57.84,44.0,13.84,23.93
TXN100569,Beauty & Personal Care,Fragrances,East,Summer,181.43,218.33,12,51.0,2619.96,2177.16,442.8,16.9
TXN100570,Beauty & Personal Care,Fragrances,North,Monsoon,353.37,417.75,8,57.0,3342.0,2826.96,515.04,15.41
TXN100571,Home & Kitchen,Furniture,North,Winter,218.8,259.8,4,49.0,1039.2,875.2,164.0,15.78
TXN100572,Home & Kitchen,Cookware,East,Monsoon,106.28,125.7,7,50.0,879.9,743.96,135.94,15.45
TXN100573,Beauty & Personal Care,Haircare,East,Festive,398.06,502.68,6,26.0,3016.08,2388.36,627.72,20.81
TXN100574,Grocery,Staples,South,Festive,166.57,174.87,15,10.0,2623.05,2498.55,124.5,4.75
TXN100575,Electronics,Smartphones,Central,Festive,1552.21,1691.15,4,39.0,6764.6,6208.84,555.76,8.22
TXN100576,Apparel,Women's Wear,West,Summer,386.25,458.43,8,41.0,3667.44,3090.0,577.44,15.75
TXN100577,Electronics,Smartphones,East,Spring,1626.03,1816.18,5,51.0,9080.9,8130.15,950.75,10.47
TXN100578,Grocery,Snacks,West,Spring,284.31,295.83,11,4.0,3254.13,3127.41,126.72,3.89
TXN100579,Home & Kitchen,Furniture,Central,Summer,253.36,276.53,7,95.0,1935.71,1773.52,162.19,8.38
TXN100580,Grocery,Frozen Foods,East,Summer,349.0,363.65,17,15.0,6182.05,5933.0,249.05,4.03
TXN100581,Electronics,Headphones,Central,Summer,150.82,146.79,8,,1174.32,1206.56,-32.24,-2.75
TXN100582,Apparel,Men's Wear,Central,Festive,188.89,235.95,10,97.0,2359.5,1888.9,470.6,19.94
TXN100583,Grocery,Snacks,Central,Summer,268.26,244.88,11,13.0,2693.68,2950.86,-257.18,-9.55
TXN100584,Electronics,Cameras,East,Spring,720.89,703.26,7,55.0,4922.82,5046.23,-123.41,-2.51
TXN100585,Apparel,Kids Wear,Central,Festive,130.42,168.35,9,104.0,1515.15,1173.78,341.37,22.53
TXN100586,Home & Kitchen,Storage,North,Summer,370.78,453.94,4,44.0,1815.76,1483.12,332.64,18.32
TXN100587,Apparel,Winter Wear,West,Spring,382.26,501.34,12,71.0,6016.08,4587.12,1428.96,23.75
TXN100588,Apparel,Footwear,South,Winter,30.2,32.2,5,92.0,161.0,151.0,10.0,6.21
TXN100589,Apparel,Kids Wear,North,Festive,54.16,69.48,7,83.0,486.36,379.12,107.24,22.05
TXN100590,Electronics,Smartphones,West,Monsoon,1123.5,1265.8,6,45.0,7594.8,6741.0,853.8,11.24
TXN100591,Apparel,Footwear,North,Winter,204.64,241.09,8,115.0,1928.72,1637.12,291.6,15.12
TXN100592,Beauty & Personal Care,Grooming,West,Monsoon,97.23,133.05,8,31.0,1064.4,777.84,286.56,26.92
TXN100593,Electronics,Headphones,North,Monsoon,2250.3,2361.08,7,58.0,16527.56,15752.1,775.46,4.69
TXN100594,Beauty & Personal Care,Grooming,North,Summer,456.33,623.61,5,40.0,3118.05,2281.65,836.4,26.82
TXN100595,Grocery,Frozen Foods,North,Monsoon,472.22,471.06,14,12.0,6594.84,6611.08,-16.24,-0.25
TXN100596,Beauty & Personal Care,Fragrances,South,Spring,219.78,262.37,11,58.0,2886.07,2417.58,468.49,16.23
TXN100597,Apparel,Footwear,South,Winter,481.2,572.07,7,96.0,4004.49,3368.4,636.09,15.88
TXN100598,Electronics,Smartphones,Central,Spring,758.21,837.48,7,29.0,5862.36,5307.47,554.89,9.47
TXN100599,Apparel,Footwear,East,Monsoon,304.67,333.42,2,83.0,666.84,609.34,57.5,8.62
TXN100600,Electronics,Smartphones,North,Monsoon,2198.99,2046.26,6,67.0,12277.56,13193.94,-916.38,-7.46
TXN100601,Grocery,Snacks,South,Festive,227.04,244.29,23,11.0,5618.67,5221.92,396.75,7.06
TXN100602,Grocery,Staples,Central,Summer,400.13,378.99,14,13.0,5305.86,5601.82,-295.96,-5.58
TXN100603,Home & Kitchen,Furniture,East,Spring,152.78,192.04,6,67.0,1152.24,916.68,235.56,20.44
TXN100604,Electronics,Laptops,West,Winter,1513.85,1688.24,9,40.0,15194.16,13624.65,1569.51,10.33
TXN100605,Apparel,Footwear,Central,Monsoon,170.34,208.01,8,45.0,1664.08,1362.72,301.36,18.11
TXN100606,Electronics,Smartphones,South,Monsoon,2287.31,2465.7,18,28.0,44382.6,41171.58,3211.02,7.23
TXN100607,Grocery,Frozen Foods,Central,Winter,275.17,287.64,20,3.0,5752.8,5503.4,249.4,4.34
TXN100608,Electronics,Smartphones,South,Monsoon,535.97,583.19,7,36.0,4082.33,3751.79,330.54,8.1
TXN100609,Electronics,Smartphones,Central,Summer,587.89,646.65,9,58.0,5819.85,5291.01,528.84,9.09
TXN100610,Home & Kitchen,Appliances,Central,Festive,241.34,289.55,9,55.0,2605.95,2172.06,433.89,16.65
TXN100611,Home & Kitchen,Furniture,North,Winter,65.6,79.5,7,82.0,556.5,459.2,97.3,17.48
TXN100612,Grocery,Beverages,West,Monsoon,210.63,230.13,17,8.0,3912.21,3580.71,331.5,8.47
TXN100613,Beauty & Personal Care,Makeup,Central,Summer,279.08,374.45,3,,1123.35,837.24,286.11,25.47
TXN100614,Home & Kitchen,Decor,South,Winter,422.34,486.3,2,58.0,972.6,844.68,127.92,13.15
TXN100615,Home & Kitchen,Appliances,North,Monsoon,35.79,41.43,6,58.0,248.58,214.74,33.84,13.61
TXN100616,Apparel,Winter Wear,North,Monsoon,149.85,198.33,7,68.0,1388.31,1048.95,339.36,24.44
TXN100617,Electronics,Smartphones,West,Winter,1823.88,2015.41,7,31.0,14107.87,12767.16,1340.71,9.5
TXN100618,Apparel,Men's Wear,South,Monsoon,19.64,25.63,15,73.0,384.45,294.6,89.85,23.37
TXN100619,Apparel,Women's Wear,North,Festive,450.63,579.65,4,46.0,2318.6,1802.52,516.08,22.26
TXN100620,Home & Kitchen,Storage,North,Summer,219.57,279.79,8,52.0,2238.32,1756.56,481.76,21.52
TXN100621,Home & Kitchen,Storage,South,Monsoon,315.65,370.75,8,68.0,2966.0,2525.2,440.8,14.86
TXN100622,Electronics,Accessories,North,Festive,280.91,293.24,6,63.0,1759.44,1685.46,73.98,4.2
TXN100623,Home & Kitchen,Furniture,West,Winter,81.36,93.92,9,68.0,845.28,732.24,113.04,13.37
TXN100624,Grocery,Snacks,West,Summer,195.79,179.87,16,13.0,2877.92,3132.64,-254.72,-8.85
TXN100625,Electronics,Cameras,South,Monsoon,2241.32,2384.92,6,34.0,14309.52,13447.92,861.6,6.02
TXN100626,Apparel,Winter Wear,South,Summer,120.08,152.93,4,93.0,611.72,480.32,131.4,21.48
TXN100627,Grocery,Beverages,Central,Spring,415.64,432.83,16,7.0,6925.28,6650.24,275.04,3.97
TXN100628,Grocery,Frozen Foods,South,Monsoon,103.32,110.19,15,4.0,1652.85,1549.8,103.05,6.23
TXN100629,Home & Kitchen,Cookware,East,Festive,478.72,576.35,10,81.0,5763.5,4787.2,976.3,16.94
TXN100630,Apparel,Kids Wear,North,Festive,165.8,199.45,12,115.0,2393.4,1989.6,403.8,16.87
TXN100631,Home & Kitchen,Storage,East,Summer,352.06,422.62,7,49.0,2958.34,2464.42,493.92,16.7
TXN100632,Grocery,Frozen Foods,East,Summer,149.91,158.59,15,9.0,2378.85,2248.65,130.2,5.47
TXN100633,Home & Kitchen,Appliances,West,Winter,206.41,242.92,10,51.0,2429.2,2064.1,365.1,15.03
TXN100634,Electronics,Smartphones,Central,Winter,2214.99,2080.09,5,53.0,10400.45,11074.95,-674.5,-6.49
TXN100635,Home & Kitchen,Appliances,,Winter,376.6,405.03,4,86.0,1620.12,1506.4,113.72,7.02
TXN100636,Electronics,Cameras,North,Festive,1995.17,1815.8,8,53.0,14526.4,15961.36,-1434.96,-9.88
TXN100637,Beauty & Personal Care,Makeup,North,Festive,474.26,583.96,8,45.0,4671.68,3794.08,877.6,18.79
TXN100638,Apparel,Kids Wear,West,Spring,202.46,241.47,5,114.0,1207.35,1012.3,195.05,16.16
TXN100639,Electronics,Accessories,North,Summer,1740.79,1851.35,11,54.0,20364.85,19148.69,1216.16,5.97
TXN100640,Apparel,Kids Wear,South,Festive,384.79,465.15,11,54.0,5116.65,4232.69,883.96,17.28
TXN100641,Home & Kitchen,Storage,West,Winter,446.11,463.09,9,83.0,4167.81,4014.99,152.82,3.67
TXN100642,Beauty & Personal Care,Grooming,West,Summer,432.88,565.62,9,23.0,5090.58,3895.92,1194.66,23.47
TXN100643,Beauty & Personal Care,Makeup,West,Spring,358.97,475.41,10,26.0,4754.1,3589.7,1164.4,24.49
TXN100644,Apparel,Winter Wear,West,Winter,407.81,523.07,5,95.0,2615.35,2039.05,576.3,22.04
TXN100645,Home & Kitchen,Cookware,East,Festive,10.12,11.86,7,41.0,83.02,70.84,12.18,14.67
TXN100646,Apparel,Winter Wear,Central,Winter,265.72,342.32,13,51.0,4450.16,3454.36,995.8,22.38
TXN100647,Electronics,Cameras,Central,Spring,797.83,866.82,7,37.0,6067.74,5584.81,482.93,7.96
TXN100648,Grocery,Frozen Foods,North,Spring,298.16,320.3,17,11.0,5445.1,5068.72,376.38,6.91
TXN100649,Electronics,Accessories,Central,Spring,1725.09,1724.71,8,66.0,13797.68,13800.72,-3.04,-0.02
TXN100650,Home & Kitchen,Decor,North,Summer,474.46,503.46,7,94.0,3524.22,3321.22,203.0,5.76
TXN100651,Beauty & Personal Care,Skincare,North,Spring,36.45,45.03,5,48.0,225.15,182.25,42.9,19.05
TXN100652,Home & Kitchen,Decor,West,Winter,370.68,375.54,3,94.0,1126.62,1112.04,14.58,1.29
TXN100653,Beauty & Personal Care,Skincare,South,Spring,447.89,561.4,7,,3929.8,3135.23,794.57,20.22
TXN100654,Beauty & Personal Care,Grooming,West,Monsoon,238.23,312.6,7,25.0,2188.2,1667.61,520.59,23.79
TXN100655,Apparel,Footwear,Central,Monsoon,450.93,577.68,4,119.0,2310.72,1803.72,507.0,21.94
TXN100656,Apparel,Women's Wear,South,Winter,180.53,220.42,3,99.0,661.26,541.59,119.67,18.1
TXN100657,Apparel,Footwear,West,Festive,415.68,510.63,8,94.0,4085.04,3325.44,759.6,18.59
TXN100658,Electronics,Headphones,Central,Winter,2128.05,2339.51,4,29.0,9358.04,8512.2,845.84,9.04
TXN100659,Apparel,Kids Wear,Central,Winter,420.29,464.63,4,88.0,1858.52,1681.16,177.36,9.54
TXN100660,Grocery,Beverages,Central,Summer,463.07,435.01,20,13.0,8700.2,9261.4,-561.2,-6.45
TXN100661,Beauty & Personal Care,Grooming,West,Summer,274.0,346.99,8,34.0,2775.92,2192.0,583.92,21.04
TXN100662,Apparel,Men's Wear,South,Winter,121.47,153.16,9,68.0,1378.44,1093.23,285.21,20.69
TXN100663,Electronics,Cameras,North,Winter,1909.68,2070.28,9,25.0,18632.52,17187.12,1445.4,7.76
TXN100664,Electronics,Headphones,East,Monsoon,2198.64,2414.65,11,47.0,26561.15,24185.04,2376.11,8.95
TXN100665,Beauty & Personal Care,Grooming,Central,Summer,339.34,451.09,7,36.0,3157.63,2375.38,782.25,24.77
TXN100666,Electronics,Cameras,South,Spring,1452.8,1576.95,5,37.0,7884.75,7264.0,620.75,7.87
TXN100667,Electronics,Smartphones,South,Festive,84.71,90.51,8,64.0,724.08,677.68,46.4,6.41
TXN100668,Apparel,Women's Wear,East,Festive,53.43,63.66,7,86.0,445.62,374.01,71.61,16.07
TXN100669,Electronics,Laptops,East,Spring,2047.71,1954.88,6,69.0,11729.28,12286.26,-556.98,-4.75
TXN100670,Grocery,Beverages,East,Spring,455.05,461.38,25,19.0,11534.5,11376.25,158.25,1.37
TXN100671,Home & Kitchen,Appliances,Central,Monsoon,103.5,126.46,4,55.0,505.84,414.0,91.84,18.16
TXN100672,Home & Kitchen,Storage,South,Monsoon,294.18,333.18,7,81.0,2332.26,2059.26,273.0,11.71
TXN100673,Beauty & Personal Care,Haircare,South,Winter,251.12,330.38,8,28.0,2643.04,2008.96,634.08,23.99
TXN100674,Electronics,Laptops,North,Winter,1171.71,1318.74,9,41.0,11868.66,10545.39,1323.27,11.15
TXN100675,Grocery,Snacks,East,Monsoon,134.57,142.63,21,18.0,2995.23,2825.97,169.26,5.65
TXN100676,Electronics,Smartphones,East,Summer,1960.74,2157.23,4,47.0,8628.92,7842.96,785.96,9.11
TXN100677,Apparel,Kids Wear,South,Winter,433.85,547.45,5,115.0,2737.25,2169.25,568.0,20.75
TXN100678,Apparel,Kids Wear,West,Monsoon,110.58,135.99,13,61.0,1767.87,1437.54,330.33,18.69
TXN100679,Home & Kitchen,Furniture,East,Spring,310.63,395.39,1,42.0,395.39,310.63,84.76,21.44
TXN100680,Beauty & Personal Care,Haircare,South,Summer,133.38,171.61,9,20.0,1544.49,1200.42,344.07,22.28
TXN100681,Home & Kitchen,Cookware,East,Spring,236.27,299.67,7,59.0,2097.69,1653.89,443.8,21.16
TXN100682,Grocery,Staples,South,Summer,79.17,75.04,18,16.0,1350.72,1425.06,-74.34,-5.5
TXN100683,Home & Kitchen,Decor,North,Spring,42.31,51.58,8,43.0,412.64,338.48,74.16,17.97
TXN100684,Apparel,Winter Wear,North,Summer,372.5,434.94,8,78.0,3479.52,2980.0,499.52,14.36
TXN100685,Beauty & Personal Care,Fragrances,Central,Summer,219.64,281.03,11,23.0,3091.33,2416.04,675.29,21.84
TXN100686,Apparel,Kids Wear,East,Monsoon,259.85,296.79,5,107.0,1483.95,1299.25,184.7,12.45
TXN100687,Grocery,Frozen Foods,South,Spring,235.33,247.45,13,6.0,3216.85,3059.29,157.56,4.9
TXN100688,Apparel,Men's Wear,West,Festive,241.42,314.0,7,58.0,2198.0,1689.94,508.06,23.11
TXN100689,Grocery,Staples,West,Monsoon,37.79,40.58,24,6.0,973.92,906.96,66.96,6.88
TXN100690,Apparel,Winter Wear,East,Winter,180.65,193.76,5,76.0,968.8,903.25,65.55,6.77
TXN100691,Beauty & Personal Care,Haircare,North,Festive,267.35,304.99,8,42.0,2439.92,2138.8,301.12,12.34
TXN100692,Home & Kitchen,Furniture,West,Spring,346.88,420.12,8,67.0,3360.96,2775.04,585.92,17.43
TXN100693,Grocery,Beverages,South,Winter,442.2,461.83,18,13.0,8312.94,7959.6,353.34,4.25
TXN100694,Electronics,Cameras,East,Monsoon,1339.52,1282.21,4,50.0,5128.84,5358.08,-229.24,-4.47
TXN100695,Apparel,Men's Wear,Central,Monsoon,129.22,168.42,10,36.0,1684.2,1292.2,392.0,23.28
TXN100696,Electronics,Accessories,East,Monsoon,1637.33,1822.31,7,30.0,12756.17,11461.31,1294.86,10.15
TXN100697,Apparel,Women's Wear,North,Winter,498.46,595.71,7,106.0,4169.97,3489.22,680.75,16.33
TXN100698,Home & Kitchen,Decor,West,Spring,105.64,119.51,7,86.0,836.57,739.48,97.09,11.61
TXN100699,Home & Kitchen,Storage,North,Monsoon,25.0,29.67,6,69.0,178.02,150.0,28.02,15.74
TXN100700,Electronics,Smartphones,South,Summer,1443.76,1611.04,3,44.0,4833.12,4331.28,501.84,10.38
TXN100701,Grocery,Beverages,South,Summer,459.32,490.83,12,15.0,5889.96,5511.84,378.12,6.42
TXN100702,Grocery,Frozen Foods,Central,Monsoon,339.12,343.17,18,14.0,6177.06,6104.16,72.9,1.18
TXN100703,Home & Kitchen,Furniture,West,Winter,157.47,182.87,6,86.0,1097.22,944.82,152.4,13.89
TXN100704,Grocery,Staples,South,Summer,62.31,62.7,14,14.0,877.8,872.34,5.46,0.62
TXN100705,Electronics,Laptops,Central,Spring,1544.74,1522.33,9,50.0,13700.97,13902.66,-201.69,-1.47
TXN100706,Electronics,Smartphones,Central,Spring,1896.28,2130.45,8,37.0,17043.6,15170.24,1873.36,10.99
TXN100707,Beauty & Personal Care,Makeup,South,Monsoon,267.3,343.84,8,22.0,2750.72,2138.4,612.32,22.26
TXN100708,Electronics,Cameras,West,Summer,2098.9,2234.15,6,37.0,13404.9,12593.4,811.5,6.05
TXN100709,Electronics,Smartphones,East,Festive,2411.06,2426.98,6,60.0,14561.88,14466.36,95.52,0.66
TXN100710,Apparel,Women's Wear,East,Winter,62.13,75.3,6,84.0,451.8,372.78,79.02,17.49
TXN100711,Home & Kitchen,Decor,West,Festive,192.04,211.37,4,86.0,845.48,768.16,77.32,9.15
TXN100712,Grocery,Dairy,South,Festive,475.09,517.63,14,8.0,7246.82,6651.26,595.56,8.22
TXN100713,Electronics,Laptops,West,Festive,529.83,527.2,9,54.0,4744.8,4768.47,-23.67,-0.5
TXN100714,Electronics,Cameras,South,Summer,2815.7,3150.58,8,45.0,25204.64,22525.6,2679.04,10.63
TXN100715,Grocery,Frozen Foods,East,Monsoon,426.12,430.88,23,17.0,9910.24,9800.76,109.48,1.1
TXN100716,Home & Kitchen,Appliances,North,Summer,164.24,171.71,14,96.0,2403.94,2299.36,104.58,4.35
TXN100717,Home & Kitchen,Storage,Central,Summer,83.2,100.52,2,89.0,201.04,166.4,34.64,17.23
TXN100718,Grocery,Staples,West,Festive,389.9,360.85,19,14.0,6856.15,7408.1,-551.95,-8.05
TXN100719,Apparel,Men's Wear,South,Monsoon,274.28,364.02,6,41.0,2184.12,1645.68,538.44,24.65
TXN100720,Grocery,Frozen Foods,South,Spring,50.11,53.02,17,6.0,901.34,851.87,49.47,5.49
TXN100721,Apparel,Footwear,South,Summer,144.18,147.45,11,103.0,1621.95,1585.98,35.97,2.22
TXN100722,Home & Kitchen,Decor,West,Summer,15.41,17.65,5,99.0,88.25,77.05,11.2,12.69
TXN100723,Beauty & Personal Care,Makeup,South,Festive,477.01,584.77,7,52.0,4093.39,3339.07,754.32,18.43
TXN100724,Home & Kitchen,Appliances,South,Summer,211.15,228.65,8,84.0,1829.2,1689.2,140.0,7.65
TXN100725,Electronics,Headphones,South,Winter,91.97,100.73,7,61.0,705.11,643.79,61.32,8.7
TXN100726,Home & Kitchen,Appliances,East,Monsoon,171.26,208.84,9,43.0,1879.56,1541.34,338.22,17.99
TXN100727,Home & Kitchen,Decor,North,Monsoon,288.84,346.53,8,59.0,2772.24,2310.72,461.52,16.65
TXN100728,Home & Kitchen,Storage,East,Monsoon,157.9,168.49,5,77.0,842.45,789.5,52.95,6.29
TXN100729,Beauty & Personal Care,Fragrances,West,Winter,144.78,198.39,3,31.0,595.17,434.34,160.83,27.02
TXN100730,Apparel,Women's Wear,South,Summer,351.31,430.74,4,56.0,1722.96,1405.24,317.72,18.44
TXN100731,Grocery,Frozen Foods,East,Winter,236.09,226.72,17,12.0,3854.24,4013.53,-159.29,-4.13
TXN100732,Apparel,Winter Wear,Central,Spring,179.79,196.39,2,117.0,392.78,359.58,33.2,8.45
TXN100733,Apparel,Kids Wear,North,Spring,26.68,33.42,8,79.0,267.36,213.44,53.92,20.17
TXN100734,Apparel,Kids Wear,Central,Summer,31.66,38.28,6,98.0,229.68,189.96,39.72,17.29
TXN100735,Home & Kitchen,Decor,Central,Spring,281.38,350.32,3,42.0,1050.96,844.14,206.82,19.68
TXN100736,Apparel,Footwear,South,Monsoon,326.12,400.48,8,56.0,3203.84,2608.96,594.88,18.57
TXN100737,Grocery,Frozen Foods,East,Festive,305.43,328.26,14,6.0,4595.64,4276.02,319.62,6.95
TXN100738,Electronics,Laptops,North,Winter,2665.36,2980.89,7,32.0,20866.23,18657.52,2208.71,10.59
TXN100739,Apparel,Men's Wear,East,Festive,81.0,101.52,2,65.0,203.04,162.0,41.04,20.21
TXN100740,Electronics,Laptops,South,Monsoon,1315.12,1473.82,10,41.0,14738.2,13151.2,1587.0,10.77
TXN100741,Grocery,Frozen Foods,West,Spring,107.68,104.33,18,15.0,1877.94,1938.24,-60.3,-3.21
TXN100742,Grocery,Beverages,East,Monsoon,162.71,178.89,18,10.0,3220.02,2928.78,291.24,9.04
TXN100743,Apparel,Men's Wear,South,Festive,36.14,48.99,8,73.0,391.92,289.12,102.8,26.23
TXN100744,Home & Kitchen,Appliances,Central,Spring,383.64,453.99,7,66.0,3177.93,2685.48,492.45,15.5
TXN100745,Electronics,Headphones,North,Monsoon,2666.37,2917.27,6,39.0,17503.62,15998.22,1505.4,8.6
TXN100746,Apparel,Kids Wear,Central,Festive,140.97,176.68,6,68.0,1060.08,845.82,214.26,20.21
TXN100747,Apparel,Footwear,South,Festive,344.83,407.3,9,106.0,3665.7,3103.47,562.23,15.34
TXN100748,Apparel,Winter Wear,East,Summer,445.7,577.12,11,52.0,6348.32,4902.7,1445.62,22.77
TXN100749,Beauty & Personal Care,Fragrances,West,Summer,441.04,566.27,5,24.0,2831.35,2205.2,626.15,22.11
TXN100750,Apparel,Footwear,East,Spring,79.12,92.31,3,106.0,276.93,237.36,39.57,14.29
TXN100751,Electronics,Headphones,North,Festive,296.86,331.98,11,42.0,3651.78,3265.46,386.32,10.58
TXN100752,Home & Kitchen,Cookware,North,Festive,342.77,366.83,9,,3301.47,3084.93,216.54,6.56
TXN100753,Electronics,Accessories,South,Summer,2186.42,2381.68,8,26.0,19053.44,17491.36,1562.08,8.2
TXN100754,Home & Kitchen,Appliances,Central,Monsoon,342.57,394.08,7,93.0,2758.56,2397.99,360.57,13.07
TXN100755,Beauty & Personal Care,Haircare,East,Spring,396.46,508.76,5,26.0,2543.8,1982.3,561.5,22.07
TXN100756,Grocery,Beverages,North,Spring,41.94,43.74,9,4.0,393.66,377.46,16.2,4.12
TXN100757,Apparel,Women's Wear,South,Winter,81.09,105.32,10,32.0,1053.2,810.9,242.3,23.01
TXN100758,Grocery,Beverages,East,Spring,196.82,186.53,15,19.0,2797.95,2952.3,-154.35,-5.52
TXN100759,Grocery,Staples,West,Summer,446.98,489.37,7,6.0,3425.59,3128.86,296.73,8.66
TXN100760,Electronics,Headphones,Central,Winter,737.27,834.91,6,26.0,5009.46,4423.62,585.84,11.69
TXN100761,Apparel,Winter Wear,East,Summer,38.81,50.61,11,59.0,556.71,426.91,129.8,23.32
TXN100762,Electronics,Smartphones,Central,Festive,2990.36,3119.95,5,63.0,15599.75,14951.8,647.95,4.15
TXN100763,Apparel,Women's Wear,South,Festive,251.79,328.77,4,66.0,1315.08,1007.16,307.92,23.41
TXN100764,Apparel,Winter Wear,South,Summer,357.2,410.15,7,,2871.05,2500.4,370.65,12.91
TXN100765,Apparel,Men's Wear,West,Winter,220.37,247.83,6,82.0,1486.98,1322.22,164.76,11.08
TXN100766,Home & Kitchen,Cookware,East,Spring,35.57,40.95,2,41.0,81.9,71.14,10.76,13.14
TXN100767,Beauty & Personal Care,Haircare,Central,Winter,88.45,114.02,9,28.0,1026.18,796.05,230.13,22.43
TXN100768,Grocery,Dairy,East,Summer,437.29,460.69,11,11.0,5067.59,4810.19,257.4,5.08
TXN100769,Apparel,Winter Wear,West,Summer,268.43,289.93,10,94.0,2899.3,2684.3,215.0,7.42
TXN100770,Home & Kitchen,Storage,Central,Spring,176.46,224.4,7,49.0,1570.8,1235.22,335.58,21.36
TXN100771,Electronics,Headphones,South,Summer,2665.87,2940.78,11,69.0,32348.58,29324.57,3024.01,9.35
TXN100772,Grocery,Frozen Foods,North,Winter,406.46,436.91,9,16.0,3932.19,3658.14,274.05,6.97
TXN100773,Beauty & Personal Care,Makeup,North,Spring,315.97,380.34,7,57.0,2662.38,2211.79,450.59,16.92
TXN100774,Apparel,Footwear,North,Summer,205.0,265.41,5,35.0,1327.05,1025.0,302.05,22.76
TXN100775,Electronics,Laptops,South,Summer,333.07,309.45,8,68.0,2475.6,2664.56,-188.96,-7.63
TXN100776,Electronics,Cameras,South,Monsoon,2074.44,2251.7,8,32.0,18013.6,16595.52,1418.08,7.87
TXN100777,Apparel,Kids Wear,Central,Monsoon,213.87,255.76,4,73.0,1023.04,855.48,167.56,16.38
TXN100778,Apparel,Winter Wear,West,Winter,86.62,112.28,5,31.0,561.4,433.1,128.3,22.85
TXN100779,Electronics,Accessories,Central,Winter,1787.89,1857.73,9,60.0,16719.57,16091.01,628.56,3.76
TXN100780,Grocery,Frozen Foods,North,Monsoon,84.17,82.76,19,,1572.44,1599.23,-26.79,-1.7
TXN100781,Grocery,Beverages,Central,Summer,25.26,25.45,9,19.0,229.05,227.34,1.71,0.75
TXN100782,Grocery,Beverages,East,Winter,72.4,79.22,20,11.0,1584.4,1448.0,136.4,8.61
TXN100783,Apparel,Men's Wear,North,Monsoon,45.61,60.31,7,45.0,422.17,319.27,102.9,24.37
TXN100784,Apparel,Kids Wear,South,Summer,175.95,199.97,8,78.0,1599.76,1407.6,192.16,12.01
TXN100785,Electronics,Cameras,North,Festive,2434.96,2567.57,11,39.0,28243.27,26784.56,1458.71,5.16
TXN100786,Apparel,Footwear,East,Festive,433.09,544.87,7,67.0,3814.09,3031.63,782.46,20.51
TXN100787,Home & Kitchen,Furniture,South,Festive,36.39,42.18,9,66.0,379.62,327.51,52.11,13.73
TXN100788,Apparel,Women's Wear,West,Winter,65.31,78.3,15,91.0,1174.5,979.65,194.85,16.59
TXN100789,Apparel,Women's Wear,East,Spring,293.84,375.64,8,48.0,3005.12,2350.72,654.4,21.78
TXN100790,Electronics,Smartphones,South,Summer,2334.92,2514.07,8,45.0,20112.56,18679.36,1433.2,7.13
TXN100791,Apparel,Women's Wear,South,Festive,296.03,383.61,4,52.0,1534.44,1184.12,350.32,22.83
TXN100792,Electronics,Headphones,South,Winter,1302.7,1249.06,10,48.0,12490.6,13027.0,-536.4,-4.29
TXN100793,Apparel,Men's Wear,Central,Spring,230.34,303.35,7,,2123.45,1612.38,511.07,24.07
TXN100794,Home & Kitchen,Decor,West,Monsoon,139.74,149.75,3,71.0,449.25,419.22,30.03,6.68
TXN100795,Apparel,Men's Wear,South,Winter,174.69,217.4,6,71.0,1304.4,1048.14,256.26,19.65
TXN100796,Electronics,Cameras,Central,Spring,2976.51,3179.59,5,27.0,15897.95,14882.55,1015.4,6.39
TXN100797,Beauty & Personal Care,Skincare,East,Monsoon,390.31,467.85,8,51.0,3742.8,3122.48,620.32,16.57
TXN100798,Electronics,Smartphones,South,Monsoon,1730.99,1590.29,4,62.0,6361.16,6923.96,-562.8,-8.85
TXN100799,Home & Kitchen,Furniture,East,Spring,214.75,225.87,3,85.0,677.61,644.25,33.36,4.92
TXN100800,Beauty & Personal Care,Haircare,South,Spring,446.7,576.07,10,43.0,5760.7,4467.0,1293.7,22.46
TXN100801,Grocery,Frozen Foods,Central,Summer,102.21,99.46,27,19.0,2685.42,2759.67,-74.25,-2.76
TXN100802,Grocery,Dairy,South,Monsoon,34.04,35.61,10,5.0,356.1,340.4,15.7,4.41
TXN100803,Apparel,Women's Wear,East,Winter,333.27,411.59,6,60.0,2469.54,1999.62,469.92,19.03
TXN100804,Grocery,Snacks,South,Festive,253.39,269.51,20,11.0,5390.2,5067.8,322.4,5.98
TXN100805,Apparel,Footwear,North,Monsoon,84.8,112.04,5,61.0,560.2,424.0,136.2,24.31
TXN100806,Grocery,Staples,East,Monsoon,316.21,324.62,13,15.0,4220.06,4110.73,109.33,2.59
TXN100807,Grocery,Staples,West,Monsoon,275.12,301.98,19,5.0,5737.62,5227.28,510.34,8.89
TXN100808,Grocery,Frozen Foods,South,Summer,271.11,292.33,16,8.0,4677.28,4337.76,339.52,7.26
TXN100809,Grocery,Frozen Foods,West,Monsoon,441.25,454.61,10,19.0,4546.1,4412.5,133.6,2.94
TXN100810,Apparel,Men's Wear,Central,Summer,83.72,92.26,6,91.0,553.56,502.32,51.24,9.26
TXN100811,Apparel,Footwear,South,Spring,139.96,168.23,6,75.0,1009.38,839.76,169.62,16.8
TXN100812,Grocery,Staples,Central,Monsoon,284.28,301.76,20,4.0,6035.2,5685.6,349.6,5.79
TXN100813,Home & Kitchen,Cookware,East,Spring,380.78,460.37,7,52.0,3222.59,2665.46,557.13,17.29
TXN100814,Apparel,Women's Wear,South,Winter,372.03,452.37,5,65.0,2261.85,1860.15,401.7,17.76
TXN100815,Electronics,Smartphones,North,Monsoon,1649.18,1625.37,3,62.0,4876.11,4947.54,-71.43,-1.46
TXN100816,Grocery,Frozen Foods,Central,Winter,207.58,220.54,13,7.0,2867.02,2698.54,168.48,5.88
TXN100817,Electronics,Accessories,West,Festive,1058.04,1121.81,10,37.0,11218.1,10580.4,637.7,5.68
TXN100818,Home & Kitchen,Storage,West,Winter,48.55,56.61,8,96.0,452.88,388.4,64.48,14.24
TXN100819,Home & Kitchen,Furniture,East,Summer,394.7,442.07,10,85.0,4420.7,3947.0,473.7,10.72
TXN100820,Home & Kitchen,Storage,North,Spring,58.35,71.44,6,45.0,428.64,350.1,78.54,18.32
TXN100821,Home & Kitchen,Storage,East,Spring,249.93,300.12,10,45.0,3001.2,2499.3,501.9,16.72
TXN100822,Home & Kitchen,Cookware,North,Festive,390.89,457.25,12,50.0,5487.0,4690.68,796.32,14.51
TXN100823,Electronics,Headphones,Central,Summer,2227.67,2448.68,7,26.0,17140.76,15593.69,1547.07,9.03
TXN100824,Grocery,Frozen Foods,North,Spring,345.19,360.76,21,7.0,7575.96,7248.99,326.97,4.32
TXN100825,Electronics,Cameras,South,Spring,2221.15,2075.32,9,49.0,18677.88,19990.35,-1312.47,-7.03
TXN100826,Electronics,Headphones,Central,Festive,1996.45,2147.26,6,64.0,12883.56,11978.7,904.86,7.02
TXN100827,Grocery,Staples,West,Summer,369.69,353.01,17,16.0,6001.17,6284.73,-283.56,-4.73
TXN100828,Electronics,Headphones,East,Monsoon,184.83,176.75,5,60.0,883.75,924.15,-40.4,-4.57
TXN100829,Electronics,Headphones,East,Winter,2244.11,2506.56,11,27.0,27572.16,24685.21,2886.95,10.47
TXN100830,Electronics,Laptops,South,Summer,737.5,724.86,7,66.0,5074.02,5162.5,-88.48,-1.74
TXN100831,Apparel,Men's Wear,North,Winter,36.66,44.7,6,105.0,268.2,219.96,48.24,17.99
TXN100832,Home & Kitchen,Appliances,West,Festive,156.54,170.15,5,83.0,850.75,782.7,68.05,8.0
TXN100833,Home & Kitchen,Furniture,Central,Winter,132.68,161.06,9,87.0,1449.54,1194.12,255.42,17.62
TXN100834,Grocery,Dairy,South,Summer,38.44,41.58,13,3.0,540.54,499.72,40.82,7.55
TXN100835,Apparel,Women's Wear,West,Winter,11.24,11.52,6,101.0,69.12,67.44,1.68,2.43
TXN100836,Grocery,Beverages,West,Spring,64.27,68.2,14,5.0,954.8,899.78,55.02,5.76
TXN100837,Beauty & Personal Care,Haircare,East,Winter,142.65,182.59,6,42.0,1095.54,855.9,239.64,21.87
TXN100838,Apparel,Footwear,North,Summer,173.77,191.41,9,102.0,1722.69,1563.93,158.76,9.22
TXN100839,Grocery,Dairy,North,Summer,93.93,103.13,17,11.0,1753.21,1596.81,156.4,8.92
TXN100840,Beauty & Personal Care,Fragrances,North,Winter,51.14,65.52,8,32.0,524.16,409.12,115.04,21.95
TXN100841,Beauty & Personal Care,Haircare,Central,Festive,143.03,165.32,12,54.0,1983.84,1716.36,267.48,13.48
TXN100842,Beauty & Personal Care,Grooming,Central,Festive,220.0,287.44,10,40.0,2874.4,2200.0,674.4,23.46
TXN100843,Apparel,Footwear,North,Monsoon,111.23,119.43,4,104.0,477.72,444.92,32.8,6.87
TXN100844,Apparel,Women's Wear,North,Festive,177.79,239.99,4,32.0,959.96,711.16,248.8,25.92
TXN100845,Home & Kitchen,Cookware,North,Winter,435.39,453.14,4,77.0,1812.56,1741.56,71.0,3.92
TXN100846,Electronics,Laptops,North,Winter,1098.83,1243.86,8,30.0,9950.88,8790.64,1160.24,11.66
TXN100847,Home & Kitchen,Cookware,South,Monsoon,407.87,479.33,9,54.0,4313.97,3670.83,643.14,14.91
TXN100848,Beauty & Personal Care,Fragrances,Central,Summer,434.77,555.2,2,47.0,1110.4,869.54,240.86,21.69
TXN100849,Apparel,Women's Wear,Central,Spring,216.06,258.58,12,33.0,3102.96,2592.72,510.24,16.44
TXN100850,Home & Kitchen,Furniture,Central,Summer,499.43,611.95,5,42.0,3059.75,2497.15,562.6,18.39
TXN100851,Electronics,Headphones,South,Spring,2330.79,2486.97,7,42.0,17408.79,16315.53,1093.26,6.28
TXN100852,Grocery,Staples,West,Winter,429.59,469.52,20,8.0,9390.4,8591.8,798.6,8.5
TXN100853,Home & Kitchen,Appliances,West,Winter,62.09,76.78,4,99.0,307.12,248.36,58.76,19.13
TXN100854,Grocery,Frozen Foods,South,Festive,18.92,20.49,7,19.0,143.43,132.44,10.99,7.66
TXN100855,Grocery,Staples,North,Winter,330.86,349.81,16,18.0,5596.96,5293.76,303.2,5.42
TXN100856,Apparel,Footwear,Central,Monsoon,99.41,127.67,5,67.0,638.35,497.05,141.3,22.14
TXN100857,Apparel,Kids Wear,West,Monsoon,472.72,537.53,3,94.0,1612.59,1418.16,194.43,12.06
TXN100858,Electronics,Smartphones,West,Monsoon,2124.97,2232.28,9,59.0,20090.52,19124.73,965.79,4.81
TXN100859,Apparel,Winter Wear,East,Summer,155.68,196.16,3,38.0,588.48,467.04,121.44,20.64
TXN100860,Apparel,Kids Wear,West,Festive,479.86,643.29,8,36.0,5146.32,3838.88,1307.44,25.41
TXN100861,Grocery,Beverages,East,Monsoon,421.76,397.58,12,17.0,4770.96,5061.12,-290.16,-6.08
TXN100862,Home & Kitchen,Appliances,North,Monsoon,421.42,504.38,8,65.0,4035.04,3371.36,663.68,16.45
TXN100863,Apparel,Women's Wear,North,Spring,222.17,286.58,5,54.0,1432.9,1110.85,322.05,22.48
TXN100864,Apparel,Winter Wear,North,Spring,258.75,298.55,7,119.0,2089.85,1811.25,278.6,13.33
TXN100865,Electronics,Cameras,East,Monsoon,600.99,620.15,8,69.0,4961.2,4807.92,153.28,3.09
TXN100866,Apparel,Men's Wear,South,Summer,397.18,521.09,10,94.0,5210.9,3971.8,1239.1,23.78
TXN100867,Home & Kitchen,Cookware,North,Festive,311.74,330.75,8,72.0,2646.0,2493.92,152.08,5.75
TXN100868,Beauty & Personal Care,Skincare,South,Spring,289.99,374.28,7,46.0,2619.96,2029.93,590.03,22.52
TXN100869,Grocery,Frozen Foods,North,Spring,184.71,201.33,14,3.0,2818.62,2585.94,232.68,8.26
TXN100870,Home & Kitchen,Cookware,West,Summer,451.58,482.97,3,92.0,1448.91,1354.74,94.17,6.5
TXN100871,Apparel,Kids Wear,South,Spring,184.52,229.41,8,58.0,1835.28,1476.16,359.12,19.57
TXN100872,Home & Kitchen,Cookware,South,Festive,470.83,506.5,9,71.0,4558.5,4237.47,321.03,7.04
TXN100873,Beauty & Personal Care,Fragrances,East,Summer,387.5,467.9,12,49.0,5614.8,4650.0,964.8,17.18
TXN100874,Electronics,Headphones,Central,Summer,2121.53,2329.75,7,39.0,16308.25,14850.71,1457.54,8.94
TXN100875,Home & Kitchen,Cookware,Central,Spring,216.32,254.46,8,63.0,2035.68,1730.56,305.12,14.99
TXN100876,Grocery,Beverages,South,Winter,394.41,413.35,15,,6200.25,5916.15,284.1,4.58
TXN100877,Beauty & Personal Care,Makeup,East,Winter,186.94,231.31,7,46.0,1619.17,1308.58,310.59,19.18
TXN100878,Electronics,Headphones,West,Monsoon,1315.46,1483.6,8,56.0,11868.8,10523.68,1345.12,11.33
TXN100879,Apparel,Winter Wear,North,Winter,208.12,235.33,5,103.0,1176.65,1040.6,136.05,11.56
TXN100880,Beauty & Personal Care,Fragrances,West,Winter,428.77,538.1,7,26.0,3766.7,3001.39,765.31,20.32
TXN100881,Beauty & Personal Care,Grooming,North,Monsoon,69.9,96.28,9,22.0,866.52,629.1,237.42,27.4
TXN100882,Electronics,Smartphones,South,Festive,2002.08,2201.11,8,30.0,17608.88,16016.64,1592.24,9.04
TXN100883,Home & Kitchen,Appliances,South,Winter,184.64,213.0,7,73.0,1491.0,1292.48,198.52,13.31
TXN100884,Home & Kitchen,Decor,West,Spring,246.13,306.8,5,80.0,1534.0,1230.65,303.35,19.78
TXN100885,Electronics,Cameras,East,Summer,2765.15,3125.55,6,45.0,18753.3,16590.9,2162.4,11.53
TXN100886,Home & Kitchen,Cookware,Central,Spring,345.03,407.03,7,65.0,2849.21,2415.21,434.0,15.23
TXN100887,Electronics,Headphones,North,Spring,2543.07,2818.16,6,45.0,16908.96,15258.42,1650.54,9.76
TXN100888,Grocery,Staples,West,Summer,355.46,375.32,18,6.0,6755.76,6398.28,357.48,5.29
TXN100889,Apparel,Footwear,West,Spring,175.4,189.64,8,90.0,1517.12,1403.2,113.92,7.51
TXN100890,Apparel,Winter Wear,West,Monsoon,240.91,320.16,5,69.0,1600.8,1204.55,396.25,24.75
TXN100891,Beauty & Personal Care,Haircare,,Monsoon,37.42,51.62,5,39.0,258.1,187.1,71.0,27.51
TXN100892,Home & Kitchen,Furniture,North,Summer,188.14,223.63,8,74.0,1789.04,1505.12,283.92,15.87
TXN100893,Apparel,Men's Wear,East,Winter,394.81,474.07,5,47.0,2370.35,1974.05,396.3,16.72
TXN100894,Apparel,Footwear,West,Summer,214.17,236.01,6,94.0,1416.06,1285.02,131.04,9.25
TXN100895,Apparel,Women's Wear,East,Spring,49.63,63.2,7,88.0,442.4,347.41,94.99,21.47
TXN100896,Electronics,Smartphones,West,Festive,592.64,644.06,5,46.0,3220.3,2963.2,257.1,7.98
TXN100897,Electronics,Accessories,North,Festive,2316.33,2366.56,6,67.0,14199.36,13897.98,301.38,2.12
TXN100898,Apparel,Men's Wear,,Festive,380.74,398.73,7,114.0,2791.11,2665.18,125.93,4.51
TXN100899,Electronics,Cameras,North,Winter,1218.03,1317.56,3,38.0,3952.68,3654.09,298.59,7.55
TXN100900,Home & Kitchen,Furniture,West,Winter,99.57,119.43,6,90.0,716.58,597.42,119.16,16.63
TXN100901,Electronics,Headphones,West,Summer,2031.72,2223.75,4,30.0,8895.0,8126.88,768.12,8.64
TXN100902,Apparel,Kids Wear,Central,Monsoon,233.56,296.69,5,43.0,1483.45,1167.8,315.65,21.28
TXN100903,Beauty & Personal Care,Fragrances,East,Festive,378.97,540.46,3,30.0,1621.38,1136.91,484.47,29.88
TXN100904,Apparel,Winter Wear,North,Monsoon,268.48,327.26,6,48.0,1963.56,1610.88,352.68,17.96
TXN100905,Grocery,Staples,North,Winter,110.27,104.18,17,15.0,1771.06,1874.59,-103.53,-5.85
TXN100906,Beauty & Personal Care,Skincare,West,Winter,265.28,333.82,7,48.0,2336.74,1856.96,479.78,20.53
TXN100907,Home & Kitchen,Appliances,North,Monsoon,463.41,559.84,3,50.0,1679.52,1390.23,289.29,17.22
TXN100908,Electronics,Accessories,West,Festive,1794.78,1887.79,9,28.0,16990.11,16153.02,837.09,4.93
TXN100909,Apparel,Winter Wear,South,Summer,450.36,519.3,8,97.0,4154.4,3602.88,551.52,13.28
TXN100910,Electronics,Cameras,North,Spring,1977.63,2195.83,8,55.0,17566.64,15821.04,1745.6,9.94
TXN100911,Apparel,Winter Wear,South,Monsoon,344.47,455.76,4,41.0,1823.04,1377.88,445.16,24.42
TXN100912,Apparel,Footwear,Central,Summer,113.64,129.11,4,111.0,516.44,454.56,61.88,11.98
TXN100913,Grocery,Staples,East,Festive,466.5,480.23,10,14.0,4802.3,4665.0,137.3,2.86
TXN100914,Apparel,Women's Wear,Central,Winter,300.11,381.69,7,74.0,2671.83,2100.77,571.06,21.37
TXN100915,Apparel,Men's Wear,West,Festive,87.99,106.03,7,68.0,742.21,615.93,126.28,17.01
TXN100916,Apparel,Winter Wear,North,Summer,119.51,158.23,13,74.0,2056.99,1553.63,503.36,24.47
TXN100917,Apparel,Winter Wear,South,Festive,171.8,201.09,8,86.0,1608.72,1374.4,234.32,14.57
TXN100918,Grocery,Snacks,South,Spring,71.91,76.87,15,11.0,1153.05,1078.65,74.4,6.45
TXN100919,Electronics,Smartphones,East,Monsoon,96.3,101.4,6,53.0,608.4,577.8,30.6,5.03
TXN100920,Home & Kitchen,Furniture,North,Monsoon,191.9,236.8,7,61.0,1657.6,1343.3,314.3,18.96
TXN100921,Home & Kitchen,Furniture,Central,Spring,164.49,174.24,9,81.0,1568.16,1480.41,87.75,5.6
TXN100922,Beauty & Personal Care,Haircare,North,Monsoon,166.86,205.89,9,53.0,1853.01,1501.74,351.27,18.96
TXN100923,Electronics,Cameras,West,Festive,2344.39,2629.56,8,31.0,21036.48,18755.12,2281.36,10.84
TXN100924,Apparel,Footwear,Central,Festive,18.92,23.21,7,71.0,162.47,132.44,30.03,18.48
TXN100925,Beauty & Personal Care,Haircare,West,Spring,140.57,180.66,7,48.0,1264.62,983.99,280.63,22.19
TXN100926,Home & Kitchen,Storage,West,Festive,490.67,551.05,10,92.0,5510.5,4906.7,603.8,10.96
TXN100927,Beauty & Personal Care,Fragrances,West,Festive,222.35,302.72,10,21.0,3027.2,2223.5,803.7,26.55
TXN100928,Electronics,Laptops,South,Festive,2202.58,2286.91,7,27.0,16008.37,15418.06,590.31,3.69
TXN100929,Home & Kitchen,Furniture,North,Spring,475.46,548.49,8,48.0,4387.92,3803.68,584.24,13.31
TXN100930,Electronics,Laptops,South,Summer,2102.45,2358.78,8,26.0,18870.24,16819.6,2050.64,10.87
TXN100931,Grocery,Snacks,South,Summer,390.23,422.68,9,5.0,3804.12,3512.07,292.05,7.68
TXN100932,Home & Kitchen,Decor,North,Summer,192.08,228.3,3,49.0,684.9,576.24,108.66,15.87
TXN100933,Beauty & Personal Care,Skincare,West,Spring,234.24,299.46,5,27.0,1497.3,1171.2,326.1,21.78
TXN100934,Apparel,Women's Wear,East,Winter,402.48,459.88,2,82.0,919.76,804.96,114.8,12.48
TXN100935,Home & Kitchen,Furniture,North,Spring,380.8,476.3,4,64.0,1905.2,1523.2,382.0,20.05
TXN100936,Electronics,Laptops,East,Summer,1502.61,1481.62,11,54.0,16297.82,16528.71,-230.89,-1.42
TXN100937,Electronics,Accessories,West,Monsoon,203.55,216.38,4,44.0,865.52,814.2,51.32,5.93
TXN100938,Grocery,Staples,North,Monsoon,120.13,115.11,16,13.0,1841.76,1922.08,-80.32,-4.36
TXN100939,Grocery,Staples,Central,Winter,277.83,251.32,23,19.0,5780.36,6390.09,-609.73,-10.55
TXN100940,Home & Kitchen,Cookware,West,Spring,217.97,241.46,10,89.0,2414.6,2179.7,234.9,9.73
TXN100941,Electronics,Smartphones,Central,Festive,1123.56,1014.92,7,69.0,7104.44,7864.92,-760.48,-10.7
TXN100942,Grocery,Frozen Foods,South,Festive,78.31,76.4,15,17.0,1146.0,1174.65,-28.65,-2.5
TXN100943,Beauty & Personal Care,Skincare,North,Winter,127.33,159.63,10,,1596.3,1273.3,323.0,20.23
TXN100944,Apparel,Winter Wear,North,Festive,187.18,227.32,4,114.0,909.28,748.72,160.56,17.66
TXN100945,Beauty & Personal Care,Fragrances,Central,Monsoon,471.54,649.72,9,28.0,5847.48,4243.86,1603.62,27.42
TXN100946,Electronics,Smartphones,North,Spring,2608.84,2833.64,6,39.0,17001.84,15653.04,1348.8,7.93
TXN100947,Home & Kitchen,Appliances,North,Festive,331.51,395.5,8,74.0,3164.0,2652.08,511.92,16.18
TXN100948,Grocery,Snacks,North,Summer,100.08,95.71,14,12.0,1339.94,1401.12,-61.18,-4.57
TXN100949,Electronics,Smartphones,South,Summer,175.29,192.29,7,43.0,1346.03,1227.03,119.0,8.84
TXN100950,Home & Kitchen,Decor,West,Festive,494.71,580.52,7,99.0,4063.64,3462.97,600.67,14.78
TXN100951,Apparel,Kids Wear,South,Festive,117.63,144.49,7,117.0,1011.43,823.41,188.02,18.59
TXN100952,Electronics,Accessories,North,Spring,616.78,654.23,7,50.0,4579.61,4317.46,262.15,5.72
TXN100953,Beauty & Personal Care,Grooming,Central,Summer,323.9,419.3,6,31.0,2515.8,1943.4,572.4,22.75
TXN100954,Home & Kitchen,Appliances,South,Spring,493.45,584.92,6,69.0,3509.52,2960.7,548.82,15.64
TXN100955,Home & Kitchen,Furniture,South,Winter,100.93,126.11,5,64.0,630.55,504.65,125.9,19.97
TXN100956,Apparel,Footwear,West,Festive,192.0,230.27,5,102.0,1151.35,960.0,191.35,16.62
TXN100957,Electronics,Headphones,Central,Monsoon,1195.48,1291.61,12,42.0,15499.32,14345.76,1153.56,7.44
TXN100958,Apparel,Men's Wear,Central,Spring,352.3,424.87,7,39.0,2974.09,2466.1,507.99,17.08
TXN100959,Electronics,Smartphones,North,Spring,1984.96,2250.98,12,36.0,27011.76,23819.52,3192.24,11.82
TXN100960,Home & Kitchen,Storage,North,Festive,18.52,21.09,7,95.0,147.63,129.64,17.99,12.19
TXN100961,Grocery,Staples,South,Winter,245.05,229.11,21,18.0,4811.31,5146.05,-334.74,-6.96
TXN100962,Grocery,Beverages,North,Winter,463.78,495.01,17,9.0,8415.17,7884.26,530.91,6.31
TXN100963,Apparel,Women's Wear,North,Winter,312.28,395.74,4,81.0,1582.96,1249.12,333.84,21.09
TXN100964,Electronics,Smartphones,West,Summer,1357.69,1487.67,4,41.0,5950.68,5430.76,519.92,8.74
TXN100965,Apparel,Footwear,South,Summer,349.3,419.12,9,102.0,3772.08,3143.7,628.38,16.66
TXN100966,Apparel,Winter Wear,South,Monsoon,446.98,551.41,8,49.0,4411.28,3575.84,835.44,18.94
TXN100967,Beauty & Personal Care,Skincare,East,Spring,165.86,206.86,6,31.0,1241.16,995.16,246.0,19.82
TXN100968,Electronics,Headphones,East,Festive,1269.01,1238.6,5,51.0,6193.0,6345.05,-152.05,-2.46
TXN100969,Electronics,Headphones,Central,Winter,1471.18,1664.87,6,33.0,9989.22,8827.08,1162.14,11.63
TXN100970,Home & Kitchen,Furniture,South,Summer,258.21,298.04,7,44.0,2086.28,1807.47,278.81,13.36
TXN100971,Home & Kitchen,Storage,West,Spring,468.54,566.71,6,47.0,3400.26,2811.24,589.02,17.32
TXN100972,Grocery,Dairy,West,Spring,118.97,116.34,16,19.0,1861.44,1903.52,-42.08,-2.26
TXN100973,Electronics,Cameras,Central,Spring,1794.46,1753.51,9,65.0,15781.59,16150.14,-368.55,-2.34
TXN100974,Home & Kitchen,Cookware,North,Spring,89.79,95.28,9,73.0,857.52,808.11,49.41,5.76
TXN100975,Grocery,Snacks,North,Festive,294.19,310.15,19,9.0,5892.85,5589.61,303.24,5.15
TXN100976,Grocery,Staples,Central,Winter,461.18,451.49,13,15.0,5869.37,5995.34,-125.97,-2.15
TXN100977,Home & Kitchen,Appliances,East,Spring,40.55,40.97,8,82.0,327.76,324.4,3.36,1.03
TXN100978,Home & Kitchen,Furniture,East,Festive,208.96,232.2,4,83.0,928.8,835.84,92.96,10.01
TXN100979,Apparel,Kids Wear,North,Winter,102.43,132.87,7,35.0,930.09,717.01,213.08,22.91
TXN100980,Electronics,Laptops,South,Summer,99.75,106.94,4,29.0,427.76,399.0,28.76,6.72
TXN100981,Beauty & Personal Care,Fragrances,West,Spring,311.07,351.18,3,57.0,1053.54,933.21,120.33,11.42
TXN100982,Home & Kitchen,Appliances,West,Spring,281.8,328.68,7,66.0,2300.76,1972.6,328.16,14.26
TXN100983,Grocery,Dairy,Central,Winter,284.65,307.57,15,18.0,4613.55,4269.75,343.8,7.45
TXN100984,Grocery,Dairy,West,Winter,116.18,109.61,8,14.0,876.88,929.44,-52.56,-5.99
TXN100985,Home & Kitchen,Cookware,West,Monsoon,239.47,302.1,6,60.0,1812.6,1436.82,375.78,20.73
TXN100986,Apparel,Kids Wear,South,Monsoon,490.99,638.76,11,67.0,7026.36,5400.89,1625.47,23.13
TXN100987,Home & Kitchen,Storage,Central,Spring,226.34,275.86,4,66.0,1103.44,905.36,198.08,17.95
TXN100988,Grocery,Snacks,West,Summer,404.56,434.67,13,18.0,5650.71,5259.28,391.43,6.93
TXN100989,Electronics,Cameras,East,Summer,867.69,934.35,5,28.0,4671.75,4338.45,333.3,7.13
TXN100990,Grocery,Snacks,North,Festive,285.84,299.25,15,13.0,4488.75,4287.6,201.15,4.48
TXN100991,Beauty & Personal Care,Makeup,East,Summer,68.67,95.33,6,31.0,571.98,412.02,159.96,27.97
TXN100992,Home & Kitchen,Cookware,North,Festive,12.91,14.93,8,48.0,119.44,103.28,16.16,13.53
TXN100993,Home & Kitchen,Storage,Central,Festive,276.33,326.96,6,97.0,1961.76,1657.98,303.78,15.49
TXN100994,Grocery,Frozen Foods,South,Monsoon,187.7,201.79,16,12.0,3228.64,3003.2,225.44,6.98
TXN100995,Apparel,Men's Wear,East,Spring,49.16,54.86,12,84.0,658.32,589.92,68.4,10.39
TXN100996,Beauty & Personal Care,Skincare,North,Spring,327.63,369.15,7,55.0,2584.05,2293.41,290.64,11.25
TXN100997,Beauty & Personal Care,Fragrances,Central,Summer,180.78,234.69,6,33.0,1408.14,1084.68,323.46,22.97
TXN100998,Apparel,Kids Wear,North,Summer,337.82,419.86,6,49.0,2519.16,2026.92,492.24,19.54
TXN100999,Electronics,Headphones,South,Festive,147.74,156.22,4,28.0,624.88,590.96,33.92,5.43
TXN101000,Apparel,Women's Wear,East,Monsoon,230.83,269.78,10,90.0,2697.8,2308.3,389.5,14.44
TXN101001,Apparel,Winter Wear,East,Summer,101.53,121.03,7,91.0,847.21,710.71,136.5,16.11
TXN101002,Grocery,Dairy,East,Festive,361.22,376.37,17,9.0,6398.29,6140.74,257.55,4.03
TXN101003,Home & Kitchen,Appliances,Central,Spring,205.49,257.3,6,69.0,1543.8,1232.94,310.86,20.14
TXN101004,Electronics,Laptops,North,Winter,1689.82,1794.01,4,29.0,7176.04,6759.28,416.76,5.81
TXN101005,Home & Kitchen,Storage,West,Monsoon,90.22,90.33,4,79.0,361.32,360.88,0.44,0.12
TXN101006,Apparel,Kids Wear,West,Festive,450.38,522.47,6,82.0,3134.82,2702.28,432.54,13.8
TXN101007,Home & Kitchen,Furniture,North,Winter,243.76,307.78,10,41.0,3077.8,2437.6,640.2,20.8
TXN101008,Electronics,Smartphones,South,Monsoon,255.05,280.73,10,28.0,2807.3,2550.5,256.8,9.15
TXN101009,Apparel,Kids Wear,East,Summer,103.43,131.77,5,66.0,658.85,517.15,141.7,21.51
TXN101010,Grocery,Dairy,East,Festive,334.77,344.36,16,16.0,5509.76,5356.32,153.44,2.78
TXN101011,Beauty & Personal Care,Skincare,West,Summer,52.39,64.45,3,34.0,193.35,157.17,36.18,18.71
TXN101012,Grocery,Dairy,North,Winter,400.81,433.91,16,11.0,6942.56,6412.96,529.6,7.63
TXN101013,Electronics,Smartphones,West,Summer,2763.9,3149.03,10,37.0,31490.3,27639.0,3851.3,12.23
TXN101014,Beauty & Personal Care,Haircare,North,Monsoon,240.5,269.53,7,49.0,1886.71,1683.5,203.21,10.77
TXN101015,Grocery,Frozen Foods,East,Winter,91.82,98.66,18,10.0,1775.88,1652.76,123.12,6.93
TXN101016,Apparel,Winter Wear,South,Summer,64.26,78.98,3,48.0,236.94,192.78,44.16,18.64
TXN101017,Grocery,Frozen Foods,North,Winter,152.63,142.0,12,17.0,1704.0,1831.56,-127.56,-7.49
TXN101018,Grocery,Beverages,South,Monsoon,343.68,328.12,13,12.0,4265.56,4467.84,-202.28,-4.74
TXN101019,Home & Kitchen,Storage,South,Summer,270.39,297.0,9,95.0,2673.0,2433.51,239.49,8.96
TXN101020,Beauty & Personal Care,Fragrances,West,Monsoon,91.13,114.89,8,55.0,919.12,729.04,190.08,20.68
TXN101021,Grocery,Dairy,South,Spring,30.6,31.79,16,16.0,508.64,489.6,19.04,3.74
TXN101022,Apparel,Footwear,,Summer,80.68,103.74,9,71.0,933.66,726.12,207.54,22.23
TXN101023,Electronics,Laptops,East,Monsoon,2296.27,2533.37,6,66.0,15200.22,13777.62,1422.6,9.36
TXN101024,Grocery,Dairy,North,Summer,351.79,342.12,24,18.0,8210.88,8442.96,-232.08,-2.83
TXN101025,Home & Kitchen,Storage,West,Festive,58.7,74.03,6,40.0,444.18,352.2,91.98,20.71
TXN101026,Electronics,Laptops,North,Spring,2278.61,2520.06,7,27.0,17640.42,15950.27,1690.15,9.58
TXN101027,Beauty & Personal Care,Haircare,West,Monsoon,342.66,455.8,6,25.0,2734.8,2055.96,678.84,24.82
TXN101028,Electronics,Cameras,North,Monsoon,1389.98,1489.91,10,56.0,14899.1,13899.8,999.3,6.71
TXN101029,Beauty & Personal Care,Skincare,East,Festive,324.94,414.56,7,23.0,2901.92,2274.58,627.34,21.62
TXN101030,Grocery,Snacks,West,Festive,348.52,319.16,18,13.0,5744.88,6273.36,-528.48,-9.2
TXN101031,Grocery,Dairy,South,Winter,351.13,385.41,14,5.0,5395.74,4915.82,479.92,8.89
TXN101032,Grocery,Staples,North,Monsoon,358.4,365.1,12,18.0,4381.2,4300.8,80.4,1.84
TXN101033,Electronics,Cameras,East,Festive,1781.41,1969.16,10,32.0,19691.6,17814.1,1877.5,9.53
TXN101034,Home & Kitchen,Storage,North,Summer,363.74,454.88,6,48.0,2729.28,2182.44,546.84,20.04
TXN101035,Apparel,Footwear,East,Festive,202.21,261.76,5,38.0,1308.8,1011.05,297.75,22.75
TXN101036,Apparel,Kids Wear,South,Spring,215.34,279.09,8,61.0,2232.72,1722.72,510.0,22.84
TXN101037,Electronics,Accessories,East,Summer,2570.55,2845.7,5,37.0,14228.5,12852.75,1375.75,9.67
TXN101038,Apparel,Women's Wear,West,Winter,74.01,99.08,7,42.0,693.56,518.07,175.49,25.3
TXN101039,Home & Kitchen,Storage,West,Monsoon,446.1,566.84,4,54.0,2267.36,1784.4,482.96,21.3
TXN101040,Apparel,Kids Wear,West,Summer,80.22,96.5,9,53.0,868.5,721.98,146.52,16.87
TXN101041,Electronics,Cameras,Central,Monsoon,2847.32,3044.54,7,40.0,21311.78,19931.24,1380.54,6.48
TXN101042,Home & Kitchen,Storage,Central,Summer,386.43,457.69,5,58.0,2288.45,1932.15,356.3,15.57
TXN101043,Apparel,Winter Wear,West,Winter,311.37,412.37,8,61.0,3298.96,2490.96,808.0,24.49
TXN101044,Home & Kitchen,Appliances,South,Winter,319.27,346.72,8,93.0,2773.76,2554.16,219.6,7.92
TXN101045,Grocery,Dairy,North,Spring,495.06,443.88,18,12.0,7989.84,8911.08,-921.24,-11.53
TXN101046,Home & Kitchen,Decor,East,Spring,131.21,167.27,8,44.0,1338.16,1049.68,288.48,21.56
TXN101047,Electronics,Accessories,North,Winter,815.49,909.79,8,36.0,7278.32,6523.92,754.4,10.37
TXN101048,Apparel,Footwear,North,Spring,421.61,566.7,8,69.0,4533.6,3372.88,1160.72,25.6
TXN101049,Apparel,Kids Wear,North,Monsoon,44.21,56.35,12,52.0,676.2,530.52,145.68,21.54
TXN101050,Home & Kitchen,Decor,West,Summer,301.18,368.63,10,46.0,3686.3,3011.8,674.5,18.3
TXN101051,Home & Kitchen,Appliances,Central,Spring,155.57,164.92,9,89.0,1484.28,1400.13,84.15,5.67
TXN101052,Electronics,Laptops,East,Summer,1940.63,2203.73,8,30.0,17629.84,15525.04,2104.8,11.94
TXN101053,Beauty & Personal Care,Makeup,South,Festive,355.79,450.8,7,22.0,3155.6,2490.53,665.07,21.08
TXN101054,Apparel,Women's Wear,South,Monsoon,34.68,38.44,9,106.0,345.96,312.12,33.84,9.78
TXN101055,Grocery,Dairy,South,Festive,338.8,362.97,23,12.0,8348.31,7792.4,555.91,6.66
TXN101056,Grocery,Staples,East,Monsoon,384.68,403.85,13,16.0,5250.05,5000.84,249.21,4.75
TXN101057,Electronics,Laptops,West,Winter,1827.98,1955.71,9,47.0,17601.39,16451.82,1149.57,6.53
TXN101058,Grocery,Staples,North,Spring,415.06,438.92,18,5.0,7900.56,7471.08,429.48,5.44
TXN101059,Grocery,Snacks,Central,Monsoon,394.52,433.54,12,9.0,5202.48,4734.24,468.24,9.0
TXN101060,Apparel,Winter Wear,South,Monsoon,187.12,242.85,9,31.0,2185.65,1684.08,501.57,22.95
TXN101061,Electronics,Accessories,South,Festive,1071.83,1144.05,11,37.0,12584.55,11790.13,794.42,6.31
TXN101062,Grocery,Dairy,North,Winter,410.37,429.49,22,16.0,9448.78,9028.14,420.64,4.45
TXN101063,Grocery,Dairy,South,Spring,10.09,10.24,10,18.0,102.4,100.9,1.5,1.46
TXN101064,Beauty & Personal Care,Makeup,North,Summer,328.57,419.9,5,21.0,2099.5,1642.85,456.65,21.75
TXN101065,Apparel,Kids Wear,West,Festive,354.84,366.23,7,,2563.61,2483.88,79.73,3.11
TXN101066,Apparel,Women's Wear,North,Summer,377.42,456.74,9,31.0,4110.66,3396.78,713.88,17.37
TXN101067,Grocery,Staples,North,Spring,18.25,18.67,15,14.0,280.05,273.75,6.3,2.25
TXN101068,Apparel,Winter Wear,South,Spring,22.33,28.21,5,112.0,141.05,111.65,29.4,20.84
TXN101069,Apparel,Kids Wear,North,Monsoon,298.98,334.11,6,106.0,2004.66,1793.88,210.78,10.51
TXN101070,Electronics,Cameras,West,Spring,2610.89,2878.06,5,41.0,14390.3,13054.45,1335.85,9.28
TXN101071,Home & Kitchen,Cookware,East,Monsoon,208.58,240.67,5,96.0,1203.35,1042.9,160.45,13.33
TXN101072,Apparel,Winter Wear,South,Festive,137.36,155.31,7,92.0,1087.17,961.52,125.65,11.56
TXN101073,Grocery,Staples,East,Summer,424.88,445.9,20,3.0,8918.0,8497.6,420.4,4.71
TXN101074,Grocery,Staples,East,Winter,393.5,423.13,14,9.0,5923.82,5509.0,414.82,7.0
TXN101075,Home & Kitchen,Appliances,South,Spring,409.65,480.64,6,44.0,2883.84,2457.9,425.94,14.77
TXN101076,Home & Kitchen,Furniture,West,Summer,114.04,113.37,8,77.0,906.96,912.32,-5.36,-0.59
TXN101077,Home & Kitchen,Storage,Central,Festive,276.96,348.12,7,74.0,2436.84,1938.72,498.12,20.44
TXN101078,Apparel,Winter Wear,Central,Spring,144.54,166.42,10,116.0,1664.2,1445.4,218.8,13.15
TXN101079,Apparel,Footwear,Central,Summer,381.69,448.18,4,88.0,1792.72,1526.76,265.96,14.84
TXN101080,Electronics,Accessories,Central,Monsoon,270.11,295.02,5,25.0,1475.1,1350.55,124.55,8.44
TXN101081,Grocery,Dairy,East,Spring,498.44,526.99,12,19.0,6323.88,5981.28,342.6,5.42
TXN101082,Electronics,Laptops,South,Spring,1835.46,1959.79,13,45.0,25477.27,23860.98,1616.29,6.34
TXN101083,Electronics,Laptops,East,Spring,1677.45,1802.75,5,69.0,9013.75,8387.25,626.5,6.95
TXN101084,Electronics,Headphones,South,Monsoon,801.71,899.82,7,36.0,6298.74,5611.97,686.77,10.9
TXN101085,Apparel,Women's Wear,East,Festive,213.79,246.03,9,103.0,2214.27,1924.11,290.16,13.1
TXN101086,Beauty & Personal Care,Grooming,East,Monsoon,311.99,363.71,7,47.0,2545.97,2183.93,362.04,14.22
TXN101087,Grocery,Staples,East,Spring,499.58,507.6,17,13.0,8629.2,8492.86,136.34,1.58
TXN101088,Beauty & Personal Care,Makeup,West,Monsoon,51.35,66.3,8,40.0,530.4,410.8,119.6,22.55
TXN101089,Electronics,Headphones,Central,Festive,213.86,220.84,12,58.0,2650.08,2566.32,83.76,3.16
TXN101090,Apparel,Women's Wear,South,Monsoon,370.42,488.38,5,32.0,2441.9,1852.1,589.8,24.15
TXN101091,Grocery,Frozen Foods,West,Summer,277.28,278.8,22,12.0,6133.6,6100.16,33.44,0.55
TXN101092,Electronics,Headphones,East,Winter,2433.95,2699.15,8,33.0,21593.2,19471.6,2121.6,9.83
TXN101093,Home & Kitchen,Cookware,South,Summer,127.94,139.26,11,73.0,1531.86,1407.34,124.52,8.13
TXN101094,Home & Kitchen,Storage,North,Summer,430.2,517.58,5,81.0,2587.9,2151.0,436.9,16.88
TXN101095,Home & Kitchen,Cookware,East,Winter,329.22,349.62,10,72.0,3496.2,3292.2,204.0,5.83
TXN101096,Grocery,Snacks,Central,Monsoon,345.58,379.1,9,10.0,3411.9,3110.22,301.68,8.84
TXN101097,Beauty & Personal Care,Fragrances,East,Festive,363.93,460.78,13,46.0,5990.14,4731.09,1259.05,21.02
TXN101098,Grocery,Snacks,East,Winter,415.23,438.93,14,10.0,6145.02,5813.22,331.8,5.4
TXN101099,Home & Kitchen,Decor,South,Spring,114.72,122.69,5,80.0,613.45,573.6,39.85,6.5
TXN101100,Apparel,Footwear,East,Monsoon,299.59,380.99,7,68.0,2666.93,2097.13,569.8,21.37
TXN101101,Grocery,Beverages,North,Monsoon,425.06,446.4,17,9.0,7588.8,7226.02,362.78,4.78
TXN101102,Home & Kitchen,Decor,Central,Festive,28.6,31.28,4,79.0,125.12,114.4,10.72,8.57
TXN101103,Grocery,Dairy,South,Festive,239.47,261.94,13,11.0,3405.22,3113.11,292.11,8.58
TXN101104,Apparel,Women's Wear,West,Spring,105.32,129.53,14,86.0,1813.42,1474.48,338.94,18.69
TXN101105,Home & Kitchen,Decor,Central,Monsoon,385.43,420.72,10,79.0,4207.2,3854.3,352.9,8.39
TXN101106,Beauty & Personal Care,Makeup,East,Monsoon,397.63,445.36,2,58.0,890.72,795.26,95.46,10.72
TXN101107,Beauty & Personal Care,Skincare,Central,Winter,240.93,317.71,8,23.0,2541.68,1927.44,614.24,24.17
TXN101108,Beauty & Personal Care,Fragrances,West,Summer,196.76,235.06,7,48.0,1645.42,1377.32,268.1,16.29
TXN101109,Apparel,Men's Wear,Central,Summer,20.68,27.18,11,58.0,298.98,227.48,71.5,23.91
TXN101110,Home & Kitchen,Furniture,Central,Summer,115.48,143.59,7,45.0,1005.13,808.36,196.77,19.58
TXN101111,Home & Kitchen,Furniture,Central,Summer,467.14,580.92,6,44.0,3485.52,2802.84,682.68,19.59
TXN101112,Grocery,Staples,Central,Spring,281.64,303.3,17,8.0,5156.1,4787.88,368.22,7.14
TXN101113,Grocery,Staples,North,Summer,324.98,310.99,19,18.0,5908.81,6174.62,-265.81,-4.5
TXN101114,Beauty & Personal Care,Makeup,Central,Monsoon,481.51,527.57,4,54.0,2110.28,1926.04,184.24,8.73
TXN101115,Home & Kitchen,Decor,West,Monsoon,233.39,269.58,3,42.0,808.74,700.17,108.57,13.42
TXN101116,Home & Kitchen,Decor,West,Spring,86.97,103.16,7,40.0,722.12,608.79,113.33,15.69
TXN101117,Home & Kitchen,Storage,North,Spring,470.21,583.36,5,43.0,2916.8,2351.05,565.75,19.4
TXN101118,Electronics,Laptops,Central,Spring,138.67,134.76,6,67.0,808.56,832.02,-23.46,-2.9
TXN101119,Electronics,Accessories,West,Winter,2896.74,3215.91,8,31.0,25727.28,23173.92,2553.36,9.92
TXN101120,Grocery,Dairy,Central,Monsoon,192.74,205.99,18,,3707.82,3469.32,238.5,6.43
TXN101121,Apparel,Men's Wear,South,Winter,106.63,122.41,5,94.0,612.05,533.15,78.9,12.89
TXN101122,Home & Kitchen,Appliances,South,Summer,196.93,211.31,7,71.0,1479.17,1378.51,100.66,6.81
TXN101123,Electronics,Cameras,South,Spring,825.23,890.62,8,33.0,7124.96,6601.84,523.12,7.34
TXN101124,Grocery,Snacks,East,Winter,92.59,88.85,16,15.0,1421.6,1481.44,-59.84,-4.21
TXN101125,Apparel,Kids Wear,South,Spring,352.32,429.63,6,109.0,2577.78,2113.92,463.86,17.99
TXN101126,Apparel,Men's Wear,West,Summer,329.72,385.11,6,102.0,2310.66,1978.32,332.34,14.38
TXN101127,Electronics,Laptops,West,Monsoon,407.09,438.73,8,42.0,3509.84,3256.72,253.12,7.21
TXN101128,Grocery,Beverages,South,Festive,284.91,269.1,17,17.0,4574.7,4843.47,-268.77,-5.88
TXN101129,Electronics,Cameras,,Festive,226.03,235.0,11,25.0,2585.0,2486.33,98.67,3.82
TXN101130,Home & Kitchen,Furniture,North,Spring,395.22,425.49,5,83.0,2127.45,1976.1,151.35,7.11
TXN101131,Electronics,Headphones,Central,Monsoon,2387.44,2579.71,9,44.0,23217.39,21486.96,1730.43,7.45
TXN101132,Apparel,Kids Wear,North,Winter,374.56,472.94,3,58.0,1418.82,1123.68,295.14,20.8
TXN101133,Grocery,Snacks,West,Spring,413.13,391.01,14,17.0,5474.14,5783.82,-309.68,-5.66
TXN101134,Electronics,Headphones,South,Winter,2282.36,2389.1,6,60.0,14334.6,13694.16,640.44,4.47
TXN101135,Apparel,Footwear,West,Monsoon,379.15,399.16,6,98.0,2394.96,2274.9,120.06,5.01
TXN101136,Apparel,Men's Wear,West,Festive,269.9,296.35,5,86.0,1481.75,1349.5,132.25,8.93
TXN101137,Beauty & Personal Care,Haircare,East,Festive,497.98,662.13,9,23.0,5959.17,4481.82,1477.35,24.79
TXN101138,Electronics,Cameras,North,Winter,69.18,76.26,10,43.0,762.6,691.8,70.8,9.28
TXN101139,Apparel,Winter Wear,East,Festive,110.66,123.73,5,109.0,618.65,553.3,65.35,10.56
TXN101140,Beauty & Personal Care,Haircare,South,Festive,157.76,180.23,4,54.0,720.92,631.04,89.88,12.47
TXN101141,Home & Kitchen,Furniture,East,Summer,411.7,457.15,6,90.0,2742.9,2470.2,272.7,9.94
TXN101142,Home & Kitchen,Storage,Central,Spring,309.0,371.7,4,66.0,1486.8,1236.0,250.8,16.87
TXN101143,Grocery,Staples,South,Winter,368.43,356.42,19,18.0,6771.98,7000.17,-228.19,-3.37
TXN101144,Apparel,Men's Wear,East,Festive,187.01,208.02,9,80.0,1872.18,1683.09,189.09,10.1
TXN101145,Apparel,Women's Wear,Central,Winter,348.45,424.73,12,87.0,5096.76,4181.4,915.36,17.96
TXN101146,Electronics,Smartphones,South,Winter,2206.56,2427.42,6,41.0,14564.52,13239.36,1325.16,9.1
TXN101147,Apparel,Men's Wear,West,Spring,87.83,112.16,6,93.0,672.96,526.98,145.98,21.69
TXN101148,Apparel,Men's Wear,North,Summer,216.62,271.98,9,34.0,2447.82,1949.58,498.24,20.35
TXN101149,Beauty & Personal Care,Grooming,East,Summer,326.03,373.94,7,45.0,2617.58,2282.21,335.37,12.81
TXN101150,Grocery,Frozen Foods,East,Winter,138.64,147.19,20,5.0,2943.8,2772.8,171.0,5.81
TXN101151,Apparel,Women's Wear,North,Winter,460.28,509.02,10,112.0,5090.2,4602.8,487.4,9.58
TXN101152,Electronics,Cameras,Central,Monsoon,301.92,335.17,9,37.0,3016.53,2717.28,299.25,9.92
TXN101153,Apparel,Winter Wear,West,Summer,499.37,623.46,6,88.0,3740.76,2996.22,744.54,19.9
TXN101154,Home & Kitchen,Storage,South,Winter,369.9,446.73,7,72.0,3127.11,2589.3,537.81,17.2
TXN101155,Grocery,Frozen Foods,West,Festive,324.45,340.85,15,5.0,5112.75,4866.75,246.0,4.81
TXN101156,Apparel,Footwear,West,Festive,318.39,429.44,10,47.0,4294.4,3183.9,1110.5,25.86
TXN101157,Apparel,Winter Wear,North,Winter,384.04,438.18,8,104.0,3505.44,3072.32,433.12,12.36
TXN101158,Apparel,Men's Wear,North,Summer,176.26,212.09,10,90.0,2120.9,1762.6,358.3,16.89
TXN101159,Electronics,Laptops,West,Summer,2756.75,2899.89,6,49.0,17399.34,16540.5,858.84,4.94
TXN101160,Grocery,Snacks,Central,Summer,172.27,179.45,18,10.0,3230.1,3100.86,129.24,4.0
TXN101161,Grocery,Staples,South,Spring,400.18,360.29,14,18.0,5044.06,5602.52,-558.46,-11.07
TXN101162,Electronics,Laptops,North,Summer,2375.21,2649.83,11,63.0,29148.13,26127.31,3020.82,10.36
TXN101163,Beauty & Personal Care,Skincare,West,Festive,322.65,459.35,9,,4134.15,2903.85,1230.3,29.76
TXN101164,Electronics,Accessories,North,Winter,510.01,504.67,7,59.0,3532.69,3570.07,-37.38,-1.06
TXN101165,Apparel,Women's Wear,North,Summer,462.68,499.53,8,87.0,3996.24,3701.44,294.8,7.38
TXN101166,Electronics,Accessories,Central,Spring,155.09,157.09,7,56.0,1099.63,1085.63,14.0,1.27
TXN101167,Home & Kitchen,Cookware,Central,Winter,411.67,491.62,6,71.0,2949.72,2470.02,479.7,16.26
TXN101168,Electronics,Cameras,East,Spring,1250.68,1383.14,6,44.0,8298.84,7504.08,794.76,9.58
TXN101169,Beauty & Personal Care,Haircare,East,Festive,130.4,162.13,7,34.0,1134.91,912.8,222.11,19.57
TXN101170,Grocery,Frozen Foods,North,Winter,224.98,244.77,11,10.0,2692.47,2474.78,217.69,8.09
TXN101171,Home & Kitchen,Decor,East,Spring,54.0,61.29,10,75.0,612.9,540.0,72.9,11.89
TXN101172,Apparel,Women's Wear,Central,Spring,78.53,97.98,5,74.0,489.9,392.65,97.25,19.85
TXN101173,Apparel,Kids Wear,West,Spring,57.09,69.77,12,54.0,837.24,685.08,152.16,18.17
TXN101174,Home & Kitchen,Furniture,North,Monsoon,185.85,204.3,8,99.0,1634.4,1486.8,147.6,9.03
TXN101175,Electronics,Laptops,Central,Summer,2068.99,2215.92,11,36.0,24375.12,22758.89,1616.23,6.63
TXN101176,Electronics,Cameras,North,Festive,2841.39,3061.58,9,37.0,27554.22,25572.51,1981.71,7.19
TXN101177,Grocery,Staples,North,Summer,27.4,30.06,17,7.0,511.02,465.8,45.22,8.85
TXN101178,Home & Kitchen,Furniture,West,Spring,214.7,251.36,3,70.0,754.08,644.1,109.98,14.58
TXN101179,Apparel,Kids Wear,North,Winter,295.47,380.8,10,30.0,3808.0,2954.7,853.3,22.41
TXN101180,Electronics,Cameras,East,Spring,962.46,1076.17,6,38.0,6457.02,5774.76,682.26,10.57
TXN101181,Apparel,Winter Wear,North,Monsoon,16.43,18.23,12,100.0,218.76,197.16,21.6,9.87
TXN101182,Beauty & Personal Care,Fragrances,North,Spring,333.49,419.78,3,55.0,1259.34,1000.47,258.87,20.56
TXN101183,Grocery,Staples,West,Festive,190.32,205.59,13,6.0,2672.67,2474.16,198.51,7.43
TXN101184,Grocery,Staples,East,Winter,64.7,65.39,12,14.0,784.68,776.4,8.28,1.06
TXN101185,Apparel,Footwear,North,Summer,337.46,444.07,3,50.0,1332.21,1012.38,319.83,24.01
TXN101186,Electronics,Laptops,West,Spring,326.08,356.08,6,34.0,2136.48,1956.48,180.0,8.43
TXN101187,Grocery,Dairy,Central,Spring,91.52,95.99,17,8.0,1631.83,1555.84,75.99,4.66
TXN101188,Apparel,Women's Wear,East,Spring,41.6,50.51,13,70.0,656.63,540.8,115.83,17.64
TXN101189,Home & Kitchen,Appliances,South,Winter,324.94,380.24,7,64.0,2661.68,2274.58,387.1,14.54
TXN101190,Apparel,Winter Wear,East,Spring,54.01,61.6,4,103.0,246.4,216.04,30.36,12.32
TXN101191,Beauty & Personal Care,Haircare,North,Festive,82.41,114.22,8,27.0,913.76,659.28,254.48,27.85
TXN101192,Home & Kitchen,Appliances,West,Monsoon,203.54,239.11,6,85.0,1434.66,1221.24,213.42,14.88
TXN101193,Electronics,Cameras,North,Monsoon,1137.13,1178.4,9,58.0,10605.6,10234.17,371.43,3.5
TXN101194,Electronics,Accessories,North,Monsoon,2035.3,2228.44,7,36.0,15599.08,14247.1,1351.98,8.67
TXN101195,Grocery,Staples,North,Winter,168.19,168.14,14,19.0,2353.96,2354.66,-0.7,-0.03
TXN101196,Home & Kitchen,Appliances,West,Spring,494.63,560.43,6,75.0,3362.58,2967.78,394.8,11.74
TXN101197,Electronics,Accessories,East,Spring,2768.5,3015.22,4,56.0,12060.88,11074.0,986.88,8.18
TXN101198,Home & Kitchen,Cookware,West,Festive,286.33,353.44,5,58.0,1767.2,1431.65,335.55,18.99
TXN101199,Grocery,Snacks,Central,Festive,357.34,387.27,17,12.0,6583.59,6074.78,508.81,7.73
TXN101200,Home & Kitchen,Furniture,West,Spring,75.21,95.67,4,85.0,382.68,300.84,81.84,21.39
TXN101201,Grocery,Snacks,South,Spring,361.67,379.24,15,8.0,5688.6,5425.05,263.55,4.63
TXN101202,Home & Kitchen,Storage,Central,Winter,120.43,148.85,6,68.0,893.1,722.58,170.52,19.09
TXN101203,Electronics,Headphones,South,Spring,1576.52,1777.48,12,44.0,21329.76,18918.24,2411.52,11.31
TXN101204,Apparel,Footwear,Central,Festive,336.44,411.37,9,77.0,3702.33,3027.96,674.37,18.21
TXN101205,Electronics,Headphones,Central,Spring,1525.47,1714.69,10,46.0,17146.9,15254.7,1892.2,11.04
TXN101206,Home & Kitchen,Storage,South,Summer,12.28,13.88,10,98.0,138.8,122.8,16.0,11.53
TXN101207,Apparel,Winter Wear,Central,Winter,442.16,585.8,10,75.0,5858.0,4421.6,1436.4,24.52
TXN101208,Beauty & Personal Care,Grooming,West,Monsoon,329.61,432.21,7,25.0,3025.47,2307.27,718.2,23.74
TXN101209,Apparel,Women's Wear,North,Winter,416.24,545.01,7,46.0,3815.07,2913.68,901.39,23.63
TXN101210,Beauty & Personal Care,Skincare,Central,Winter,352.58,447.87,7,33.0,3135.09,2468.06,667.03,21.28
TXN101211,Beauty & Personal Care,Haircare,Central,Summer,389.37,517.5,10,39.0,5175.0,3893.7,1281.3,24.76
TXN101212,Grocery,Dairy,North,Spring,225.26,238.65,19,8.0,4534.35,4279.94,254.41,5.61
TXN101213,Home & Kitchen,Furniture,North,Winter,198.03,245.94,8,94.0,1967.52,1584.24,383.28,19.48
TXN101214,Electronics,Accessories,East,Festive,615.21,672.38,15,48.0,10085.7,9228.15,857.55,8.5
TXN101215,Home & Kitchen,Storage,East,Winter,364.93,426.39,10,68.0,4263.9,3649.3,614.6,14.41
TXN101216,Grocery,Staples,Central,Summer,174.62,189.67,22,7.0,4172.74,3841.64,331.1,7.93
TXN101217,Electronics,Accessories,Central,Winter,2154.18,2375.72,7,25.0,16630.04,15079.26,1550.78,9.33
TXN101218,Electronics,Headphones,,Festive,2592.8,2778.06,10,47.0,27780.6,25928.0,1852.6,6.67
TXN101219,Apparel,Kids Wear,North,Winter,38.71,51.13,8,85.0,409.04,309.68,99.36,24.29
TXN101220,Beauty & Personal Care,Grooming,North,Monsoon,30.95,38.86,9,33.0,349.74,278.55,71.19,20.36
TXN101221,Apparel,Kids Wear,East,Festive,328.91,384.8,13,119.0,5002.4,4275.83,726.57,14.52
TXN101222,Grocery,Dairy,East,Festive,313.91,344.54,9,7.0,3100.86,2825.19,275.67,8.89
TXN101223,Electronics,Cameras,North,Winter,2864.02,3099.69,14,44.0,43395.66,40096.28,3299.38,7.6
TXN101224,Apparel,Kids Wear,Central,Winter,185.73,201.01,6,98.0,1206.06,1114.38,91.68,7.6
TXN101225,Electronics,Laptops,East,Spring,2846.16,3139.48,7,26.0,21976.36,19923.12,2053.24,9.34
TXN101226,Apparel,Men's Wear,West,Summer,161.89,175.94,8,85.0,1407.52,1295.12,112.4,7.99
TXN101227,Apparel,Women's Wear,South,Summer,254.02,323.16,7,57.0,2262.12,1778.14,483.98,21.39
TXN101228,Electronics,Laptops,North,Festive,2351.18,2547.69,11,45.0,28024.59,25862.98,2161.61,7.71
TXN101229,Apparel,Kids Wear,South,Monsoon,77.82,102.56,11,,1128.16,856.02,272.14,24.12
TXN101230,Beauty & Personal Care,Skincare,West,Monsoon,325.75,406.82,6,29.0,2440.92,1954.5,486.42,19.93
TXN101231,Beauty & Personal Care,Grooming,East,Festive,353.81,486.01,7,29.0,3402.07,2476.67,925.4,27.2
TXN101232,Apparel,Kids Wear,West,Spring,10.3,13.42,7,104.0,93.94,72.1,21.84,23.25
TXN101233,Beauty & Personal Care,Haircare,Central,Monsoon,433.94,516.86,6,45.0,3101.16,2603.64,497.52,16.04
TXN101234,Apparel,Kids Wear,Central,Winter,318.72,410.98,6,55.0,2465.88,1912.32,553.56,22.45
TXN101235,Electronics,Smartphones,West,Winter,1549.34,1706.27,8,36.0,13650.16,12394.72,1255.44,9.2
TXN101236,Beauty & Personal Care,Grooming,Central,Festive,135.55,162.93,5,59.0,814.65,677.75,136.9,16.8
TXN101237,Electronics,Headphones,Central,Winter,397.27,393.28,5,53.0,1966.4,1986.35,-19.95,-1.01
TXN101238,Electronics,Smartphones,East,Festive,1486.57,1565.02,11,44.0,17215.22,16352.27,862.95,5.01
TXN101239,Beauty & Personal Care,Skincare,South,Spring,150.05,163.91,10,46.0,1639.1,1500.5,138.6,8.46
TXN101240,Grocery,Dairy,East,Spring,186.35,198.99,12,7.0,2387.88,2236.2,151.68,6.35
TXN101241,Electronics,Smartphones,Central,Festive,2494.84,2668.96,8,45.0,21351.68,19958.72,1392.96,6.52
TXN101242,Beauty & Personal Care,Haircare,North,Monsoon,344.53,454.99,8,25.0,3639.92,2756.24,883.68,24.28
TXN101243,Apparel,Kids Wear,Central,Winter,124.3,160.25,5,70.0,801.25,621.5,179.75,22.43
TXN101244,Grocery,Staples,South,Monsoon,137.84,139.09,18,15.0,2503.62,2481.12,22.5,0.9
TXN101245,Beauty & Personal Care,Skincare,South,Monsoon,378.97,512.46,10,20.0,5124.6,3789.7,1334.9,26.05
TXN101246,Home & Kitchen,Appliances,Central,Festive,31.3,32.34,7,85.0,226.38,219.1,7.28,3.22
TXN101247,Beauty & Personal Care,Skincare,South,Summer,29.54,33.64,10,53.0,336.4,295.4,41.0,12.19
TXN101248,Apparel,Winter Wear,East,Monsoon,118.14,152.43,10,32.0,1524.3,1181.4,342.9,22.5
TXN101249,Beauty & Personal Care,Grooming,North,Winter,71.31,89.77,6,59.0,538.62,427.86,110.76,20.56
TXN101250,Beauty & Personal Care,Makeup,Central,Festive,215.37,283.87,5,36.0,1419.35,1076.85,342.5,24.13
TXN101251,Apparel,Footwear,East,Monsoon,125.11,168.47,7,62.0,1179.29,875.77,303.52,25.74
TXN101252,Apparel,Women's Wear,North,Spring,417.14,546.79,6,114.0,3280.74,2502.84,777.9,23.71
TXN101253,Electronics,Smartphones,South,Winter,1190.3,1216.06,6,53.0,7296.36,7141.8,154.56,2.12
TXN101254,Home & Kitchen,Storage,North,Monsoon,292.39,320.37,9,90.0,2883.33,2631.51,251.82,8.73
TXN101255,Apparel,Men's Wear,South,Festive,371.12,500.5,8,37.0,4004.0,2968.96,1035.04,25.85
TXN101256,Electronics,Cameras,East,Spring,2180.34,2150.7,5,49.0,10753.5,10901.7,-148.2,-1.38
TXN101257,Beauty & Personal Care,Fragrances,North,Monsoon,166.88,184.33,6,54.0,1105.98,1001.28,104.7,9.47
TXN101258,Home & Kitchen,Storage,South,Monsoon,128.99,156.07,7,68.0,1092.49,902.93,189.56,17.35
TXN101259,Electronics,Smartphones,East,Festive,2815.22,3069.18,11,48.0,33760.98,30967.42,2793.56,8.27
TXN101260,Apparel,Men's Wear,Central,Monsoon,443.57,548.42,6,82.0,3290.52,2661.42,629.1,19.12
TXN101261,Home & Kitchen,Cookware,East,Spring,286.72,338.74,3,44.0,1016.22,860.16,156.06,15.36
TXN101262,Grocery,Staples,South,Spring,443.68,472.06,15,9.0,7080.9,6655.2,425.7,6.01
TXN101263,Apparel,Men's Wear,Central,Winter,84.61,100.49,7,56.0,703.43,592.27,111.16,15.8
TXN101264,Home & Kitchen,Decor,South,Festive,409.2,487.33,8,64.0,3898.64,3273.6,625.04,16.03
TXN101265,Electronics,Accessories,South,Monsoon,1668.94,1645.35,5,69.0,8226.75,8344.7,-117.95,-1.43
TXN101266,Grocery,Staples,East,Spring,371.59,385.36,23,13.0,8863.28,8546.57,316.71,3.57
TXN101267,Apparel,Winter Wear,East,Winter,44.21,53.37,4,68.0,213.48,176.84,36.64,17.16
TXN101268,Electronics,Smartphones,South,Festive,2277.75,2332.95,7,64.0,16330.65,15944.25,386.4,2.37
TXN101269,Electronics,Headphones,East,Festive,1136.37,1165.42,7,51.0,8157.94,7954.59,203.35,2.49
TXN101270,Grocery,Frozen Foods,East,Monsoon,262.49,240.06,22,15.0,5281.32,5774.78,-493.46,-9.34
TXN101271,Electronics,Accessories,East,Spring,1446.85,1649.17,6,44.0,9895.02,8681.1,1213.92,12.27
TXN101272,Beauty & Personal Care,Grooming,West,Monsoon,303.14,372.72,4,23.0,1490.88,1212.56,278.32,18.67
TXN101273,Grocery,Snacks,West,Monsoon,267.17,274.54,13,16.0,3569.02,3473.21,95.81,2.68
TXN101274,Home & Kitchen,Cookware,East,Summer,218.24,261.19,6,61.0,1567.14,1309.44,257.7,16.44
TXN101275,Home & Kitchen,Decor,West,Festive,296.17,346.22,11,,3808.42,3257.87,550.55,14.46
TXN101276,Home & Kitchen,Cookware,North,Winter,93.54,106.01,7,92.0,742.07,654.78,87.29,11.76
TXN101277,Apparel,Men's Wear,South,Winter,179.02,201.5,7,86.0,1410.5,1253.14,157.36,11.16
TXN101278,Electronics,Laptops,South,Monsoon,1642.94,1793.12,11,33.0,19724.32,18072.34,1651.98,8.38
TXN101279,Home & Kitchen,Storage,West,Summer,223.95,260.34,7,82.0,1822.38,1567.65,254.73,13.98
TXN101280,Home & Kitchen,Appliances,North,Monsoon,195.04,234.78,11,62.0,2582.58,2145.44,437.14,16.93
TXN101281,Apparel,Footwear,West,Summer,327.91,345.33,6,94.0,2071.98,1967.46,104.52,5.04
TXN101282,Beauty & Personal Care,Haircare,Central,Winter,426.65,483.63,8,43.0,3869.04,3413.2,455.84,11.78
TXN101283,Apparel,Footwear,North,Summer,253.65,265.3,7,84.0,1857.1,1775.55,81.55,4.39
TXN101284,Grocery,Staples,North,Winter,308.1,329.51,13,6.0,4283.63,4005.3,278.33,6.5
TXN101285,Beauty & Personal Care,Grooming,North,Spring,469.83,616.36,10,38.0,6163.6,4698.3,1465.3,23.77
TXN101286,Apparel,Kids Wear,East,Summer,389.59,513.19,3,93.0,1539.57,1168.77,370.8,24.08
TXN101287,Apparel,Kids Wear,East,Spring,400.06,404.93,13,105.0,5264.09,5200.78,63.31,1.2
TXN101288,Apparel,Women's Wear,West,Spring,251.79,265.4,9,,2388.6,2266.11,122.49,5.13
TXN101289,Electronics,Headphones,West,Monsoon,848.08,896.92,4,66.0,3587.68,3392.32,195.36,5.45
TXN101290,Apparel,Winter Wear,West,Festive,394.54,475.79,7,93.0,3330.53,2761.78,568.75,17.08
TXN101291,Grocery,Dairy,Central,Summer,476.88,431.7,13,18.0,5612.1,6199.44,-587.34,-10.47
TXN101292,Grocery,Dairy,West,Monsoon,407.93,433.02,10,5.0,4330.2,4079.3,250.9,5.79
TXN101293,Apparel,Footwear,North,Spring,89.9,113.45,11,71.0,1247.95,988.9,259.05,20.76
TXN101294,Beauty & Personal Care,Grooming,South,Winter,371.73,422.55,7,44.0,2957.85,2602.11,355.74,12.03
TXN101295,Apparel,Women's Wear,North,Summer,426.36,526.82,9,60.0,4741.38,3837.24,904.14,19.07
TXN101296,Electronics,Laptops,West,Winter,2991.67,3242.46,8,62.0,25939.68,23933.36,2006.32,7.73
TXN101297,Electronics,Headphones,East,Festive,1817.26,1925.4,6,39.0,11552.4,10903.56,648.84,5.62
TXN101298,Grocery,Beverages,Central,Spring,45.96,48.27,22,12.0,1061.94,1011.12,50.82,4.79
TXN101299,Grocery,Snacks,South,Spring,137.75,150.62,18,8.0,2711.16,2479.5,231.66,8.54
TXN101300,Grocery,Frozen Foods,South,Spring,80.39,82.23,17,14.0,1397.91,1366.63,31.28,2.24
TXN101301,Apparel,Winter Wear,Central,Summer,301.35,377.11,9,43.0,3393.99,2712.15,681.84,20.09
TXN101302,Grocery,Beverages,Central,Winter,256.44,243.73,19,15.0,4630.87,4872.36,-241.49,-5.21
TXN101303,Apparel,Men's Wear,East,Festive,104.52,139.71,10,57.0,1397.1,1045.2,351.9,25.19
TXN101304,Home & Kitchen,Decor,East,Summer,210.67,267.13,11,48.0,2938.43,2317.37,621.06,21.14
TXN101305,Beauty & Personal Care,Grooming,Central,Festive,95.18,116.31,6,46.0,697.86,571.08,126.78,18.17
TXN101306,Apparel,Kids Wear,West,Summer,310.66,379.71,12,57.0,4556.52,3727.92,828.6,18.18
TXN101307,Apparel,Kids Wear,South,Winter,164.74,179.53,8,113.0,1436.24,1317.92,118.32,8.24
TXN101308,Home & Kitchen,Storage,East,Festive,387.11,395.39,11,99.0,4349.29,4258.21,91.08,2.09
TXN101309,Apparel,Kids Wear,South,Summer,394.59,531.1,7,51.0,3717.7,2762.13,955.57,25.7
TXN101310,Grocery,Snacks,South,Monsoon,148.0,154.05,13,5.0,2002.65,1924.0,78.65,3.93
TXN101311,Grocery,Frozen Foods,Central,Spring,270.0,282.77,23,3.0,6503.71,6210.0,293.71,4.52
TXN101312,Grocery,Snacks,Central,Winter,474.62,509.94,16,11.0,8159.04,7593.92,565.12,6.93
TXN101313,Home & Kitchen,Cookware,East,Summer,170.76,187.08,7,89.0,1309.56,1195.32,114.24,8.72
TXN101314,Home & Kitchen,Decor,North,Spring,432.68,547.85,10,55.0,5478.5,4326.8,1151.7,21.02
TXN101315,Grocery,Frozen Foods,North,Festive,449.76,484.51,22,11.0,10659.22,9894.72,764.5,7.17
TXN101316,Apparel,Kids Wear,East,Spring,445.6,582.82,8,54.0,4662.56,3564.8,1097.76,23.54
TXN101317,Apparel,Kids Wear,East,Monsoon,185.37,243.99,7,61.0,1707.93,1297.59,410.34,24.03
TXN101318,Home & Kitchen,Cookware,North,Winter,12.02,15.11,6,89.0,90.66,72.12,18.54,20.45
TXN101319,Apparel,Winter Wear,South,Monsoon,74.73,94.86,6,114.0,569.16,448.38,120.78,21.22
TXN101320,Home & Kitchen,Appliances,North,Summer,140.52,178.92,3,61.0,536.76,421.56,115.2,21.46
TXN101321,Grocery,Dairy,Central,Summer,367.85,391.36,13,4.0,5087.68,4782.05,305.63,6.01
TXN101322,Apparel,Kids Wear,Central,Summer,382.38,410.28,6,115.0,2461.68,2294.28,167.4,6.8
TXN101323,Grocery,Dairy,East,Winter,187.37,200.08,15,10.0,3001.2,2810.55,190.65,6.35
TXN101324,Grocery,Dairy,East,Monsoon,428.23,450.92,18,17.0,8116.56,7708.14,408.42,5.03
TXN101325,Home & Kitchen,Appliances,West,Spring,312.97,380.49,6,59.0,2282.94,1877.82,405.12,17.75
TXN101326,Electronics,Smartphones,West,Winter,796.94,797.46,11,63.0,8772.06,8766.34,5.72,0.07
TXN101327,Electronics,Headphones,West,Spring,2545.1,2474.98,7,51.0,17324.86,17815.7,-490.84,-2.83
TXN101328,Electronics,Cameras,West,Spring,2919.97,3114.9,7,28.0,21804.3,20439.79,1364.51,6.26
TXN101329,Electronics,Laptops,North,Summer,2152.01,2392.29,7,33.0,16746.03,15064.07,1681.96,10.04
TXN101330,Beauty & Personal Care,Skincare,East,Summer,152.2,206.78,10,25.0,2067.8,1522.0,545.8,26.4
TXN101331,Grocery,Snacks,West,Monsoon,356.69,389.99,16,,6239.84,5707.04,532.8,8.54
TXN101332,Grocery,Dairy,East,Winter,366.63,396.34,13,9.0,5152.42,4766.19,386.23,7.5
TXN101333,Apparel,Women's Wear,North,Monsoon,190.01,218.9,7,83.0,1532.3,1330.07,202.23,13.2
TXN101334,Home & Kitchen,Storage,North,Monsoon,339.67,361.59,6,83.0,2169.54,2038.02,131.52,6.06
TXN101335,Home & Kitchen,Furniture,East,Summer,343.96,399.38,11,50.0,4393.18,3783.56,609.62,13.88
TXN101336,Home & Kitchen,Storage,South,Festive,422.82,536.2,6,57.0,3217.2,2536.92,680.28,21.15
TXN101337,Grocery,Frozen Foods,Central,Winter,195.81,214.39,19,8.0,4073.41,3720.39,353.02,8.67
TXN101338,Grocery,Frozen Foods,North,Spring,158.45,148.87,10,17.0,1488.7,1584.5,-95.8,-6.44
TXN101339,Electronics,Laptops,Central,Spring,664.39,727.1,6,61.0,4362.6,3986.34,376.26,8.62
TXN101340,Grocery,Snacks,North,Summer,339.94,320.6,12,16.0,3847.2,4079.28,-232.08,-6.03
TXN101341,Apparel,Kids Wear,South,Spring,129.15,164.98,12,72.0,1979.76,1549.8,429.96,21.72
TXN101342,Home & Kitchen,Storage,North,Monsoon,441.99,527.2,12,64.0,6326.4,5303.88,1022.52,16.16
TXN101343,Apparel,Footwear,South,Monsoon,498.71,612.8,8,86.0,4902.4,3989.68,912.72,18.62
TXN101344,Grocery,Snacks,West,Winter,137.61,131.86,14,17.0,1846.04,1926.54,-80.5,-4.36
TXN101345,Beauty & Personal Care,Makeup,Central,Spring,373.89,490.19,9,26.0,4411.71,3365.01,1046.7,23.73
TXN101346,Grocery,Dairy,West,Winter,81.01,83.28,14,13.0,1165.92,1134.14,31.78,2.73
TXN101347,Beauty & Personal Care,Haircare,Central,Monsoon,75.28,95.4,9,51.0,858.6,677.52,181.08,21.09
TXN101348,Home & Kitchen,Decor,South,Festive,71.65,87.0,5,69.0,435.0,358.25,76.75,17.64
TXN101349,Beauty & Personal Care,Fragrances,South,Winter,373.07,500.5,2,31.0,1001.0,746.14,254.86,25.46
TXN101350,Home & Kitchen,Furniture,Central,Spring,424.23,494.3,8,42.0,3954.4,3393.84,560.56,14.18
TXN101351,Beauty & Personal Care,Fragrances,South,Festive,470.86,626.57,6,41.0,3759.42,2825.16,934.26,24.85
TXN101352,Beauty & Personal Care,Haircare,West,Spring,228.95,289.19,8,58.0,2313.52,1831.6,481.92,20.83
TXN101353,Apparel,Women's Wear,West,Spring,470.52,575.22,7,58.0,4026.54,3293.64,732.9,18.2
TXN101354,Grocery,Staples,,Winter,174.57,159.66,22,14.0,3512.52,3840.54,-328.02,-9.34
TXN101355,Electronics,Headphones,South,Festive,1873.5,1987.19,4,33.0,7948.76,7494.0,454.76,5.72
TXN101356,Apparel,Kids Wear,West,Spring,471.68,612.45,6,51.0,3674.7,2830.08,844.62,22.98
TXN101357,Home & Kitchen,Furniture,East,Monsoon,19.33,22.49,8,61.0,179.92,154.64,25.28,14.05
TXN101358,Electronics,Accessories,North,Festive,2450.19,2480.01,5,54.0,12400.05,12250.95,149.1,1.2
TXN101359,Apparel,Men's Wear,South,Festive,232.93,307.49,6,38.0,1844.94,1397.58,447.36,24.25
TXN101360,Grocery,Frozen Foods,Central,Winter,164.34,174.02,19,3.0,3306.38,3122.46,183.92,5.56
TXN101361,Home & Kitchen,Furniture,West,Winter,233.1,259.81,7,89.0,1818.67,1631.7,186.97,10.28
TXN101362,Electronics,Accessories,Central,Festive,804.32,876.53,8,32.0,7012.24,6434.56,577.68,8.24
TXN101363,Beauty & Personal Care,Grooming,East,Spring,419.34,521.3,12,30.0,6255.6,5032.08,1223.52,19.56
TXN101364,Apparel,Winter Wear,North,Winter,273.58,309.66,10,80.0,3096.6,2735.8,360.8,11.65
TXN101365,Home & Kitchen,Storage,North,Spring,309.69,361.49,3,,1084.47,929.07,155.4,14.33
TXN101366,Home & Kitchen,Cookware,Central,Summer,457.42,573.09,9,58.0,5157.81,4116.78,1041.03,20.18
TXN101367,Beauty & Personal Care,Makeup,East,Monsoon,112.57,152.31,11,36.0,1675.41,1238.27,437.14,26.09
TXN101368,Beauty & Personal Care,Fragrances,Central,Winter,148.95,198.28,5,25.0,991.4,744.75,246.65,24.88
TXN101369,Apparel,Kids Wear,West,Winter,199.62,268.3,7,53.0,1878.1,1397.34,480.76,25.6
TXN101370,Electronics,Laptops,North,Winter,1550.09,1685.91,5,57.0,8429.55,7750.45,679.1,8.06
TXN101371,Grocery,Beverages,North,Festive,26.49,27.65,19,4.0,525.35,503.31,22.04,4.2
TXN101372,Apparel,Women's Wear,North,Festive,297.21,406.97,6,41.0,2441.82,1783.26,658.56,26.97
TXN101373,Grocery,Dairy,North,Spring,160.13,168.08,23,11.0,3865.84,3682.99,182.85,4.73
TXN101374,Home & Kitchen,Appliances,East,Winter,437.16,538.68,5,83.0,2693.4,2185.8,507.6,18.85
TXN101375,Grocery,Staples,East,Winter,210.06,198.38,17,15.0,3372.46,3571.02,-198.56,-5.89
TXN101376,Beauty & Personal Care,Haircare,West,Festive,342.38,449.47,5,38.0,2247.35,1711.9,535.45,23.83
TXN101377,Grocery,Beverages,South,Monsoon,15.25,16.14,20,,322.8,305.0,17.8,5.51
TXN101378,Home & Kitchen,Storage,East,Spring,237.49,264.52,9,93.0,2380.68,2137.41,243.27,10.22
TXN101379,Home & Kitchen,Decor,Central,Summer,79.59,97.54,6,74.0,585.24,477.54,107.7,18.4
TXN101380,Electronics,Laptops,East,Monsoon,79.09,73.97,5,52.0,369.85,395.45,-25.6,-6.92
TXN101381,Electronics,Headphones,West,Summer,1584.82,1535.95,6,58.0,9215.7,9508.92,-293.22,-3.18
TXN101382,Grocery,Beverages,Central,Festive,280.68,278.55,17,19.0,4735.35,4771.56,-36.21,-0.76
TXN101383,Grocery,Snacks,West,Spring,485.54,521.95,18,10.0,9395.1,8739.72,655.38,6.98
TXN101384,Grocery,Frozen Foods,West,Winter,131.64,144.09,16,3.0,2305.44,2106.24,199.2,8.64
TXN101385,Electronics,Laptops,Central,Spring,1069.18,1051.09,2,65.0,2102.18,2138.36,-36.18,-1.72
TXN101386,Apparel,Winter Wear,Central,Spring,135.44,153.29,6,96.0,919.74,812.64,107.1,11.64
TXN101387,Home & Kitchen,Furniture,North,Winter,78.3,92.79,8,65.0,742.32,626.4,115.92,15.62
TXN101388,Home & Kitchen,Decor,Central,Monsoon,148.02,181.28,4,40.0,725.12,592.08,133.04,18.35
TXN101389,Beauty & Personal Care,Makeup,South,Winter,425.5,511.52,10,41.0,5115.2,4255.0,860.2,16.82
TXN101390,Electronics,Headphones,Central,Winter,2991.42,2820.67,6,49.0,16924.02,17948.52,-1024.5,-6.05
TXN101391,Apparel,Footwear,Central,Festive,435.0,515.65,10,82.0,5156.5,4350.0,806.5,15.64
TXN101392,Apparel,Women's Wear,East,Winter,135.78,154.25,5,94.0,771.25,678.9,92.35,11.97
TXN101393,Grocery,Beverages,West,Winter,426.21,425.51,21,15.0,8935.71,8950.41,-14.7,-0.16
TXN101394,Beauty & Personal Care,Fragrances,Central,Summer,335.95,449.32,11,53.0,4942.52,3695.45,1247.07,25.23
TXN101395,Electronics,Accessories,Central,Monsoon,382.27,420.33,6,46.0,2521.98,2293.62,228.36,9.05
TXN101396,Beauty & Personal Care,Skincare,East,Festive,326.49,420.11,5,25.0,2100.55,1632.45,468.1,22.28
TXN101397,Grocery,Staples,West,Winter,460.19,442.33,20,17.0,8846.6,9203.8,-357.2,-4.04
TXN101398,Electronics,Cameras,Central,Festive,1037.56,1107.3,10,36.0,11073.0,10375.6,697.4,6.3
TXN101399,Apparel,Kids Wear,East,Winter,176.27,226.7,7,52.0,1586.9,1233.89,353.01,22.25
TXN101400,Grocery,Snacks,North,Monsoon,100.15,107.54,18,5.0,1935.72,1802.7,133.02,6.87
TXN101401,Electronics,Smartphones,North,Summer,1985.93,1974.29,10,64.0,19742.9,19859.3,-116.4,-0.59
TXN101402,Beauty & Personal Care,Skincare,South,Monsoon,154.31,194.05,7,20.0,1358.35,1080.17,278.18,20.48
TXN101403,Grocery,Snacks,East,Winter,317.66,323.78,17,13.0,5504.26,5400.22,104.04,1.89
TXN101404,Electronics,Smartphones,West,Winter,669.37,727.59,8,66.0,5820.72,5354.96,465.76,8.0
TXN101405,Apparel,Women's Wear,East,Festive,378.27,463.04,7,44.0,3241.28,2647.89,593.39,18.31
TXN101406,Grocery,Staples,West,Spring,124.35,130.1,16,7.0,2081.6,1989.6,92.0,4.42
TXN101407,Home & Kitchen,Cookware,North,Summer,92.3,113.82,9,46.0,1024.38,830.7,193.68,18.91
TXN101408,Electronics,Laptops,South,Spring,2335.43,2495.53,8,65.0,19964.24,18683.44,1280.8,6.42
TXN101409,Apparel,Men's Wear,West,Summer,172.45,196.11,10,99.0,1961.1,1724.5,236.6,12.06
TXN101410,Home & Kitchen,Appliances,North,Spring,22.82,24.01,5,94.0,120.05,114.1,5.95,4.96
TXN101411,Home & Kitchen,Storage,North,Monsoon,98.21,111.35,7,95.0,779.45,687.47,91.98,11.8
TXN101412,Electronics,Cameras,South,Monsoon,1128.69,1250.61,6,34.0,7503.66,6772.14,731.52,9.75
TXN101413,Apparel,Kids Wear,North,Monsoon,283.49,324.49,8,78.0,2595.92,2267.92,328.0,12.64
TXN101414,Apparel,Kids Wear,Central,Summer,238.02,316.75,2,44.0,633.5,476.04,157.46,24.86
TXN101415,Electronics,Cameras,West,Spring,1031.5,1002.48,5,52.0,5012.4,5157.5,-145.1,-2.89
TXN101416,Electronics,Laptops,North,Spring,1277.97,1413.29,7,64.0,9893.03,8945.79,947.24,9.57
TXN101417,Grocery,Frozen Foods,East,Monsoon,428.67,452.6,16,14.0,7241.6,6858.72,382.88,5.29
TXN101418,Apparel,Men's Wear,West,Winter,365.02,462.65,10,40.0,4626.5,3650.2,976.3,21.1
TXN101419,Home & Kitchen,Storage,East,Summer,49.91,52.9,7,87.0,370.3,349.37,20.93,5.65
TXN101420,Beauty & Personal Care,Grooming,East,Winter,262.83,348.77,5,34.0,1743.85,1314.15,429.7,24.64
TXN101421,Home & Kitchen,Decor,South,Festive,113.29,132.92,7,54.0,930.44,793.03,137.41,14.77
TXN101422,Grocery,Frozen Foods,Central,Festive,59.21,57.36,10,16.0,573.6,592.1,-18.5,-3.23
TXN101423,Electronics,Laptops,,Monsoon,2312.68,2490.28,7,47.0,17431.96,16188.76,1243.2,7.13
TXN101424,Beauty & Personal Care,Haircare,North,Spring,39.71,46.85,6,46.0,281.1,238.26,42.84,15.24
TXN101425,Apparel,Winter Wear,East,Festive,320.22,414.38,4,33.0,1657.52,1280.88,376.64,22.72
TXN101426,Apparel,Kids Wear,East,Summer,423.63,566.65,11,73.0,6233.15,4659.93,1573.22,25.24
TXN101427,Electronics,Smartphones,Central,Monsoon,1155.46,1295.47,12,25.0,15545.64,13865.52,1680.12,10.81
TXN101428,Grocery,Beverages,North,Festive,143.18,155.3,16,10.0,2484.8,2290.88,193.92,7.8
TXN101429,Home & Kitchen,Appliances,North,Spring,421.23,474.17,8,90.0,3793.36,3369.84,423.52,11.16
TXN101430,Electronics,Cameras,West,Festive,1137.8,1237.98,7,35.0,8665.86,7964.6,701.26,8.09
TXN101431,Beauty & Personal Care,Fragrances,North,Spring,72.08,83.95,9,56.0,755.55,648.72,106.83,14.14
TXN101432,Beauty & Personal Care,Haircare,North,Festive,19.68,25.61,8,34.0,204.88,157.44,47.44,23.16
TXN101433,Apparel,Women's Wear,North,Monsoon,430.17,566.12,8,51.0,4528.96,3441.36,1087.6,24.01
TXN101434,Home & Kitchen,Appliances,South,Festive,458.22,556.46,6,48.0,3338.76,2749.32,589.44,17.65
TXN101435,Electronics,Cameras,East,Spring,2527.83,2697.16,5,43.0,13485.8,12639.15,846.65,6.28
TXN101436,Home & Kitchen,Storage,South,Winter,192.1,232.88,9,82.0,2095.92,1728.9,367.02,17.51
TXN101437,Electronics,Smartphones,North,Summer,1589.65,1652.34,6,67.0,9914.04,9537.9,376.14,3.79
TXN101438,Home & Kitchen,Furniture,Central,Festive,171.05,203.1,9,93.0,1827.9,1539.45,288.45,15.78
TXN101439,Apparel,Men's Wear,North,Spring,205.76,257.14,6,69.0,1542.84,1234.56,308.28,19.98
TXN101440,Beauty & Personal Care,Grooming,West,Monsoon,168.1,218.09,6,39.0,1308.54,1008.6,299.94,22.92
TXN101441,Apparel,Kids Wear,Central,Festive,188.76,240.71,9,67.0,2166.39,1698.84,467.55,21.58
TXN101442,Beauty & Personal Care,Skincare,Central,Winter,295.55,402.51,5,54.0,2012.55,1477.75,534.8,26.57
TXN101443,Apparel,Men's Wear,Central,Festive,297.82,330.13,11,93.0,3631.43,3276.02,355.41,9.79
TXN101444,Apparel,Men's Wear,East,Summer,162.86,189.54,5,81.0,947.7,814.3,133.4,14.08
TXN101445,Grocery,Dairy,East,Monsoon,358.32,361.12,20,17.0,7222.4,7166.4,56.0,0.78
TXN101446,Apparel,Kids Wear,South,Spring,234.69,292.23,4,98.0,1168.92,938.76,230.16,19.69
TXN101447,Apparel,Women's Wear,North,Winter,321.86,373.34,5,80.0,1866.7,1609.3,257.4,13.79
TXN101448,Beauty & Personal Care,Haircare,West,Summer,338.3,415.23,6,35.0,2491.38,2029.8,461.58,18.53
TXN101449,Electronics,Accessories,North,Festive,2691.22,2961.72,10,29.0,29617.2,26912.2,2705.0,9.13
TXN101450,Beauty & Personal Care,Skincare,North,Spring,151.34,191.02,6,25.0,1146.12,908.04,238.08,20.77
TXN101451,Beauty & Personal Care,Makeup,Central,Winter,333.76,421.09,3,57.0,1263.27,1001.28,261.99,20.74
TXN101452,Apparel,Winter Wear,North,Winter,488.37,628.12,4,43.0,2512.48,1953.48,559.0,22.25
TXN101453,Home & Kitchen,Appliances,South,Summer,397.68,421.49,7,93.0,2950.43,2783.76,166.67,5.65
TXN101454,Electronics,Accessories,North,Monsoon,2471.07,2605.58,7,54.0,18239.06,17297.49,941.57,5.16
TXN101455,Home & Kitchen,Cookware,West,Monsoon,162.42,203.63,9,46.0,1832.67,1461.78,370.89,20.24
TXN101456,Electronics,Headphones,West,Winter,868.97,966.08,5,25.0,4830.4,4344.85,485.55,10.05
TXN101457,Beauty & Personal Care,Haircare,North,Festive,425.96,521.45,5,52.0,2607.25,2129.8,477.45,18.31
TXN101458,Grocery,Dairy,West,Monsoon,152.18,155.63,18,15.0,2801.34,2739.24,62.1,2.22
TXN101459,Apparel,Women's Wear,North,Spring,442.39,494.3,9,85.0,4448.7,3981.51,467.19,10.5
TXN101460,Apparel,Kids Wear,South,Monsoon,316.31,416.16,4,36.0,1664.64,1265.24,399.4,23.99
TXN101461,Grocery,Dairy,South,Festive,270.6,247.39,15,19.0,3710.85,4059.0,-348.15,-9.38
TXN101462,Beauty & Personal Care,Skincare,Central,Festive,470.8,627.72,7,35.0,4394.04,3295.6,1098.44,25.0
TXN101463,Apparel,Winter Wear,West,Festive,359.27,471.26,2,33.0,942.52,718.54,223.98,23.76
TXN101464,Beauty & Personal Care,Makeup,Central,Spring,167.68,199.44,8,47.0,1595.52,1341.44,254.08,15.92
TXN101465,Beauty & Personal Care,Haircare,West,Festive,250.0,321.23,14,21.0,4497.22,3500.0,997.22,22.17
TXN101466,Grocery,Frozen Foods,East,Summer,125.26,136.85,18,5.0,2463.3,2254.68,208.62,8.47
TXN101467,Apparel,Kids Wear,Central,Winter,122.17,149.84,8,33.0,1198.72,977.36,221.36,18.47
TXN101468,Grocery,Dairy,Central,Summer,260.11,251.31,21,15.0,5277.51,5462.31,-184.8,-3.5
TXN101469,Beauty & Personal Care,Skincare,Central,Winter,119.49,149.37,7,45.0,1045.59,836.43,209.16,20.0
TXN101470,Home & Kitchen,Storage,East,Monsoon,142.73,176.52,11,61.0,1941.72,1570.03,371.69,19.14
TXN101471,Electronics,Accessories,South,Festive,1219.4,1216.59,8,57.0,9732.72,9755.2,-22.48,-0.23
TXN101472,Beauty & Personal Care,Skincare,South,Spring,56.5,66.56,7,43.0,465.92,395.5,70.42,15.11
TXN101473,Electronics,Laptops,West,Monsoon,131.33,145.04,1,32.0,145.04,131.33,13.71,9.45
TXN101474,Electronics,Smartphones,North,Monsoon,1446.4,1523.54,11,64.0,16758.94,15910.4,848.54,5.06
TXN101475,Beauty & Personal Care,Haircare,North,Festive,473.44,623.56,10,20.0,6235.6,4734.4,1501.2,24.07
TXN101476,Apparel,Women's Wear,West,Spring,74.2,91.27,12,53.0,1095.24,890.4,204.84,18.7
TXN101477,Electronics,Smartphones,North,Festive,1745.46,1870.21,4,32.0,7480.84,6981.84,499.0,6.67
TXN101478,Home & Kitchen,Decor,Central,Summer,302.85,349.54,4,68.0,1398.16,1211.4,186.76,13.36
TXN101479,Beauty & Personal Care,Skincare,North,Summer,269.99,318.42,4,45.0,1273.68,1079.96,193.72,15.21
TXN101480,Electronics,Headphones,East,Summer,751.48,737.41,5,61.0,3687.05,3757.4,-70.35,-1.91
TXN101481,Apparel,Winter Wear,North,Monsoon,329.31,401.71,6,43.0,2410.26,1975.86,434.4,18.02
TXN101482,Home & Kitchen,Decor,East,Summer,424.91,505.61,3,78.0,1516.83,1274.73,242.1,15.96
TXN101483,Home & Kitchen,Furniture,South,Spring,84.69,99.14,6,96.0,594.84,508.14,86.7,14.58
TXN101484,Beauty & Personal Care,Makeup,East,Spring,14.41,19.22,9,24.0,172.98,129.69,43.29,25.03
TXN101485,Grocery,Dairy,Central,Spring,143.5,151.19,11,7.0,1663.09,1578.5,84.59,5.09
TXN101486,Electronics,Headphones,West,Summer,850.95,958.31,9,33.0,8624.79,7658.55,966.24,11.2
TXN101487,Beauty & Personal Care,Fragrances,North,Spring,431.79,576.05,8,28.0,4608.4,3454.32,1154.08,25.04
TXN101488,Electronics,Laptops,North,Spring,2887.41,3175.12,6,60.0,19050.72,17324.46,1726.26,9.06
TXN101489,Home & Kitchen,Storage,West,Spring,421.93,509.26,7,54.0,3564.82,2953.51,611.31,17.15
TXN101490,Electronics,Headphones,South,Festive,140.38,152.3,6,37.0,913.8,842.28,71.52,7.83
TXN101491,Beauty & Personal Care,Fragrances,Central,Monsoon,69.59,94.23,9,40.0,848.07,626.31,221.76,26.15
TXN101492,Home & Kitchen,Decor,West,Spring,384.09,476.89,4,79.0,1907.56,1536.36,371.2,19.46
TXN101493,Grocery,Staples,Central,Spring,395.68,429.26,13,3.0,5580.38,5143.84,436.54,7.82
TXN101494,Grocery,Frozen Foods,Central,Festive,413.54,452.25,12,3.0,5427.0,4962.48,464.52,8.56
TXN101495,Grocery,Dairy,West,Spring,70.16,71.38,17,12.0,1213.46,1192.72,20.74,1.71
TXN101496,Electronics,Laptops,East,Festive,1093.33,1003.66,6,56.0,6021.96,6559.98,-538.02,-8.93
TXN101497,Apparel,Men's Wear,South,Summer,419.27,529.82,5,95.0,2649.1,2096.35,552.75,20.87
TXN101498,Apparel,Kids Wear,East,Spring,378.43,456.4,9,65.0,4107.6,3405.87,701.73,17.08
TXN101499,Home & Kitchen,Appliances,Central,Summer,277.46,329.42,2,55.0,658.84,554.92,103.92,15.77
TXN101500,Electronics,Cameras,Central,Festive,2526.84,2694.1,9,33.0,24246.9,22741.56,1505.34,6.21
TXN101501,Home & Kitchen,Cookware,North,Summer,488.06,559.35,8,86.0,4474.8,3904.48,570.32,12.75
TXN101502,Grocery,Dairy,South,Monsoon,469.02,492.61,17,18.0,8374.37,7973.34,401.03,4.79
TXN101503,Grocery,Frozen Foods,East,Festive,223.54,242.01,14,10.0,3388.14,3129.56,258.58,7.63
TXN101504,Home & Kitchen,Cookware,North,Winter,42.46,50.14,5,84.0,250.7,212.3,38.4,15.32
TXN101505,Electronics,Smartphones,North,Summer,2806.97,2707.04,7,57.0,18949.28,19648.79,-699.51,-3.69
TXN101506,Apparel,Women's Wear,Central,Monsoon,74.95,101.11,5,59.0,505.55,374.75,130.8,25.87
TXN101507,Grocery,Snacks,South,Winter,254.29,257.12,15,16.0,3856.8,3814.35,42.45,1.1
TXN101508,Grocery,Snacks,North,Summer,483.93,508.49,16,18.0,8135.84,7742.88,392.96,4.83
TXN101509,Electronics,Accessories,South,Festive,793.22,709.17,5,54.0,3545.85,3966.1,-420.25,-11.85
TXN101510,Home & Kitchen,Decor,West,Monsoon,451.91,490.56,7,73.0,3433.92,3163.37,270.55,7.88
TXN101511,Electronics,Laptops,South,Summer,2003.64,2205.12,3,52.0,6615.36,6010.92,604.44,9.14
TXN101512,Grocery,Beverages,West,Spring,167.35,172.03,16,14.0,2752.48,2677.6,74.88,2.72
TXN101513,Electronics,Headphones,Central,Festive,2065.54,2242.7,6,38.0,13456.2,12393.24,1062.96,7.9
TXN101514,Home & Kitchen,Appliances,North,Spring,348.23,433.96,9,70.0,3905.64,3134.07,771.57,19.76
TXN101515,Electronics,Cameras,West,Winter,1382.44,1536.23,4,53.0,6144.92,5529.76,615.16,10.01
TXN101516,Electronics,Cameras,North,Summer,2535.79,2488.88,5,63.0,12444.4,12678.95,-234.55,-1.88
TXN101517,Home & Kitchen,Decor,North,Summer,444.87,568.8,11,41.0,6256.8,4893.57,1363.23,21.79
TXN101518,Beauty & Personal Care,Haircare,South,Monsoon,330.55,367.53,7,41.0,2572.71,2313.85,258.86,10.06
TXN101519,Beauty & Personal Care,Grooming,East,Monsoon,486.65,658.88,9,22.0,5929.92,4379.85,1550.07,26.14
TXN101520,Grocery,Snacks,East,Spring,354.21,326.65,21,14.0,6859.65,7438.41,-578.76,-8.44
TXN101521,Grocery,Snacks,East,Winter,463.66,503.73,15,9.0,7555.95,6954.9,601.05,7.95
TXN101522,Home & Kitchen,Storage,South,Summer,140.33,169.3,9,53.0,1523.7,1262.97,260.73,17.11
TXN101523,Home & Kitchen,Cookware,North,Winter,44.44,56.13,10,67.0,561.3,444.4,116.9,20.83
TXN101524,Grocery,Staples,East,Summer,184.89,177.63,12,13.0,2131.56,2218.68,-87.12,-4.09
TXN101525,Home & Kitchen,Appliances,West,Monsoon,42.92,45.25,5,98.0,226.25,214.6,11.65,5.15
TXN101526,Home & Kitchen,Furniture,East,Festive,241.85,300.85,6,,1805.1,1451.1,354.0,19.61
TXN101527,Apparel,Kids Wear,North,Spring,323.57,361.82,9,78.0,3256.38,2912.13,344.25,10.57
TXN101528,Home & Kitchen,Furniture,West,Winter,112.5,138.98,9,70.0,1250.82,1012.5,238.32,19.05
TXN101529,Grocery,Staples,Central,Spring,291.34,320.11,13,10.0,4161.43,3787.42,374.01,8.99
TXN101530,Electronics,Smartphones,Central,Monsoon,1341.2,1488.0,8,28.0,11904.0,10729.6,1174.4,9.87
TXN101531,Electronics,Accessories,South,Spring,1646.1,1783.56,8,37.0,14268.48,13168.8,1099.68,7.71
TXN101532,Electronics,Accessories,North,Winter,730.33,826.22,9,34.0,7435.98,6572.97,863.01,11.61
TXN101533,Beauty & Personal Care,Makeup,East,Summer,19.74,21.42,10,53.0,214.2,197.4,16.8,7.84
TXN101534,Grocery,Dairy,East,Summer,261.88,285.4,14,6.0,3995.6,3666.32,329.28,8.24
TXN101535,Electronics,Cameras,North,Festive,1879.85,2073.51,7,35.0,14514.57,13158.95,1355.62,9.34
TXN101536,Home & Kitchen,Appliances,West,Summer,414.76,431.32,10,85.0,4313.2,4147.6,165.6,3.84
TXN101537,Home & Kitchen,Cookware,North,Festive,157.5,200.39,6,56.0,1202.34,945.0,257.34,21.4
TXN101538,Home & Kitchen,Decor,West,Festive,219.93,257.22,5,,1286.1,1099.65,186.45,14.5
TXN101539,Electronics,Headphones,West,Spring,1253.8,1418.87,11,39.0,15607.57,13791.8,1815.77,11.63
TXN101540,Electronics,Cameras,West,Festive,2796.47,2997.05,5,33.0,14985.25,13982.35,1002.9,6.69
TXN101541,Electronics,Cameras,South,Winter,2414.83,2260.23,4,58.0,9040.92,9659.32,-618.4,-6.84
TXN101542,Electronics,Accessories,Central,Summer,1282.41,1396.37,12,58.0,16756.44,15388.92,1367.52,8.16
TXN101543,Apparel,Winter Wear,West,Spring,227.55,284.6,7,86.0,1992.2,1592.85,399.35,20.05
TXN101544,Apparel,Footwear,South,Spring,299.36,372.94,3,98.0,1118.82,898.08,220.74,19.73
TXN101545,Electronics,Accessories,East,Summer,1529.14,1697.1,8,31.0,13576.8,12233.12,1343.68,9.9
TXN101546,Apparel,Kids Wear,East,Monsoon,486.18,587.07,7,35.0,4109.49,3403.26,706.23,17.19
TXN101547,Electronics,Smartphones,Central,Winter,1756.05,1665.57,8,55.0,13324.56,14048.4,-723.84,-5.43
TXN101548,Electronics,Accessories,West,Monsoon,1727.52,1685.71,9,57.0,15171.39,15547.68,-376.29,-2.48
TXN101549,Grocery,Snacks,South,Monsoon,161.05,169.52,17,9.0,2881.84,2737.85,143.99,5.0
TXN101550,Grocery,Dairy,North,Summer,108.13,113.09,19,,2148.71,2054.47,94.24,4.39
TXN101551,Electronics,Cameras,South,Spring,616.5,655.08,4,39.0,2620.32,2466.0,154.32,5.89
TXN101552,Home & Kitchen,Furniture,Central,Monsoon,360.29,434.34,4,89.0,1737.36,1441.16,296.2,17.05
TXN101553,Home & Kitchen,Storage,West,Monsoon,487.25,582.38,10,42.0,5823.8,4872.5,951.3,16.33
TXN101554,Home & Kitchen,Storage,North,Summer,313.9,370.76,5,66.0,1853.8,1569.5,284.3,15.34
TXN101555,Beauty & Personal Care,Haircare,North,Monsoon,144.86,198.12,8,32.0,1584.96,1158.88,426.08,26.88
TXN101556,Home & Kitchen,Appliances,Central,Summer,105.8,134.91,8,49.0,1079.28,846.4,232.88,21.58
TXN101557,Apparel,Kids Wear,Central,Spring,47.89,60.07,7,103.0,420.49,335.23,85.26,20.28
TXN101558,Beauty & Personal Care,Grooming,East,Summer,477.44,592.21,6,28.0,3553.26,2864.64,688.62,19.38
TXN101559,Electronics,Cameras,North,Spring,2581.19,2657.82,10,69.0,26578.2,25811.9,766.3,2.88
TXN101560,Grocery,Dairy,East,Festive,25.64,25.88,13,17.0,336.44,333.32,3.12,0.93
TXN101561,Electronics,Accessories,South,Monsoon,1229.86,1260.41,4,54.0,5041.64,4919.44,122.2,2.42
TXN101562,Beauty & Personal Care,Skincare,Central,Festive,64.07,81.74,8,32.0,653.92,512.56,141.36,21.62
TXN101563,Apparel,Winter Wear,East,Spring,345.95,409.18,7,80.0,2864.26,2421.65,442.61,15.45
TXN101564,Beauty & Personal Care,Grooming,East,Festive,106.68,125.02,5,41.0,625.1,533.4,91.7,14.67
TXN101565,Home & Kitchen,Decor,East,Winter,144.05,155.84,7,75.0,1090.88,1008.35,82.53,7.57
TXN101566,Electronics,Smartphones,West,Spring,540.47,568.71,8,59.0,4549.68,4323.76,225.92,4.97
TXN101567,Beauty & Personal Care,Skincare,West,Festive,308.11,412.85,11,35.0,4541.35,3389.21,1152.14,25.37
TXN101568,Electronics,Cameras,West,Festive,2584.68,2387.38,6,58.0,14324.28,15508.08,-1183.8,-8.26
TXN101569,Beauty & Personal Care,Fragrances,East,Monsoon,62.3,82.29,10,22.0,822.9,623.0,199.9,24.29
TXN101570,Beauty & Personal Care,Makeup,East,Festive,284.01,397.72,4,33.0,1590.88,1136.04,454.84,28.59
TXN101571,Electronics,Smartphones,East,Festive,1954.66,2096.15,10,43.0,20961.5,19546.6,1414.9,6.75
TXN101572,Home & Kitchen,Storage,Central,Winter,475.61,526.15,8,73.0,4209.2,3804.88,404.32,9.61
TXN101573,Home & Kitchen,Storage,East,Festive,293.26,367.96,3,69.0,1103.88,879.78,224.1,20.3
TXN101574,Apparel,Women's Wear,North,Winter,36.0,47.15,7,57.0,330.05,252.0,78.05,23.65
TXN101575,Home & Kitchen,Storage,Central,Winter,86.5,110.52,9,59.0,994.68,778.5,216.18,21.73
TXN101576,Beauty & Personal Care,Grooming,Central,Summer,220.8,275.43,7,36.0,1928.01,1545.6,382.41,19.83
TXN101577,Home & Kitchen,Cookware,West,Spring,227.88,247.46,9,78.0,2227.14,2050.92,176.22,7.91
TXN101578,Grocery,Dairy,East,Winter,489.43,530.07,17,7.0,9011.19,8320.31,690.88,7.67
TXN101579,Grocery,Beverages,North,Monsoon,29.72,30.92,17,15.0,525.64,505.24,20.4,3.88
TXN101580,Grocery,Frozen Foods,South,Summer,122.71,123.3,21,14.0,2589.3,2576.91,12.39,0.48
TXN101581,Grocery,Dairy,,Festive,491.33,481.86,18,17.0,8673.48,8843.94,-170.46,-1.97
TXN101582,Electronics,Laptops,West,Winter,458.25,498.87,10,43.0,4988.7,4582.5,406.2,8.14
TXN101583,Electronics,Laptops,East,Winter,204.83,210.76,5,69.0,1053.8,1024.15,29.65,2.81
TXN101584,Electronics,Headphones,East,Festive,2939.42,3166.28,8,31.0,25330.24,23515.36,1814.88,7.16
TXN101585,Electronics,Laptops,South,Festive,2226.17,2038.42,8,49.0,16307.36,17809.36,-1502.0,-9.21
TXN101586,Grocery,Staples,Central,Monsoon,191.64,203.88,22,17.0,4485.36,4216.08,269.28,6.0
TXN101587,Home & Kitchen,Cookware,South,Monsoon,194.1,247.85,10,96.0,2478.5,1941.0,537.5,21.69
TXN101588,Apparel,Footwear,Central,Spring,447.43,495.72,6,107.0,2974.32,2684.58,289.74,9.74
TXN101589,Apparel,Footwear,Central,Spring,247.01,284.8,8,105.0,2278.4,1976.08,302.32,13.27
TXN101590,Home & Kitchen,Furniture,South,Winter,132.43,155.7,8,77.0,1245.6,1059.44,186.16,14.95
TXN101591,Electronics,Cameras,East,Monsoon,1956.86,2120.14,5,47.0,10600.7,9784.3,816.4,7.7
TXN101592,Apparel,Women's Wear,Central,Monsoon,12.24,15.29,6,66.0,91.74,73.44,18.3,19.95
TXN101593,Home & Kitchen,Storage,Central,Spring,478.87,568.64,7,43.0,3980.48,3352.09,628.39,15.79
TXN101594,Beauty & Personal Care,Grooming,West,Monsoon,255.93,346.6,9,39.0,3119.4,2303.37,816.03,26.16
TXN101595,Home & Kitchen,Decor,North,Summer,317.34,380.9,4,75.0,1523.6,1269.36,254.24,16.69
TXN101596,Beauty & Personal Care,Fragrances,East,Summer,357.19,438.75,5,59.0,2193.75,1785.95,407.8,18.59
TXN101597,Electronics,Headphones,East,Festive,478.89,510.47,9,40.0,4594.23,4310.01,284.22,6.19
TXN101598,Apparel,Kids Wear,South,Summer,489.74,583.84,6,115.0,3503.04,2938.44,564.6,16.12
TXN101599,Home & Kitchen,Furniture,South,Summer,247.42,272.69,7,86.0,1908.83,1731.94,176.89,9.27
TXN101600,Grocery,Dairy,North,Summer,148.79,152.37,18,14.0,2742.66,2678.22,64.44,2.35
TXN101601,Grocery,Dairy,North,Summer,297.6,288.54,20,12.0,5770.8,5952.0,-181.2,-3.14
TXN101602,Apparel,Men's Wear,North,Festive,22.37,24.1,9,117.0,216.9,201.33,15.57,7.18
TXN101603,Beauty & Personal Care,Fragrances,East,Festive,330.94,424.88,9,25.0,3823.92,2978.46,845.46,22.11
TXN101604,Grocery,Beverages,Central,Spring,87.66,88.37,14,18.0,1237.18,1227.24,9.94,0.8
TXN101605,Beauty & Personal Care,Fragrances,Central,Spring,358.19,486.71,8,36.0,3893.68,2865.52,1028.16,26.41
TXN101606,Home & Kitchen,Cookware,North,Spring,225.58,257.48,6,86.0,1544.88,1353.48,191.4,12.39
TXN101607,Beauty & Personal Care,Grooming,South,Festive,56.77,73.1,6,43.0,438.6,340.62,97.98,22.34
TXN101608,Beauty & Personal Care,Skincare,North,Spring,48.94,58.66,6,41.0,351.96,293.64,58.32,16.57
TXN101609,Grocery,Dairy,Central,Festive,178.0,188.78,18,6.0,3398.04,3204.0,194.04,5.71
TXN101610,Apparel,Women's Wear,North,Spring,436.09,560.95,4,30.0,2243.8,1744.36,499.44,22.26
TXN101611,Beauty & Personal Care,Fragrances,West,Summer,172.68,214.77,7,52.0,1503.39,1208.76,294.63,19.6
TXN101612,Beauty & Personal Care,Grooming,Central,Summer,185.28,226.12,5,31.0,1130.6,926.4,204.2,18.06
TXN101613,Electronics,Cameras,East,Winter,728.03,703.61,6,68.0,4221.66,4368.18,-146.52,-3.47
TXN101614,Electronics,Smartphones,North,Winter,1460.48,1428.59,8,48.0,11428.72,11683.84,-255.12,-2.23
TXN101615,Apparel,Footwear,South,Spring,438.0,579.56,5,78.0,2897.8,2190.0,707.8,24.43
TXN101616,Home & Kitchen,Furniture,South,Summer,143.23,159.1,7,78.0,1113.7,1002.61,111.09,9.97
TXN101617,Beauty & Personal Care,Grooming,Central,Winter,343.98,392.03,8,50.0,3136.24,2751.84,384.4,12.26
TXN101618,Electronics,Accessories,North,Festive,1702.44,1818.82,7,45.0,12731.74,11917.08,814.66,6.4
TXN101619,Grocery,Frozen Foods,North,Festive,460.93,494.21,22,6.0,10872.62,10140.46,732.16,6.73
TXN101620,Grocery,Frozen Foods,East,Festive,55.26,49.31,16,13.0,788.96,884.16,-95.2,-12.07
TXN101621,Apparel,Women's Wear,North,Spring,156.63,198.6,10,79.0,1986.0,1566.3,419.7,21.13
TXN101622,Apparel,Winter Wear,South,Summer,352.16,399.2,9,114.0,3592.8,3169.44,423.36,11.78
TXN101623,Electronics,Cameras,West,Monsoon,1630.21,1805.75,7,46.0,12640.25,11411.47,1228.78,9.72
TXN101624,Grocery,Staples,Central,Spring,200.42,202.36,13,17.0,2630.68,2605.46,25.22,0.96
TXN101625,Grocery,Staples,West,Festive,190.4,172.89,19,13.0,3284.91,3617.6,-332.69,-10.13
TXN101626,Home & Kitchen,Decor,Central,Summer,285.61,361.5,8,61.0,2892.0,2284.88,607.12,20.99
TXN101627,Electronics,Laptops,North,Festive,2812.32,3054.21,8,45.0,24433.68,22498.56,1935.12,7.92
TXN101628,Apparel,Winter Wear,North,Winter,251.5,330.05,6,99.0,1980.3,1509.0,471.3,23.8
TXN101629,Apparel,Men's Wear,South,Winter,446.94,502.03,6,94.0,3012.18,2681.64,330.54,10.97
TXN101630,Home & Kitchen,Decor,West,Summer,465.7,579.46,10,55.0,5794.6,4657.0,1137.6,19.63
TXN101631,Apparel,Footwear,East,Winter,208.81,228.65,12,109.0,2743.8,2505.72,238.08,8.68
TXN101632,Beauty & Personal Care,Skincare,South,Summer,21.87,24.69,6,52.0,148.14,131.22,16.92,11.42
TXN101633,Grocery,Frozen Foods,Central,Spring,13.56,14.15,10,13.0,141.5,135.6,5.9,4.17
TXN101634,Home & Kitchen,Storage,East,Monsoon,373.67,443.92,6,59.0,2663.52,2242.02,421.5,15.82
TXN101635,Grocery,Staples,East,Monsoon,147.41,159.81,18,3.0,2876.58,2653.38,223.2,7.76
TXN101636,Grocery,Frozen Foods,North,Spring,52.22,48.13,13,12.0,625.69,678.86,-53.17,-8.5
TXN101637,Beauty & Personal Care,Fragrances,North,Spring,86.78,111.39,8,26.0,891.12,694.24,196.88,22.09
TXN101638,Beauty & Personal Care,Fragrances,South,Spring,259.29,342.12,3,33.0,1026.36,777.87,248.49,24.21
TXN101639,Grocery,Staples,South,Summer,28.31,27.14,12,16.0,325.68,339.72,-14.04,-4.31
TXN101640,Apparel,Women's Wear,West,Summer,426.19,504.32,5,41.0,2521.6,2130.95,390.65,15.49
TXN101641,Grocery,Dairy,South,Spring,372.98,405.6,23,5.0,9328.8,8578.54,750.26,8.04
TXN101642,Electronics,Smartphones,West,Winter,318.65,339.87,5,57.0,1699.35,1593.25,106.1,6.24
TXN101643,Apparel,Kids Wear,East,Summer,338.26,380.65,7,87.0,2664.55,2367.82,296.73,11.14
TXN101644,Electronics,Headphones,West,Summer,253.32,257.26,10,49.0,2572.6,2533.2,39.4,1.53
TXN101645,Grocery,Staples,North,Festive,402.01,426.8,15,14.0,6402.0,6030.15,371.85,5.81
TXN101646,Home & Kitchen,Appliances,East,Monsoon,428.18,503.29,11,59.0,5536.19,4709.98,826.21,14.92
TXN101647,Apparel,Men's Wear,West,Summer,330.32,391.65,12,67.0,4699.8,3963.84,735.96,15.66
TXN101648,Electronics,Accessories,East,Festive,2580.79,2558.49,6,51.0,15350.94,15484.74,-133.8,-0.87
TXN101649,Beauty & Personal Care,Makeup,West,Spring,410.85,553.61,7,20.0,3875.27,2875.95,999.32,25.79
TXN101650,Electronics,Laptops,Central,Festive,1500.98,1606.16,8,29.0,12849.28,12007.84,841.44,6.55
TXN101651,Beauty & Personal Care,Fragrances,West,Spring,10.71,13.52,7,23.0,94.64,74.97,19.67,20.78
TXN101652,Electronics,Cameras,East,Summer,268.31,283.54,10,54.0,2835.4,2683.1,152.3,5.37
TXN101653,Apparel,Women's Wear,West,Spring,325.56,435.16,6,70.0,2610.96,1953.36,657.6,25.19
TXN101654,Grocery,Snacks,North,Festive,140.39,132.68,21,15.0,2786.28,2948.19,-161.91,-5.81
TXN101655,Apparel,Winter Wear,East,Summer,321.46,380.32,7,88.0,2662.24,2250.22,412.02,15.48
TXN101656,Beauty & Personal Care,Skincare,North,Monsoon,218.34,282.03,14,44.0,3948.42,3056.76,891.66,22.58
TXN101657,Grocery,Frozen Foods,North,Summer,209.76,230.48,19,8.0,4379.12,3985.44,393.68,8.99
TXN101658,Apparel,Kids Wear,Central,Monsoon,35.84,46.34,4,35.0,185.36,143.36,42.0,22.66
TXN101659,Beauty & Personal Care,Makeup,North,Monsoon,389.08,476.11,5,43.0,2380.55,1945.4,435.15,18.28
TXN101660,Electronics,Accessories,West,Summer,2206.35,2308.86,7,49.0,16162.02,15444.45,717.57,4.44
TXN101661,Apparel,Footwear,South,Summer,491.22,644.64,4,111.0,2578.56,1964.88,613.68,23.8
TXN101662,Beauty & Personal Care,Fragrances,Central,Winter,427.93,559.18,8,38.0,4473.44,3423.44,1050.0,23.47
TXN101663,Electronics,Smartphones,South,Festive,2133.17,2252.27,8,46.0,18018.16,17065.36,952.8,5.29
TXN101664,Beauty & Personal Care,Grooming,South,Spring,170.68,212.18,7,46.0,1485.26,1194.76,290.5,19.56
TXN101665,Home & Kitchen,Decor,East,Winter,363.27,409.09,4,81.0,1636.36,1453.08,183.28,11.2
TXN101666,Apparel,Women's Wear,East,Summer,43.61,51.03,4,98.0,204.12,174.44,29.68,14.54
TXN101667,Electronics,Accessories,Central,Winter,585.07,586.69,6,54.0,3520.14,3510.42,9.72,0.28
TXN101668,Grocery,Frozen Foods,East,Winter,180.97,192.02,12,12.0,2304.24,2171.64,132.6,5.75
TXN101669,Grocery,Dairy,South,Festive,305.59,324.42,20,10.0,6488.4,6111.8,376.6,5.8
TXN101670,Apparel,Women's Wear,South,Spring,449.74,475.01,6,87.0,2850.06,2698.44,151.62,5.32
TXN101671,Beauty & Personal Care,Skincare,Central,Winter,202.19,276.61,9,28.0,2489.49,1819.71,669.78,26.9
TXN101672,Home & Kitchen,Decor,West,Spring,190.89,238.83,6,53.0,1432.98,1145.34,287.64,20.07
TXN101673,Beauty & Personal Care,Grooming,South,Summer,462.68,636.39,2,20.0,1272.78,925.36,347.42,27.3
TXN101674,Grocery,Dairy,South,Spring,145.66,133.92,11,14.0,1473.12,1602.26,-129.14,-8.77
TXN101675,Apparel,Women's Wear,East,Spring,423.72,532.14,6,114.0,3192.84,2542.32,650.52,20.37
TXN101676,Home & Kitchen,Furniture,South,Spring,225.58,275.1,4,63.0,1100.4,902.32,198.08,18.0
TXN101677,Apparel,Men's Wear,East,Spring,498.93,606.95,4,79.0,2427.8,1995.72,432.08,17.8
TXN101678,Electronics,Accessories,East,Festive,2229.77,2278.45,7,57.0,15949.15,15608.39,340.76,2.14
TXN101679,Beauty & Personal Care,Haircare,North,Winter,81.38,104.01,4,33.0,416.04,325.52,90.52,21.76
TXN101680,Home & Kitchen,Decor,Central,Winter,103.11,110.01,8,99.0,880.08,824.88,55.2,6.27
TXN101681,Apparel,Winter Wear,North,Festive,118.28,131.77,7,84.0,922.39,827.96,94.43,10.24
TXN101682,Grocery,Frozen Foods,East,Summer,75.88,73.9,17,13.0,1256.3,1289.96,-33.66,-2.68
TXN101683,Apparel,Kids Wear,East,Spring,33.66,43.07,6,34.0,258.42,201.96,56.46,21.85
TXN101684,Beauty & Personal Care,Makeup,Central,Spring,301.8,422.41,11,40.0,4646.51,3319.8,1326.71,28.55
TXN101685,Grocery,Dairy,West,Monsoon,479.51,515.3,16,11.0,8244.8,7672.16,572.64,6.95
TXN101686,Home & Kitchen,Appliances,West,Monsoon,201.87,223.97,2,74.0,447.94,403.74,44.2,9.87
TXN101687,Apparel,Men's Wear,North,Spring,425.49,484.67,7,110.0,3392.69,2978.43,414.26,12.21
TXN101688,Beauty & Personal Care,Skincare,East,Summer,54.04,68.39,5,52.0,341.95,270.2,71.75,20.98
TXN101689,Apparel,Footwear,West,Summer,131.79,167.2,6,32.0,1003.2,790.74,212.46,21.18
TXN101690,Apparel,Winter Wear,South,Monsoon,475.45,540.36,9,101.0,4863.24,4279.05,584.19,12.01
TXN101691,Grocery,Beverages,South,Spring,20.44,18.98,10,18.0,189.8,204.4,-14.6,-7.69
TXN101692,Electronics,Laptops,West,Winter,1310.3,1456.61,5,37.0,7283.05,6551.5,731.55,10.04
TXN101693,Grocery,Dairy,South,Monsoon,348.35,378.1,15,5.0,5671.5,5225.25,446.25,7.87
TXN101694,Electronics,Accessories,Central,Monsoon,1107.64,1223.49,4,43.0,4893.96,4430.56,463.4,9.47
TXN101695,Apparel,Footwear,East,Festive,119.08,132.79,7,88.0,929.53,833.56,95.97,10.32
TXN101696,Electronics,Cameras,North,Summer,550.97,588.31,7,52.0,4118.17,3856.79,261.38,6.35
TXN101697,Electronics,Accessories,Central,Spring,1337.36,1455.08,7,28.0,10185.56,9361.52,824.04,8.09
TXN101698,Home & Kitchen,Cookware,East,Festive,410.4,468.89,9,96.0,4220.01,3693.6,526.41,12.47
TXN101699,Home & Kitchen,Appliances,East,Monsoon,229.15,282.41,8,67.0,2259.28,1833.2,426.08,18.86
TXN101700,Apparel,Women's Wear,South,Monsoon,388.21,431.68,6,89.0,2590.08,2329.26,260.82,10.07
TXN101701,Grocery,Beverages,Central,Summer,28.37,30.6,12,11.0,367.2,340.44,26.76,7.29
TXN101702,Home & Kitchen,Furniture,East,Winter,244.43,282.47,3,55.0,847.41,733.29,114.12,13.47
TXN101703,Home & Kitchen,Storage,South,Spring,191.4,236.92,12,62.0,2843.04,2296.8,546.24,19.21
TXN101704,Grocery,Snacks,Central,Winter,413.99,441.25,18,9.0,7942.5,7451.82,490.68,6.18
TXN101705,Grocery,Snacks,South,Monsoon,389.36,368.38,17,14.0,6262.46,6619.12,-356.66,-5.7
TXN101706,Grocery,Frozen Foods,East,Festive,21.38,22.56,18,5.0,406.08,384.84,21.24,5.23
TXN101707,Apparel,Footwear,Central,Festive,298.39,368.13,8,106.0,2945.04,2387.12,557.92,18.94
TXN101708,Apparel,Winter Wear,South,Spring,64.39,78.6,2,44.0,157.2,128.78,28.42,18.08
TXN101709,Grocery,Frozen Foods,West,Spring,98.42,89.05,8,18.0,712.4,787.36,-74.96,-10.52
TXN101710,Home & Kitchen,Decor,South,Winter,69.0,79.65,9,61.0,716.85,621.0,95.85,13.37
TXN101711,Electronics,Cameras,South,Monsoon,538.26,600.87,7,31.0,4206.09,3767.82,438.27,10.42
TXN101712,Grocery,Dairy,South,Winter,47.44,51.03,9,3.0,459.27,426.96,32.31,7.04
TXN101713,Home & Kitchen,Decor,North,Monsoon,276.02,334.4,10,66.0,3344.0,2760.2,583.8,17.46
TXN101714,Apparel,Women's Wear,North,Summer,207.01,252.74,5,59.0,1263.7,1035.05,228.65,18.09
TXN101715,Apparel,Men's Wear,East,Winter,141.42,152.28,11,108.0,1675.08,1555.62,119.46,7.13
TXN101716,Beauty & Personal Care,Skincare,Central,Winter,467.61,524.95,5,,2624.75,2338.05,286.7,10.92
TXN101717,Apparel,Footwear,North,Spring,87.82,118.54,13,56.0,1541.02,1141.66,399.36,25.92
TXN101718,Home & Kitchen,Decor,Central,Summer,234.04,273.84,6,71.0,1643.04,1404.24,238.8,14.53
TXN101719,Apparel,Footwear,North,Summer,419.87,485.26,5,77.0,2426.3,2099.35,326.95,13.48
TXN101720,Grocery,Beverages,South,Winter,73.58,79.32,13,8.0,1031.16,956.54,74.62,7.24
TXN101721,Apparel,Men's Wear,East,Summer,429.43,531.15,6,56.0,3186.9,2576.58,610.32,19.15
TXN101722,Grocery,Beverages,South,Monsoon,291.8,307.62,16,12.0,4921.92,4668.8,253.12,5.14
TXN101723,Electronics,Laptops,West,Festive,594.18,562.21,10,64.0,5622.1,5941.8,-319.7,-5.69
TXN101724,Electronics,Laptops,West,Winter,2746.56,2778.47,6,59.0,16670.82,16479.36,191.46,1.15
TXN101725,Beauty & Personal Care,Fragrances,Central,Summer,337.67,457.81,4,37.0,1831.24,1350.68,480.56,26.24
TXN101726,Apparel,Men's Wear,Central,Winter,297.21,357.92,6,56.0,2147.52,1783.26,364.26,16.96
TXN101727,Electronics,Accessories,South,Summer,2508.02,2663.92,5,,13319.6,12540.1,779.5,5.85
TXN101728,Electronics,Smartphones,East,Monsoon,2828.76,3211.19,8,54.0,25689.52,22630.08,3059.44,11.91
TXN101729,Apparel,Women's Wear,East,Winter,368.59,379.88,9,96.0,3418.92,3317.31,101.61,2.97
TXN101730,Electronics,Headphones,West,Summer,1995.88,2113.52,2,69.0,4227.04,3991.76,235.28,5.57
TXN101731,Home & Kitchen,Cookware,North,Monsoon,36.75,45.41,8,61.0,363.28,294.0,69.28,19.07
TXN101732,Electronics,Cameras,South,Monsoon,1841.72,2001.35,1,58.0,2001.35,1841.72,159.63,7.98
TXN101733,Home & Kitchen,Furniture,West,Spring,228.18,242.57,7,76.0,1697.99,1597.26,100.73,5.93
TXN101734,Beauty & Personal Care,Grooming,South,Spring,407.7,535.43,14,,7496.02,5707.8,1788.22,23.86
TXN101735,Grocery,Snacks,North,Summer,170.11,179.85,26,14.0,4676.1,4422.86,253.24,5.42
TXN101736,Home & Kitchen,Decor,Central,Monsoon,193.9,237.3,6,66.0,1423.8,1163.4,260.4,18.29
TXN101737,Apparel,Winter Wear,North,Monsoon,87.7,97.49,6,78.0,584.94,526.2,58.74,10.04
TXN101738,Apparel,Footwear,North,Spring,241.66,321.94,7,32.0,2253.58,1691.62,561.96,24.94
TXN101739,Apparel,Women's Wear,West,Winter,279.67,376.38,7,58.0,2634.66,1957.69,676.97,25.69
TXN101740,Grocery,Beverages,East,Summer,283.18,283.7,13,12.0,3688.1,3681.34,6.76,0.18
TXN101741,Electronics,Laptops,Central,Spring,1706.72,1662.06,13,66.0,21606.78,22187.36,-580.58,-2.69
TXN101742,Electronics,Smartphones,North,Monsoon,1096.34,1102.85,7,61.0,7719.95,7674.38,45.57,0.59
TXN101743,Grocery,Frozen Foods,South,Summer,412.3,438.43,17,6.0,7453.31,7009.1,444.21,5.96
TXN101744,Home & Kitchen,Storage,West,Spring,157.95,185.02,6,65.0,1110.12,947.7,162.42,14.63
TXN101745,Beauty & Personal Care,Haircare,East,Winter,49.84,67.79,6,34.0,406.74,299.04,107.7,26.48
TXN101746,Apparel,Kids Wear,East,Festive,415.58,516.24,8,88.0,4129.92,3324.64,805.28,19.5
TXN101747,Electronics,Laptops,East,Winter,831.05,924.69,3,63.0,2774.07,2493.15,280.92,10.13
TXN101748,Grocery,Snacks,West,Festive,91.75,96.79,20,5.0,1935.8,1835.0,100.8,5.21
TXN101749,Electronics,Accessories,North,Festive,2817.15,2691.9,3,57.0,8075.7,8451.45,-375.75,-4.65
TXN101750,Grocery,Staples,South,Festive,96.69,98.88,16,12.0,1582.08,1547.04,35.04,2.21
TXN101751,Grocery,Staples,South,Monsoon,116.81,113.84,15,15.0,1707.6,1752.15,-44.55,-2.61
TXN101752,Home & Kitchen,Storage,West,Winter,360.24,452.57,8,79.0,3620.56,2881.92,738.64,20.4
TXN101753,Beauty & Personal Care,Grooming,West,Spring,380.84,469.18,8,30.0,3753.44,3046.72,706.72,18.83
TXN101754,Home & Kitchen,Storage,North,Monsoon,153.83,183.58,8,41.0,1468.64,1230.64,238.0,16.21
TXN101755,Home & Kitchen,Furniture,South,Winter,85.93,89.44,7,98.0,626.08,601.51,24.57,3.92
TXN101756,Electronics,Accessories,West,Festive,791.93,863.46,6,40.0,5180.76,4751.58,429.18,8.28
TXN101757,Grocery,Dairy,South,Summer,403.75,430.64,18,11.0,7751.52,7267.5,484.02,6.24
TXN101758,Electronics,Cameras,West,Summer,2903.76,3281.72,5,37.0,16408.6,14518.8,1889.8,11.52
TXN101759,Grocery,Snacks,West,Festive,377.31,395.13,15,11.0,5926.95,5659.65,267.3,4.51
TXN101760,Electronics,Headphones,North,Spring,2668.06,2740.91,15,50.0,41113.65,40020.9,1092.75,2.66
TXN101761,Apparel,Footwear,East,Monsoon,149.04,179.29,6,55.0,1075.74,894.24,181.5,16.87
TXN101762,Apparel,Footwear,South,Summer,251.39,299.34,4,92.0,1197.36,1005.56,191.8,16.02
TXN101763,Electronics,Headphones,East,Spring,2406.49,2268.15,8,64.0,18145.2,19251.92,-1106.72,-6.1
TXN101764,Home & Kitchen,Appliances,Central,Winter,75.95,93.28,4,69.0,373.12,303.8,69.32,18.58
TXN101765,Apparel,Winter Wear,North,Monsoon,168.73,202.39,8,79.0,1619.12,1349.84,269.28,16.63
TXN101766,Electronics,Smartphones,South,Monsoon,862.07,929.85,8,38.0,7438.8,6896.56,542.24,7.29
TXN101767,Home & Kitchen,Cookware,North,Monsoon,496.36,600.08,8,48.0,4800.64,3970.88,829.76,17.28
TXN101768,Electronics,Laptops,West,Spring,2822.36,3081.08,2,47.0,6162.16,5644.72,517.44,8.4
TXN101769,Beauty & Personal Care,Makeup,East,Winter,217.73,296.22,4,21.0,1184.88,870.92,313.96,26.5
TXN101770,Electronics,Headphones,East,Winter,359.44,393.99,5,30.0,1969.95,1797.2,172.75,8.77
TXN101771,Grocery,Beverages,East,Summer,268.95,246.54,19,14.0,4684.26,5110.05,-425.79,-9.09
TXN101772,Home & Kitchen,Appliances,West,Winter,42.66,48.59,3,86.0,145.77,127.98,17.79,12.2
TXN101773,Home & Kitchen,Appliances,West,Spring,412.73,527.59,9,67.0,4748.31,3714.57,1033.74,21.77
TXN101774,Apparel,Footwear,East,Spring,241.52,283.72,9,88.0,2553.48,2173.68,379.8,14.87
TXN101775,Beauty & Personal Care,Fragrances,Central,Spring,80.55,108.77,10,21.0,1087.7,805.5,282.2,25.94
TXN101776,Apparel,Kids Wear,North,Spring,476.55,530.62,10,79.0,5306.2,4765.5,540.7,10.19
TXN101777,Home & Kitchen,Appliances,West,Winter,208.2,240.33,8,52.0,1922.64,1665.6,257.04,13.37
TXN101778,Grocery,Frozen Foods,South,Winter,308.98,323.23,12,7.0,3878.76,3707.76,171.0,4.41
TXN101779,Grocery,Dairy,Central,Monsoon,434.32,417.73,11,17.0,4595.03,4777.52,-182.49,-3.97
TXN101780,Grocery,Staples,East,Winter,308.8,329.42,19,16.0,6258.98,5867.2,391.78,6.26
TXN101781,Electronics,Smartphones,North,Summer,1679.21,1621.43,5,54.0,8107.15,8396.05,-288.9,-3.56
TXN101782,Apparel,Men's Wear,South,Monsoon,325.93,399.11,7,93.0,2793.77,2281.51,512.26,18.34
TXN101783,Apparel,Winter Wear,Central,Winter,383.89,398.94,8,105.0,3191.52,3071.12,120.4,3.77
TXN101784,Electronics,Accessories,West,Festive,2916.82,3137.26,6,,18823.56,17500.92,1322.64,7.03
TXN101785,Electronics,Cameras,Central,Summer,2409.58,2450.43,6,52.0,14702.58,14457.48,245.1,1.67
TXN101786,Beauty & Personal Care,Fragrances,East,Winter,223.95,269.55,8,57.0,2156.4,1791.6,364.8,16.92
TXN101787,Home & Kitchen,Furniture,South,Summer,179.48,221.32,8,57.0,1770.56,1435.84,334.72,18.9
TXN101788,Grocery,Dairy,East,Winter,348.38,341.98,11,15.0,3761.78,3832.18,-70.4,-1.87
TXN101789,Home & Kitchen,Cookware,East,Spring,283.78,309.63,5,82.0,1548.15,1418.9,129.25,8.35
TXN101790,Apparel,Men's Wear,West,Festive,196.74,230.41,5,86.0,1152.05,983.7,168.35,14.61
TXN101791,Beauty & Personal Care,Skincare,East,Summer,19.29,25.83,13,51.0,335.79,250.77,85.02,25.32
TXN101792,Beauty & Personal Care,Makeup,West,Summer,161.98,196.33,11,49.0,2159.63,1781.78,377.85,17.5
TXN101793,Apparel,Women's Wear,North,Summer,398.59,467.8,8,94.0,3742.4,3188.72,553.68,14.79
TXN101794,Apparel,Kids Wear,West,Spring,193.68,253.46,4,56.0,1013.84,774.72,239.12,23.59
TXN101795,Home & Kitchen,Decor,East,Summer,357.36,413.66,8,43.0,3309.28,2858.88,450.4,13.61
TXN101796,Electronics,Accessories,North,Spring,1749.3,1952.11,8,38.0,15616.88,13994.4,1622.48,10.39
TXN101797,Grocery,Frozen Foods,Central,Monsoon,451.3,478.84,13,3.0,6224.92,5866.9,358.02,5.75
TXN101798,Apparel,Men's Wear,South,Winter,312.78,404.32,10,43.0,4043.2,3127.8,915.4,22.64
TXN101799,Grocery,Staples,West,Monsoon,103.38,99.76,15,13.0,1496.4,1550.7,-54.3,-3.63
TXN101800,Grocery,Dairy,East,Spring,277.02,293.65,13,8.0,3817.45,3601.26,216.19,5.66
TXN101801,Grocery,Beverages,North,Winter,454.52,427.9,9,17.0,3851.1,4090.68,-239.58,-6.22
TXN101802,Beauty & Personal Care,Fragrances,,Festive,107.74,133.44,9,21.0,1200.96,969.66,231.3,19.26
TXN101803,Electronics,Accessories,North,Summer,2491.13,2741.02,6,42.0,16446.12,14946.78,1499.34,9.12
TXN101804,Home & Kitchen,Storage,East,Winter,284.53,355.15,10,69.0,3551.5,2845.3,706.2,19.88
TXN101805,Electronics,Laptops,East,Spring,977.97,1061.81,4,32.0,4247.24,3911.88,335.36,7.9
TXN101806,Apparel,Winter Wear,South,Spring,37.23,42.41,8,88.0,339.28,297.84,41.44,12.21
TXN101807,Apparel,Footwear,Central,Festive,437.29,569.95,7,60.0,3989.65,3061.03,928.62,23.28
TXN101808,Electronics,Laptops,South,Monsoon,1941.43,1884.59,10,55.0,18845.9,19414.3,-568.4,-3.02
TXN101809,Apparel,Kids Wear,North,Winter,104.76,135.25,4,39.0,541.0,419.04,121.96,22.54
TXN101810,Beauty & Personal Care,Fragrances,Central,Festive,349.21,452.09,7,56.0,3164.63,2444.47,720.16,22.76
TXN101811,Apparel,Women's Wear,West,Festive,334.72,356.19,2,96.0,712.38,669.44,42.94,6.03
TXN101812,Electronics,Headphones,South,Winter,386.35,401.54,5,59.0,2007.7,1931.75,75.95,3.78
TXN101813,Grocery,Dairy,North,Spring,465.85,492.46,12,11.0,5909.52,5590.2,319.32,5.4
TXN101814,Grocery,Beverages,North,Winter,380.65,401.71,17,5.0,6829.07,6471.05,358.02,5.24
TXN101815,Beauty & Personal Care,Skincare,Central,Summer,423.26,525.84,7,24.0,3680.88,2962.82,718.06,19.51
TXN101816,Grocery,Snacks,North,Summer,99.78,107.27,16,9.0,1716.32,1596.48,119.84,6.98
TXN101817,Electronics,Laptops,South,Spring,975.76,1045.32,9,53.0,9407.88,8781.84,626.04,6.65
TXN101818,Apparel,Footwear,Central,Spring,407.02,499.86,7,33.0,3499.02,2849.14,649.88,18.57
TXN101819,Apparel,Women's Wear,West,Monsoon,351.71,449.93,11,109.0,4949.23,3868.81,1080.42,21.83
TXN101820,Beauty & Personal Care,Fragrances,North,Monsoon,139.22,181.1,9,55.0,1629.9,1252.98,376.92,23.13
TXN101821,Apparel,Women's Wear,Central,Spring,294.31,383.34,6,59.0,2300.04,1765.86,534.18,23.22
TXN101822,Grocery,Dairy,East,Winter,265.29,274.19,16,15.0,4387.04,4244.64,142.4,3.25
TXN101823,Apparel,Women's Wear,South,Monsoon,290.09,321.41,7,79.0,2249.87,2030.63,219.24,9.74
TXN101824,Apparel,Women's Wear,South,Spring,118.82,151.84,5,63.0,759.2,594.1,165.1,21.75
TXN101825,Apparel,Footwear,South,Spring,361.71,378.19,7,112.0,2647.33,2531.97,115.36,4.36
TXN101826,Apparel,Winter Wear,East,Spring,97.73,125.94,11,109.0,1385.34,1075.03,310.31,22.4
TXN101827,Beauty & Personal Care,Haircare,East,Festive,160.89,196.18,4,49.0,784.72,643.56,141.16,17.99
TXN101828,Grocery,Dairy,South,Festive,95.22,99.19,22,5.0,2182.18,2094.84,87.34,4.0
TXN101829,Apparel,Women's Wear,North,Spring,338.15,447.4,2,51.0,894.8,676.3,218.5,24.42
TXN101830,Beauty & Personal Care,Haircare,Central,Spring,209.94,263.61,5,44.0,1318.05,1049.7,268.35,20.36
TXN101831,Home & Kitchen,Furniture,East,Summer,427.58,513.38,3,70.0,1540.14,1282.74,257.4,16.71
TXN101832,Electronics,Headphones,North,Monsoon,1945.99,1875.72,6,61.0,11254.32,11675.94,-421.62,-3.75
TXN101833,Apparel,Men's Wear,North,Monsoon,298.39,384.09,7,44.0,2688.63,2088.73,599.9,22.31
TXN101834,Grocery,Snacks,East,Festive,46.34,49.24,12,8.0,590.88,556.08,34.8,5.89
TXN101835,Electronics,Smartphones,Central,Summer,421.11,453.61,6,37.0,2721.66,2526.66,195.0,7.16
TXN101836,Grocery,Dairy,Central,Spring,485.99,447.94,20,12.0,8958.8,9719.8,-761.0,-8.49
TXN101837,Apparel,Winter Wear,South,Spring,181.92,218.01,7,33.0,1526.07,1273.44,252.63,16.55
TXN101838,Beauty & Personal Care,Fragrances,West,Monsoon,280.5,354.37,7,30.0,2480.59,1963.5,517.09,20.85
TXN101839,Apparel,Women's Wear,East,Winter,301.57,386.02,10,64.0,3860.2,3015.7,844.5,21.88
TXN101840,Beauty & Personal Care,Skincare,East,Festive,441.37,582.42,6,25.0,3494.52,2648.22,846.3,24.22
TXN101841,Beauty & Personal Care,Skincare,North,Festive,102.81,129.3,8,,1034.4,822.48,211.92,20.49
TXN101842,Grocery,Staples,West,Summer,258.84,276.61,15,4.0,4149.15,3882.6,266.55,6.42
TXN101843,Apparel,Men's Wear,South,Winter,391.07,470.24,8,54.0,3761.92,3128.56,633.36,16.84
TXN101844,Electronics,Smartphones,West,Festive,2867.63,3160.5,2,,6321.0,5735.26,585.74,9.27
TXN101845,Beauty & Personal Care,Haircare,South,Winter,124.94,167.76,7,53.0,1174.32,874.58,299.74,25.52
TXN101846,Apparel,Winter Wear,Central,Winter,45.04,53.5,9,33.0,481.5,405.36,76.14,15.81
TXN101847,Apparel,Winter Wear,South,Spring,352.17,409.83,9,114.0,3688.47,3169.53,518.94,14.07
TXN101848,Beauty & Personal Care,Skincare,West,Summer,208.8,257.99,9,20.0,2321.91,1879.2,442.71,19.07
TXN101849,Electronics,Accessories,Central,Monsoon,258.04,268.6,7,68.0,1880.2,1806.28,73.92,3.93
TXN101850,Grocery,Staples,Central,Spring,373.09,384.0,10,13.0,3840.0,3730.9,109.1,2.84
TXN101851,Beauty & Personal Care,Makeup,Central,Winter,109.32,136.71,8,23.0,1093.68,874.56,219.12,20.04
TXN101852,Home & Kitchen,Decor,West,Monsoon,357.98,421.24,5,46.0,2106.2,1789.9,316.3,15.02
TXN101853,Beauty & Personal Care,Skincare,West,Winter,259.35,317.08,6,47.0,1902.48,1556.1,346.38,18.21
TXN101854,Home & Kitchen,Appliances,Central,Festive,413.39,504.99,7,50.0,3534.93,2893.73,641.2,18.14
TXN101855,Electronics,Accessories,West,Summer,2946.29,3319.98,7,43.0,23239.86,20624.03,2615.83,11.26
TXN101856,Grocery,Staples,East,Winter,123.89,123.77,16,16.0,1980.32,1982.24,-1.92,-0.1
TXN101857,Apparel,Men's Wear,Central,Monsoon,171.69,226.84,7,73.0,1587.88,1201.83,386.05,24.31
TXN101858,Grocery,Frozen Foods,North,Spring,383.43,411.97,16,3.0,6591.52,6134.88,456.64,6.93
TXN101859,Apparel,Kids Wear,South,Festive,214.48,287.84,9,73.0,2590.56,1930.32,660.24,25.49
TXN101860,Electronics,Headphones,Central,Festive,2261.77,2387.82,10,28.0,23878.2,22617.7,1260.5,5.28
TXN101861,Home & Kitchen,Appliances,South,Winter,473.68,476.08,7,89.0,3332.56,3315.76,16.8,0.5
TXN101862,Grocery,Beverages,Central,Spring,384.03,375.83,16,19.0,6013.28,6144.48,-131.2,-2.18
TXN101863,Home & Kitchen,Appliances,South,Summer,325.22,402.0,6,49.0,2412.0,1951.32,460.68,19.1
TXN101864,Home & Kitchen,Furniture,West,Festive,482.42,606.78,3,55.0,1820.34,1447.26,373.08,20.5
TXN101865,Electronics,Accessories,East,Festive,1123.3,1226.95,7,28.0,8588.65,7863.1,725.55,8.45
TXN101866,Grocery,Snacks,North,Festive,226.79,239.43,21,3.0,5028.03,4762.59,265.44,5.28
TXN101867,Electronics,Smartphones,South,Festive,616.66,668.46,6,47.0,4010.76,3699.96,310.8,7.75
TXN101868,Home & Kitchen,Decor,Central,Summer,384.31,457.61,10,45.0,4576.1,3843.1,733.0,16.02
TXN101869,Home & Kitchen,Decor,East,Festive,45.17,49.53,9,77.0,445.77,406.53,39.24,8.8
TXN101870,Apparel,Men's Wear,West,Festive,184.89,222.22,4,90.0,888.88,739.56,149.32,16.8
TXN101871,Apparel,Men's Wear,North,Spring,286.93,349.17,9,68.0,3142.53,2582.37,560.16,17.83
TXN101872,Apparel,Winter Wear,East,Festive,124.74,148.0,6,89.0,888.0,748.44,139.56,15.72
TXN101873,Electronics,Smartphones,South,Winter,881.76,979.75,10,33.0,9797.5,8817.6,979.9,10.0
TXN101874,Grocery,Beverages,North,Summer,204.95,217.64,9,7.0,1958.76,1844.55,114.21,5.83
TXN101875,Grocery,Beverages,South,Festive,492.55,489.84,11,13.0,5388.24,5418.05,-29.81,-0.55
TXN101876,Grocery,Staples,West,Summer,205.19,194.2,20,17.0,3884.0,4103.8,-219.8,-5.66
TXN101877,Beauty & Personal Care,Fragrances,South,Summer,377.21,503.67,7,36.0,3525.69,2640.47,885.22,25.11
TXN101878,Apparel,Winter Wear,East,Monsoon,483.0,592.48,5,94.0,2962.4,2415.0,547.4,18.48
TXN101879,Apparel,Women's Wear,North,Spring,138.9,183.7,8,47.0,1469.6,1111.2,358.4,24.39
TXN101880,Grocery,Beverages,North,Winter,22.23,24.36,18,5.0,438.48,400.14,38.34,8.74
TXN101881,Electronics,Laptops,North,Summer,2634.01,2912.68,10,61.0,29126.8,26340.1,2786.7,9.57
TXN101882,Home & Kitchen,Storage,West,Festive,331.21,355.63,6,85.0,2133.78,1987.26,146.52,6.87
TXN101883,Electronics,Accessories,North,Winter,668.11,621.94,4,59.0,2487.76,2672.44,-184.68,-7.42
TXN101884,Electronics,Laptops,West,Monsoon,788.99,887.65,5,30.0,4438.25,3944.95,493.3,11.11
TXN101885,Home & Kitchen,Appliances,East,Spring,285.0,312.65,6,92.0,1875.9,1710.0,165.9,8.84
TXN101886,Beauty & Personal Care,Makeup,South,Monsoon,145.44,189.89,9,47.0,1709.01,1308.96,400.05,23.41
TXN101887,Grocery,Beverages,South,Summer,321.63,331.84,5,13.0,1659.2,1608.15,51.05,3.08
TXN101888,Home & Kitchen,Decor,Central,Spring,229.67,260.24,7,73.0,1821.68,1607.69,213.99,11.75
TXN101889,Beauty & Personal Care,Makeup,North,Summer,307.26,356.5,5,56.0,1782.5,1536.3,246.2,13.81
TXN101890,Apparel,Men's Wear,East,Festive,218.65,294.41,13,44.0,3827.33,2842.45,984.88,25.73
TXN101891,Home & Kitchen,Storage,North,Spring,25.73,32.08,4,55.0,128.32,102.92,25.4,19.79
TXN101892,Apparel,Winter Wear,Central,Summer,288.23,348.08,7,36.0,2436.56,2017.61,418.95,17.19
TXN101893,Grocery,Staples,East,Monsoon,490.19,474.01,15,18.0,7110.15,7352.85,-242.7,-3.41
TXN101894,Home & Kitchen,Furniture,North,Winter,235.07,267.8,6,94.0,1606.8,1410.42,196.38,12.22
TXN101895,Home & Kitchen,Cookware,West,Festive,113.47,136.37,4,47.0,545.48,453.88,91.6,16.79
TXN101896,Electronics,Cameras,South,Winter,1576.99,1636.66,6,55.0,9819.96,9461.94,358.02,3.65
TXN101897,Electronics,Cameras,North,Festive,592.41,608.56,2,49.0,1217.12,1184.82,32.3,2.65
TXN101898,Beauty & Personal Care,Makeup,South,Festive,214.25,261.06,4,47.0,1044.24,857.0,187.24,17.93
TXN101899,Apparel,Men's Wear,South,Summer,33.03,40.55,6,63.0,243.3,198.18,45.12,18.55
TXN101900,Home & Kitchen,Decor,West,Spring,413.98,524.11,8,61.0,4192.88,3311.84,881.04,21.01
TXN101901,Grocery,Dairy,North,Festive,268.01,282.05,13,3.0,3666.65,3484.13,182.52,4.98
TXN101902,Grocery,Staples,East,Spring,245.54,238.41,18,12.0,4291.38,4419.72,-128.34,-2.99
TXN101903,Beauty & Personal Care,Fragrances,North,Summer,52.82,68.65,5,30.0,343.25,264.1,79.15,23.06
TXN101904,Grocery,Snacks,East,Winter,27.88,30.43,14,11.0,426.02,390.32,35.7,8.38
TXN101905,Beauty & Personal Care,Makeup,Central,Spring,258.86,327.05,5,42.0,1635.25,1294.3,340.95,20.85
TXN101906,Grocery,Dairy,North,Monsoon,187.96,172.06,16,12.0,2752.96,3007.36,-254.4,-9.24
TXN101907,Apparel,Kids Wear,East,Spring,103.45,114.33,4,106.0,457.32,413.8,43.52,9.52
TXN101908,Electronics,Laptops,South,Spring,2474.76,2771.17,4,47.0,11084.68,9899.04,1185.64,10.7
TXN101909,Beauty & Personal Care,Makeup,Central,Winter,480.42,595.62,3,22.0,1786.86,1441.26,345.6,19.34
TXN101910,Apparel,Men's Wear,East,Winter,66.9,76.26,5,93.0,381.3,334.5,46.8,12.27
TXN101911,Home & Kitchen,Cookware,South,Monsoon,499.92,560.12,6,80.0,3360.72,2999.52,361.2,10.75
TXN101912,Beauty & Personal Care,Haircare,East,Festive,270.52,344.21,2,59.0,688.42,541.04,147.38,21.41
TXN101913,Grocery,Beverages,Central,Spring,421.51,454.39,14,5.0,6361.46,5901.14,460.32,7.24
TXN101914,Home & Kitchen,Appliances,South,Winter,20.55,23.26,7,98.0,162.82,143.85,18.97,11.65
TXN101915,Apparel,Women's Wear,Central,Spring,462.94,620.13,4,33.0,2480.52,1851.76,628.76,25.35
TXN101916,Home & Kitchen,Decor,East,Monsoon,187.66,232.49,4,46.0,929.96,750.64,179.32,19.28
TXN101917,Grocery,Beverages,West,Spring,327.83,318.99,20,12.0,6379.8,6556.6,-176.8,-2.77
TXN101918,Electronics,Cameras,Central,Winter,227.07,231.83,8,63.0,1854.64,1816.56,38.08,2.05
TXN101919,Electronics,Smartphones,Central,Winter,1468.93,1644.73,7,46.0,11513.11,10282.51,1230.6,10.69
TXN101920,Home & Kitchen,Decor,East,Summer,396.63,481.5,5,68.0,2407.5,1983.15,424.35,17.63
TXN101921,Electronics,Accessories,Central,Summer,505.22,565.57,14,43.0,7917.98,7073.08,844.9,10.67
TXN101922,Grocery,Beverages,South,Winter,489.44,462.14,10,16.0,4621.4,4894.4,-273.0,-5.91
TXN101923,Beauty & Personal Care,Haircare,East,Winter,147.01,198.66,14,20.0,2781.24,2058.14,723.1,26.0
TXN101924,Apparel,Winter Wear,West,Festive,292.0,376.36,3,85.0,1129.08,876.0,253.08,22.41
TXN101925,Home & Kitchen,Cookware,South,Spring,383.65,478.89,11,68.0,5267.79,4220.15,1047.64,19.89
TXN101926,Apparel,Winter Wear,Central,Festive,45.83,59.86,12,64.0,718.32,549.96,168.36,23.44
TXN101927,Electronics,Smartphones,South,Festive,785.25,842.79,6,36.0,5056.74,4711.5,345.24,6.83
TXN101928,Beauty & Personal Care,Haircare,Central,Winter,401.7,524.65,5,25.0,2623.25,2008.5,614.75,23.43
TXN101929,Beauty & Personal Care,Skincare,East,Spring,416.84,528.65,6,33.0,3171.9,2501.04,670.86,21.15
TXN101930,Home & Kitchen,Storage,East,Festive,260.15,292.3,11,94.0,3215.3,2861.65,353.65,11.0
TXN101931,Beauty & Personal Care,Makeup,North,Winter,371.0,420.57,7,53.0,2943.99,2597.0,346.99,11.79
TXN101932,Electronics,Headphones,South,Festive,765.34,764.54,11,52.0,8409.94,8418.74,-8.8,-0.1
TXN101933,Beauty & Personal Care,Grooming,South,Spring,213.19,272.17,8,53.0,2177.36,1705.52,471.84,21.67
TXN101934,Home & Kitchen,Decor,West,Summer,263.42,321.41,10,79.0,3214.1,2634.2,579.9,18.04
TXN101935,Grocery,Dairy,West,Winter,234.37,224.92,13,14.0,2923.96,3046.81,-122.85,-4.2
TXN101936,Beauty & Personal Care,Fragrances,South,Festive,192.62,224.97,5,56.0,1124.85,963.1,161.75,14.38
TXN101937,Electronics,Cameras,West,Spring,521.15,554.94,4,62.0,2219.76,2084.6,135.16,6.09
TXN101938,Grocery,Frozen Foods,Central,Spring,470.14,496.36,15,9.0,7445.4,7052.1,393.3,5.28
TXN101939,Beauty & Personal Care,Makeup,West,Summer,140.9,173.78,4,33.0,695.12,563.6,131.52,18.92
TXN101940,Electronics,Laptops,South,Spring,249.52,271.0,6,28.0,1626.0,1497.12,128.88,7.93
TXN101941,Electronics,Headphones,North,Monsoon,763.26,783.68,8,62.0,6269.44,6106.08,163.36,2.61
TXN101942,Grocery,Dairy,South,Winter,242.84,264.17,22,8.0,5811.74,5342.48,469.26,8.07
TXN101943,Electronics,Laptops,East,Spring,1818.39,1858.3,7,51.0,13008.1,12728.73,279.37,2.15
TXN101944,Electronics,Cameras,North,Summer,1962.9,2093.15,8,59.0,16745.2,15703.2,1042.0,6.22
TXN101945,Apparel,Women's Wear,Central,Winter,261.1,337.15,6,71.0,2022.9,1566.6,456.3,22.56
TXN101946,Electronics,Headphones,West,Winter,115.79,108.64,8,57.0,869.12,926.32,-57.2,-6.58
TXN101947,Home & Kitchen,Storage,East,Summer,318.4,368.25,6,57.0,2209.5,1910.4,299.1,13.54
TXN101948,Apparel,Men's Wear,North,Festive,343.41,460.05,13,71.0,5980.65,4464.33,1516.32,25.35
TXN101949,Grocery,Staples,East,Monsoon,235.05,258.05,17,6.0,4386.85,3995.85,391.0,8.91
TXN101950,Grocery,Beverages,North,Summer,448.86,464.75,20,15.0,9295.0,8977.2,317.8,3.42
TXN101951,Apparel,Kids Wear,North,Summer,220.39,265.11,6,99.0,1590.66,1322.34,268.32,16.87
TXN101952,Beauty & Personal Care,Skincare,South,Winter,444.09,522.8,13,58.0,6796.4,5773.17,1023.23,15.06
TXN101953,Grocery,Dairy,Central,Winter,113.52,123.51,14,8.0,1729.14,1589.28,139.86,8.09
TXN101954,Home & Kitchen,Appliances,South,Summer,392.02,498.19,5,44.0,2490.95,1960.1,530.85,21.31
TXN101955,Beauty & Personal Care,Fragrances,West,Monsoon,302.27,417.87,9,28.0,3760.83,2720.43,1040.4,27.66
TXN101956,Electronics,Accessories,East,Winter,2274.6,2453.99,4,26.0,9815.96,9098.4,717.56,7.31
TXN101957,Electronics,Smartphones,East,Winter,627.28,684.64,5,29.0,3423.2,3136.4,286.8,8.38
TXN101958,Grocery,Staples,Central,Monsoon,446.15,430.05,22,18.0,9461.1,9815.3,-354.2,-3.74
TXN101959,Grocery,Frozen Foods,Central,Festive,475.88,504.18,19,10.0,9579.42,9041.72,537.7,5.61
TXN101960,Home & Kitchen,Appliances,West,Spring,421.08,435.91,5,88.0,2179.55,2105.4,74.15,3.4
TXN101961,Electronics,Smartphones,East,Festive,2474.46,2400.38,7,67.0,16802.66,17321.22,-518.56,-3.09
TXN101962,Electronics,Laptops,West,Monsoon,1226.0,1305.43,13,41.0,16970.59,15938.0,1032.59,6.08
TXN101963,Home & Kitchen,Storage,East,Winter,332.35,418.84,7,50.0,2931.88,2326.45,605.43,20.65
TXN101964,Apparel,Footwear,Central,Monsoon,290.64,380.7,8,36.0,3045.6,2325.12,720.48,23.66
TXN101965,Home & Kitchen,Storage,West,Monsoon,143.84,165.78,12,43.0,1989.36,1726.08,263.28,13.23
TXN101966,Beauty & Personal Care,Skincare,East,Summer,236.77,329.53,6,25.0,1977.18,1420.62,556.56,28.15
TXN101967,Home & Kitchen,Decor,South,Spring,236.62,271.38,6,75.0,1628.28,1419.72,208.56,12.81
TXN101968,Electronics,Cameras,Central,Festive,1503.65,1661.5,10,42.0,16615.0,15036.5,1578.5,9.5
TXN101969,Grocery,Beverages,North,Festive,198.07,183.81,9,13.0,1654.29,1782.63,-128.34,-7.76
TXN101970,Apparel,Men's Wear,West,Monsoon,469.05,606.1,8,30.0,4848.8,3752.4,1096.4,22.61
TXN101971,Home & Kitchen,Cookware,South,Monsoon,234.92,287.15,10,67.0,2871.5,2349.2,522.3,18.19
TXN101972,Grocery,Beverages,South,Summer,62.23,67.79,19,,1288.01,1182.37,105.64,8.2
TXN101973,Apparel,Footwear,Central,Winter,384.67,440.64,9,103.0,3965.76,3462.03,503.73,12.7
TXN101974,Beauty & Personal Care,Makeup,East,Spring,153.15,186.82,14,52.0,2615.48,2144.1,471.38,18.02
TXN101975,Electronics,Accessories,South,Spring,1820.69,2013.92,5,38.0,10069.6,9103.45,966.15,9.59
TXN101976,Grocery,Snacks,West,Festive,401.68,359.76,18,15.0,6475.68,7230.24,-754.56,-11.65
TXN101977,Grocery,Dairy,Central,Winter,24.13,25.54,19,18.0,485.26,458.47,26.79,5.52
TXN101978,Grocery,Staples,East,Spring,115.03,118.82,9,14.0,1069.38,1035.27,34.11,3.19
TXN101979,Apparel,Women's Wear,Central,Summer,155.01,165.1,8,76.0,1320.8,1240.08,80.72,6.11
TXN101980,Beauty & Personal Care,Makeup,Central,Spring,74.72,83.35,7,51.0,583.45,523.04,60.41,10.35
TXN101981,Grocery,Beverages,South,Festive,74.52,78.55,20,10.0,1571.0,1490.4,80.6,5.13
TXN101982,Grocery,Staples,South,Spring,182.72,193.35,19,7.0,3673.65,3471.68,201.97,5.5
TXN101983,Electronics,Cameras,South,Winter,1575.06,1470.04,2,49.0,2940.08,3150.12,-210.04,-7.14
TXN101984,Grocery,Staples,Central,Festive,132.98,138.63,16,11.0,2218.08,2127.68,90.4,4.08
TXN101985,Home & Kitchen,Appliances,,Spring,466.39,546.89,9,92.0,4922.01,4197.51,724.5,14.72
TXN101986,Home & Kitchen,Furniture,South,Winter,215.3,259.32,6,46.0,1555.92,1291.8,264.12,16.98
TXN101987,Grocery,Snacks,South,Winter,271.73,295.36,19,4.0,5611.84,5162.87,448.97,8.0
TXN101988,Beauty & Personal Care,Makeup,West,Summer,379.81,448.97,7,52.0,3142.79,2658.67,484.12,15.4
TXN101989,Electronics,Cameras,West,Festive,2381.88,2244.98,6,53.0,13469.88,14291.28,-821.4,-6.1
TXN101990,Grocery,Snacks,East,Winter,296.37,302.15,16,18.0,4834.4,4741.92,92.48,1.91
TXN101991,Beauty & Personal Care,Grooming,South,Monsoon,67.41,77.7,6,42.0,466.2,404.46,61.74,13.24
TXN101992,Home & Kitchen,Furniture,South,Winter,426.77,494.98,5,63.0,2474.9,2133.85,341.05,13.78
TXN101993,Grocery,Frozen Foods,East,Winter,46.87,48.34,15,17.0,725.1,703.05,22.05,3.04
TXN101994,Beauty & Personal Care,Skincare,West,Winter,197.31,212.6,7,44.0,1488.2,1381.17,107.03,7.19
TXN101995,Beauty & Personal Care,Fragrances,East,Festive,419.14,520.89,7,55.0,3646.23,2933.98,712.25,19.53
TXN101996,Beauty & Personal Care,Skincare,South,Monsoon,72.32,98.29,11,,1081.19,795.52,285.67,26.42
TXN101997,Home & Kitchen,Storage,South,Monsoon,56.55,63.01,8,72.0,504.08,452.4,51.68,10.25
TXN101998,Grocery,Beverages,South,Festive,382.94,386.04,10,14.0,3860.4,3829.4,31.0,0.8
TXN101999,Home & Kitchen,Cookware,Central,Spring,20.11,23.98,6,63.0,143.88,120.66,23.22,16.14
TXN102000,Grocery,Dairy,South,Festive,267.51,293.71,20,3.0,5874.2,5350.2,524.0,8.92
TXN102001,Apparel,Men's Wear,East,Winter,86.94,115.78,12,40.0,1389.36,1043.28,346.08,24.91
TXN102002,Apparel,Kids Wear,North,Summer,202.73,245.45,6,86.0,1472.7,1216.38,256.32,17.4
TXN102003,Beauty & Personal Care,Skincare,East,Summer,174.79,240.24,6,26.0,1441.44,1048.74,392.7,27.24
TXN102004,Apparel,Kids Wear,West,Winter,363.62,423.63,5,103.0,2118.15,1818.1,300.05,14.17
TXN102005,Electronics,Laptops,West,Winter,1745.72,1891.47,8,66.0,15131.76,13965.76,1166.0,7.71
TXN102006,Apparel,Kids Wear,North,Winter,230.29,298.83,4,34.0,1195.32,921.16,274.16,22.94
TXN102007,Grocery,Frozen Foods,South,Spring,259.22,242.07,16,18.0,3873.12,4147.52,-274.4,-7.08
TXN102008,Beauty & Personal Care,Skincare,West,Monsoon,202.78,254.39,6,50.0,1526.34,1216.68,309.66,20.29
TXN102009,Apparel,Footwear,East,Summer,60.69,77.51,10,40.0,775.1,606.9,168.2,21.7
TXN102010,Grocery,Frozen Foods,West,Summer,387.29,357.36,15,14.0,5360.4,5809.35,-448.95,-8.38
TXN102011,Apparel,Winter Wear,East,Festive,442.62,529.0,4,91.0,2116.0,1770.48,345.52,16.33
TXN102012,Apparel,Kids Wear,North,Spring,27.61,34.93,7,65.0,244.51,193.27,51.24,20.96
TXN102013,Grocery,Snacks,South,Winter,191.34,208.71,16,4.0,3339.36,3061.44,277.92,8.32
TXN102014,Electronics,Cameras,South,Monsoon,2198.4,2307.77,7,60.0,16154.39,15388.8,765.59,4.74
TXN102015,Apparel,Women's Wear,South,Summer,456.76,551.72,5,52.0,2758.6,2283.8,474.8,17.21
TXN102016,Grocery,Frozen Foods,East,Winter,314.4,326.18,21,18.0,6849.78,6602.4,247.38,3.61
TXN102017,Apparel,Kids Wear,South,Winter,224.29,270.61,10,106.0,2706.1,2242.9,463.2,17.12
TXN102018,Home & Kitchen,Decor,South,Summer,277.85,300.79,8,87.0,2406.32,2222.8,183.52,7.63
TXN102019,Electronics,Accessories,North,Festive,890.76,919.86,10,38.0,9198.6,8907.6,291.0,3.16
TXN102020,Home & Kitchen,Decor,West,Winter,290.66,354.92,9,51.0,3194.28,2615.94,578.34,18.11
TXN102021,Apparel,Men's Wear,East,Spring,399.15,512.91,7,35.0,3590.37,2794.05,796.32,22.18
TXN102022,Beauty & Personal Care,Makeup,South,Festive,491.48,631.93,9,53.0,5687.37,4423.32,1264.05,22.23
TXN102023,Beauty & Personal Care,Makeup,South,Monsoon,346.9,425.61,12,31.0,5107.32,4162.8,944.52,18.49
TXN102024,Electronics,Accessories,North,Winter,1671.81,1564.36,8,64.0,12514.88,13374.48,-859.6,-6.87
TXN102025,Grocery,Beverages,North,Spring,417.68,450.99,14,3.0,6313.86,5847.52,466.34,7.39
TXN102026,Beauty & Personal Care,Haircare,Central,Winter,98.87,129.3,5,39.0,646.5,494.35,152.15,23.53
TXN102027,Apparel,Winter Wear,South,Spring,191.84,223.95,9,83.0,2015.55,1726.56,288.99,14.34
TXN102028,Electronics,Smartphones,West,Monsoon,110.46,104.58,10,55.0,1045.8,1104.6,-58.8,-5.62
TXN102029,Grocery,Dairy,South,Spring,85.7,90.34,13,10.0,1174.42,1114.1,60.32,5.14
TXN102030,Grocery,Beverages,West,Monsoon,179.91,193.9,18,3.0,3490.2,3238.38,251.82,7.22
TXN102031,Electronics,Headphones,Central,Winter,2038.3,2213.39,5,49.0,11066.95,10191.5,875.45,7.91
TXN102032,Grocery,Beverages,West,Festive,258.52,275.83,10,7.0,2758.3,2585.2,173.1,6.28
TXN102033,Electronics,Cameras,Central,Festive,1001.09,1036.23,9,69.0,9326.07,9009.81,316.26,3.39
TXN102034,Beauty & Personal Care,Fragrances,East,Winter,76.0,93.76,7,24.0,656.32,532.0,124.32,18.94
TXN102035,Apparel,Winter Wear,South,Festive,56.36,73.6,5,35.0,368.0,281.8,86.2,23.42
TXN102036,Apparel,Women's Wear,South,Summer,320.14,325.18,6,110.0,1951.08,1920.84,30.24,1.55
TXN102037,Apparel,Footwear,West,Monsoon,463.83,507.0,8,112.0,4056.0,3710.64,345.36,8.51
TXN102038,Grocery,Beverages,East,Spring,373.19,361.7,14,18.0,5063.8,5224.66,-160.86,-3.18
TXN102039,Beauty & Personal Care,Makeup,South,Summer,415.49,554.86,5,30.0,2774.3,2077.45,696.85,25.12
TXN102040,Home & Kitchen,Decor,East,Summer,489.67,559.19,8,85.0,4473.52,3917.36,556.16,12.43
TXN102041,Beauty & Personal Care,Makeup,East,Festive,311.38,361.93,11,53.0,3981.23,3425.18,556.05,13.97
TXN102042,Home & Kitchen,Furniture,South,Winter,55.5,61.77,4,83.0,247.08,222.0,25.08,10.15
TXN102043,Beauty & Personal Care,Makeup,South,Winter,253.05,318.52,7,20.0,2229.64,1771.35,458.29,20.55
TXN102044,Home & Kitchen,Cookware,East,Festive,462.83,576.95,6,84.0,3461.7,2776.98,684.72,19.78
TXN102045,Apparel,Men's Wear,Central,Festive,455.48,523.18,7,84.0,3662.26,3188.36,473.9,12.94
TXN102046,Beauty & Personal Care,Grooming,South,Spring,85.07,111.41,7,33.0,779.87,595.49,184.38,23.64
TXN102047,Apparel,Footwear,Central,Monsoon,390.54,484.15,7,88.0,3389.05,2733.78,655.27,19.33
TXN102048,Home & Kitchen,Storage,North,Spring,220.74,255.9,11,46.0,2814.9,2428.14,386.76,13.74
TXN102049,Home & Kitchen,Cookware,South,Festive,392.83,478.17,2,59.0,956.34,785.66,170.68,17.85
TXN102050,Electronics,Laptops,West,Spring,2637.0,2977.62,6,33.0,17865.72,15822.0,2043.72,11.44
TXN102051,Apparel,Footwear,East,Spring,34.0,35.07,9,102.0,315.63,306.0,9.63,3.05
TXN102052,Beauty & Personal Care,Fragrances,Central,Summer,404.34,511.75,6,44.0,3070.5,2426.04,644.46,20.99
TXN102053,Grocery,Snacks,Central,Monsoon,250.43,229.2,18,15.0,4125.6,4507.74,-382.14,-9.26
TXN102054,Electronics,Accessories,South,Festive,1167.66,1246.6,4,41.0,4986.4,4670.64,315.76,6.33
TXN102055,Home & Kitchen,Storage,West,Summer,146.1,164.75,8,99.0,1318.0,1168.8,149.2,11.32
TXN102056,Beauty & Personal Care,Fragrances,North,Summer,374.54,483.63,5,25.0,2418.15,1872.7,545.45,22.56
TXN102057,Electronics,Smartphones,Central,Monsoon,2646.06,2522.43,4,48.0,10089.72,10584.24,-494.52,-4.9
TXN102058,Electronics,Headphones,East,Monsoon,2620.89,2450.81,6,48.0,14704.86,15725.34,-1020.48,-6.94
TXN102059,Apparel,Footwear,West,Monsoon,104.05,119.94,3,100.0,359.82,312.15,47.67,13.25
TXN102060,Grocery,Snacks,South,Festive,165.05,163.98,15,14.0,2459.7,2475.75,-16.05,-0.65
TXN102061,Home & Kitchen,Cookware,North,Spring,18.84,23.1,13,85.0,300.3,244.92,55.38,18.44
TXN102062,Grocery,Staples,East,Festive,219.88,224.82,17,19.0,3821.94,3737.96,83.98,2.2
TXN102063,Grocery,Dairy,East,Summer,57.62,62.57,12,9.0,750.84,691.44,59.4,7.91
TXN102064,Grocery,Snacks,East,Winter,425.71,467.51,14,7.0,6545.14,5959.94,585.2,8.94
TXN102065,Apparel,Footwear,West,Spring,437.42,560.48,5,115.0,2802.4,2187.1,615.3,21.96
TXN102066,Grocery,Dairy,Central,Winter,473.86,512.01,12,4.0,6144.12,5686.32,457.8,7.45
TXN102067,Apparel,Women's Wear,North,Monsoon,126.91,133.87,10,92.0,1338.7,1269.1,69.6,5.2
TXN102068,Apparel,Footwear,South,Spring,267.74,343.45,7,71.0,2404.15,1874.18,529.97,22.04
TXN102069,Home & Kitchen,Cookware,East,Winter,167.14,210.1,9,61.0,1890.9,1504.26,386.64,20.45
TXN102070,Home & Kitchen,Furniture,North,Monsoon,58.83,71.6,6,73.0,429.6,352.98,76.62,17.84
TXN102071,Beauty & Personal Care,Grooming,West,Winter,418.31,503.73,2,56.0,1007.46,836.62,170.84,16.96
TXN102072,Electronics,Laptops,East,Spring,1200.95,1253.31,5,48.0,6266.55,6004.75,261.8,4.18
TXN102073,Electronics,Headphones,Central,Summer,2906.78,3028.34,6,53.0,18170.04,17440.68,729.36,4.01
TXN102074,Electronics,Laptops,West,Spring,545.27,524.44,10,48.0,5244.4,5452.7,-208.3,-3.97
TXN102075,Home & Kitchen,Appliances,East,Summer,25.0,30.2,5,50.0,151.0,125.0,26.0,17.22
TXN102076,Grocery,Staples,West,Summer,388.82,420.17,10,14.0,4201.7,3888.2,313.5,7.46
TXN102077,Beauty & Personal Care,Haircare,West,Festive,31.04,40.21,6,32.0,241.26,186.24,55.02,22.81
TXN102078,Home & Kitchen,Storage,West,Festive,483.33,571.86,6,44.0,3431.16,2899.98,531.18,15.48
TXN102079,Beauty & Personal Care,Fragrances,Central,Festive,59.28,84.4,13,47.0,1097.2,770.64,326.56,29.76
TXN102080,Electronics,Headphones,East,Spring,1094.48,1213.83,6,40.0,7282.98,6566.88,716.1,9.83
TXN102081,Electronics,Smartphones,North,Winter,782.09,743.41,5,52.0,3717.05,3910.45,-193.4,-5.2
TXN102082,Electronics,Smartphones,West,Winter,2259.49,2404.56,11,36.0,26450.16,24854.39,1595.77,6.03
TXN102083,Grocery,Snacks,South,Festive,211.32,199.93,16,18.0,3198.88,3381.12,-182.24,-5.7
TXN102084,Apparel,Winter Wear,West,Spring,28.71,36.61,5,107.0,183.05,143.55,39.5,21.58
TXN102085,Electronics,Cameras,East,Monsoon,435.69,402.85,6,49.0,2417.1,2614.14,-197.04,-8.15
TXN102086,Grocery,Frozen Foods,South,Festive,260.82,260.84,18,13.0,4695.12,4694.76,0.36,0.01
TXN102087,Electronics,Accessories,West,Winter,414.71,455.71,5,32.0,2278.55,2073.55,205.0,9.0
TXN102088,Beauty & Personal Care,Fragrances,West,Winter,201.05,259.86,4,39.0,1039.44,804.2,235.24,22.63
TXN102089,Home & Kitchen,Cookware,West,Festive,356.3,413.57,4,78.0,1654.28,1425.2,229.08,13.85
TXN102090,Electronics,Cameras,East,Summer,2066.07,2289.7,8,30.0,18317.6,16528.56,1789.04,9.77
TXN102091,Electronics,Accessories,North,Spring,128.67,137.69,7,45.0,963.83,900.69,63.14,6.55
TXN102092,Electronics,Headphones,Central,Festive,182.62,198.68,8,47.0,1589.44,1460.96,128.48,8.08
TXN102093,Apparel,Men's Wear,,Monsoon,137.5,175.36,4,71.0,701.44,550.0,151.44,21.59
TXN102094,Grocery,Dairy,Central,Spring,196.41,214.24,15,4.0,3213.6,2946.15,267.45,8.32
TXN102095,Apparel,Winter Wear,West,Monsoon,52.87,62.01,6,87.0,372.06,317.22,54.84,14.74
TXN102096,Apparel,Women's Wear,North,Spring,339.29,405.57,5,48.0,2027.85,1696.45,331.4,16.34
TXN102097,Electronics,Cameras,North,Monsoon,2743.03,3060.73,6,34.0,18364.38,16458.18,1906.2,10.38
TXN102098,Electronics,Cameras,South,Monsoon,1512.6,1617.28,8,28.0,12938.24,12100.8,837.44,6.47
TXN102099,Apparel,Men's Wear,East,Summer,180.77,215.96,5,48.0,1079.8,903.85,175.95,16.29
TXN102100,Apparel,Men's Wear,North,Festive,369.46,465.69,6,,2794.14,2216.76,577.38,20.66
TXN102101,Grocery,Frozen Foods,West,Summer,347.76,382.16,19,9.0,7261.04,6607.44,653.6,9.0
TXN102102,Beauty & Personal Care,Fragrances,North,Winter,21.85,28.15,8,28.0,225.2,174.8,50.4,22.38
TXN102103,Apparel,Winter Wear,East,Festive,425.72,548.27,8,103.0,4386.16,3405.76,980.4,22.35
TXN102104,Apparel,Kids Wear,East,Summer,230.83,292.66,6,89.0,1755.96,1384.98,370.98,21.13
TXN102105,Home & Kitchen,Cookware,West,Festive,328.91,386.05,6,98.0,2316.3,1973.46,342.84,14.8
TXN102106,Home & Kitchen,Storage,East,Summer,347.61,400.16,8,98.0,3201.28,2780.88,420.4,13.13
TXN102107,Electronics,Accessories,South,Summer,2239.23,2412.75,13,30.0,31365.75,29109.99,2255.76,7.19
TXN102108,Apparel,Men's Wear,South,Spring,496.22,561.78,8,108.0,4494.24,3969.76,524.48,11.67
TXN102109,Beauty & Personal Care,Haircare,North,Monsoon,458.85,580.37,7,34.0,4062.59,3211.95,850.64,20.94
TXN102110,Apparel,Men's Wear,South,Festive,152.8,179.2,6,118.0,1075.2,916.8,158.4,14.73
TXN102111,Apparel,Footwear,North,Monsoon,128.29,169.6,5,72.0,848.0,641.45,206.55,24.36
TXN102112,Beauty & Personal Care,Haircare,North,Monsoon,271.99,356.59,6,22.0,2139.54,1631.94,507.6,23.72
TXN102113,Electronics,Laptops,South,Summer,1552.84,1666.19,7,54.0,11663.33,10869.88,793.45,6.8
TXN102114,Apparel,Men's Wear,West,Spring,151.37,201.2,4,67.0,804.8,605.48,199.32,24.77
TXN102115,Apparel,Footwear,Central,Monsoon,53.98,60.61,7,119.0,424.27,377.86,46.41,10.94
TXN102116,Home & Kitchen,Storage,South,Summer,207.61,261.88,10,40.0,2618.8,2076.1,542.7,20.72
TXN102117,Home & Kitchen,Furniture,South,Spring,134.09,154.06,5,98.0,770.3,670.45,99.85,12.96
TXN102118,Apparel,Footwear,Central,Monsoon,37.86,47.41,3,111.0,142.23,113.58,28.65,20.14
TXN102119,Electronics,Accessories,East,Spring,632.42,640.48,6,68.0,3842.88,3794.52,48.36,1.26
TXN102120,Grocery,Dairy,West,Festive,171.55,185.36,11,5.0,2038.96,1887.05,151.91,7.45
TXN102121,Electronics,Cameras,East,Festive,901.68,861.19,4,67.0,3444.76,3606.72,-161.96,-4.7
TXN102122,Apparel,Women's Wear,North,Winter,289.9,331.75,4,92.0,1327.0,1159.6,167.4,12.61
TXN102123,Grocery,Frozen Foods,West,Winter,335.63,353.99,16,10.0,5663.84,5370.08,293.76,5.19
TXN102124,Beauty & Personal Care,Skincare,South,Summer,103.75,121.98,9,46.0,1097.82,933.75,164.07,14.95
TXN102125,Electronics,Accessories,North,Winter,1955.46,2076.89,8,67.0,16615.12,15643.68,971.44,5.85
TXN102126,Beauty & Personal Care,Haircare,West,Monsoon,202.03,235.41,7,42.0,1647.87,1414.21,233.66,14.18
TXN102127,Electronics,Smartphones,Central,Spring,823.56,910.59,5,43.0,4552.95,4117.8,435.15,9.56
TXN102128,Home & Kitchen,Decor,Central,Summer,302.26,371.42,8,40.0,2971.36,2418.08,553.28,18.62
TXN102129,Apparel,Women's Wear,West,Summer,90.24,119.63,7,93.0,837.41,631.68,205.73,24.57
TXN102130,Apparel,Footwear,West,Spring,229.83,260.79,6,105.0,1564.74,1378.98,185.76,11.87
TXN102131,Home & Kitchen,Furniture,South,Festive,376.45,446.18,12,73.0,5354.16,4517.4,836.76,15.63
TXN102132,Beauty & Personal Care,Fragrances,South,Festive,295.58,396.88,5,26.0,1984.4,1477.9,506.5,25.52
TXN102133,Grocery,Frozen Foods,,Summer,295.62,314.92,13,10.0,4093.96,3843.06,250.9,6.13
TXN102134,Electronics,Smartphones,South,Winter,453.5,498.33,10,34.0,4983.3,4535.0,448.3,9.0
TXN102135,Apparel,Men's Wear,East,Winter,41.74,47.09,5,87.0,235.45,208.7,26.75,11.36
TXN102136,Apparel,Kids Wear,North,Monsoon,178.55,215.82,4,88.0,863.28,714.2,149.08,17.27
TXN102137,Grocery,Snacks,East,Festive,14.04,13.78,12,12.0,165.36,168.48,-3.12,-1.89
TXN102138,Electronics,Cameras,West,Festive,1063.98,1181.41,7,40.0,8269.87,7447.86,822.01,9.94
TXN102139,Apparel,Women's Wear,East,Summer,337.29,407.33,5,70.0,2036.65,1686.45,350.2,17.19
TXN102140,Electronics,Smartphones,Central,Monsoon,2152.83,2349.2,4,50.0,9396.8,8611.32,785.48,8.36
TXN102141,Apparel,Women's Wear,South,Spring,363.52,449.23,13,42.0,5839.99,4725.76,1114.23,19.08
TXN102142,Apparel,Footwear,Central,Winter,226.6,288.62,7,114.0,2020.34,1586.2,434.14,21.49
TXN102143,Apparel,Kids Wear,Central,Summer,467.75,571.38,8,103.0,4571.04,3742.0,829.04,18.14
TXN102144,Electronics,Headphones,South,Spring,1945.26,1986.45,6,51.0,11918.7,11671.56,247.14,2.07
TXN102145,Apparel,Kids Wear,West,Spring,321.83,408.15,10,62.0,4081.5,3218.3,863.2,21.15
TXN102146,Home & Kitchen,Furniture,West,Spring,195.24,223.43,8,91.0,1787.44,1561.92,225.52,12.62
TXN102147,Grocery,Snacks,West,Monsoon,287.56,301.32,13,6.0,3917.16,3738.28,178.88,4.57
TXN102148,Electronics,Headphones,East,Winter,2934.63,3114.17,4,39.0,12456.68,11738.52,718.16,5.77
TXN102149,Home & Kitchen,Decor,West,Summer,220.28,272.31,8,65.0,2178.48,1762.24,416.24,19.11
TXN102150,Electronics,Laptops,West,Summer,437.53,418.73,4,54.0,1674.92,1750.12,-75.2,-4.49
TXN102151,Apparel,Men's Wear,North,Monsoon,493.06,593.37,4,35.0,2373.48,1972.24,401.24,16.91
TXN102152,Apparel,Women's Wear,Central,Spring,311.56,385.61,3,80.0,1156.83,934.68,222.15,19.2
TXN102153,Electronics,Laptops,North,Spring,796.7,903.27,6,30.0,5419.62,4780.2,639.42,11.8
TXN102154,Beauty & Personal Care,Grooming,East,Monsoon,124.54,163.23,6,28.0,979.38,747.24,232.14,23.7
TXN102155,Electronics,Cameras,West,Summer,1552.11,1668.51,10,62.0,16685.1,15521.1,1164.0,6.98
TXN102156,Electronics,Headphones,Central,Festive,1832.92,2060.34,5,32.0,10301.7,9164.6,1137.1,11.04
TXN102157,Home & Kitchen,Storage,South,Winter,400.21,461.44,7,54.0,3230.08,2801.47,428.61,13.27
TXN102158,Electronics,Accessories,West,Spring,2268.3,2408.4,1,69.0,2408.4,2268.3,140.1,5.82
TXN102159,Home & Kitchen,Cookware,Central,Summer,455.65,524.38,12,50.0,6292.56,5467.8,824.76,13.11
TXN102160,Electronics,Smartphones,East,Winter,1548.84,1731.78,6,40.0,10390.68,9293.04,1097.64,10.56
TXN102161,Apparel,Women's Wear,South,Summer,295.26,388.56,6,48.0,2331.36,1771.56,559.8,24.01
TXN102162,Electronics,Accessories,North,Spring,1770.19,1639.35,8,63.0,13114.8,14161.52,-1046.72,-7.98
TXN102163,Beauty & Personal Care,Skincare,East,Winter,207.0,225.57,11,47.0,2481.27,2277.0,204.27,8.23
TXN102164,Electronics,Smartphones,West,Spring,2751.53,2858.66,7,,20010.62,19260.71,749.91,3.75
TXN102165,Beauty & Personal Care,Makeup,Central,Monsoon,461.97,576.8,7,53.0,4037.6,3233.79,803.81,19.91
TXN102166,Beauty & Personal Care,Makeup,Central,Festive,112.11,126.3,7,42.0,884.1,784.77,99.33,11.24
TXN102167,Apparel,Women's Wear,South,Summer,53.05,66.42,7,59.0,464.94,371.35,93.59,20.13
TXN102168,Grocery,Dairy,South,Festive,113.12,105.42,17,15.0,1792.14,1923.04,-130.9,-7.3
TXN102169,Home & Kitchen,Storage,South,Winter,404.75,479.84,6,61.0,2879.04,2428.5,450.54,15.65
TXN102170,Apparel,Footwear,North,Winter,325.63,378.19,6,94.0,2269.14,1953.78,315.36,13.9
TXN102171,Apparel,Men's Wear,South,Summer,195.35,249.32,8,37.0,1994.56,1562.8,431.76,21.65
TXN102172,Beauty & Personal Care,Makeup,South,Spring,166.96,201.66,6,50.0,1209.96,1001.76,208.2,17.21
TXN102173,Electronics,Cameras,Central,Festive,809.67,731.11,4,56.0,2924.44,3238.68,-314.24,-10.75
TXN102174,Grocery,Snacks,South,Festive,433.53,445.7,12,17.0,5348.4,5202.36,146.04,2.73
TXN102175,Electronics,Cameras,South,Summer,2119.84,2023.58,5,67.0,10117.9,10599.2,-481.3,-4.76
TXN102176,Apparel,Kids Wear,West,Spring,217.59,273.94,5,69.0,1369.7,1087.95,281.75,20.57
TXN102177,Electronics,Headphones,South,Winter,1119.48,1255.62,8,40.0,10044.96,8955.84,1089.12,10.84
TXN102178,Electronics,Accessories,South,Summer,1503.58,1531.17,11,61.0,16842.87,16539.38,303.49,1.8
TXN102179,Home & Kitchen,Decor,Central,Monsoon,495.63,573.13,4,87.0,2292.52,1982.52,310.0,13.52
TXN102180,Home & Kitchen,Decor,South,Winter,190.97,211.64,5,73.0,1058.2,954.85,103.35,9.77
TXN102181,Home & Kitchen,Appliances,West,Spring,434.81,520.23,6,91.0,3121.38,2608.86,512.52,16.42
TXN102182,Grocery,Frozen Foods,West,Festive,68.87,74.61,18,10.0,1342.98,1239.66,103.32,7.69
TXN102183,Apparel,Footwear,East,Summer,312.64,354.59,5,115.0,1772.95,1563.2,209.75,11.83
TXN102184,Home & Kitchen,Appliances,South,Festive,134.83,156.55,7,57.0,1095.85,943.81,152.04,13.87
TXN102185,Grocery,Dairy,East,Festive,482.16,526.32,16,11.0,8421.12,7714.56,706.56,8.39
TXN102186,Electronics,Accessories,West,Spring,2701.13,2871.99,3,26.0,8615.97,8103.39,512.58,5.95
TXN102187,Grocery,Snacks,South,Monsoon,258.55,282.93,20,3.0,5658.6,5171.0,487.6,8.62
TXN102188,Grocery,Beverages,South,Monsoon,323.39,351.39,15,7.0,5270.85,4850.85,420.0,7.97
TXN102189,Grocery,Staples,South,Winter,15.91,15.77,14,12.0,220.78,222.74,-1.96,-0.89
TXN102190,Electronics,Smartphones,East,Monsoon,2801.51,2594.21,6,50.0,15565.26,16809.06,-1243.8,-7.99
TXN102191,Electronics,Accessories,South,Monsoon,1612.46,1628.75,6,60.0,9772.5,9674.76,97.74,1.0
TXN102192,Beauty & Personal Care,Makeup,East,Winter,391.9,480.38,10,39.0,4803.8,3919.0,884.8,18.42
TXN102193,Home & Kitchen,Appliances,Central,Spring,307.32,375.46,9,66.0,3379.14,2765.88,613.26,18.15
TXN102194,Apparel,Footwear,West,Spring,19.18,22.35,9,109.0,201.15,172.62,28.53,14.18
TXN102195,Apparel,Women's Wear,West,Spring,217.16,292.8,7,63.0,2049.6,1520.12,529.48,25.83
TXN102196,Apparel,Footwear,East,Spring,307.3,388.96,4,49.0,1555.84,1229.2,326.64,20.99
TXN102197,Home & Kitchen,Furniture,South,Winter,250.28,311.67,7,42.0,2181.69,1751.96,429.73,19.7
TXN102198,Electronics,Headphones,Central,Summer,1760.44,1938.96,7,69.0,13572.72,12323.08,1249.64,9.21
TXN102199,Electronics,Laptops,South,Summer,447.72,492.61,5,34.0,2463.05,2238.6,224.45,9.11
TXN102200,Home & Kitchen,Appliances,East,Monsoon,210.0,262.33,6,47.0,1573.98,1260.0,313.98,19.95
TXN102201,Home & Kitchen,Cookware,East,Monsoon,418.75,516.22,6,49.0,3097.32,2512.5,584.82,18.88
TXN102202,Electronics,Laptops,West,Monsoon,821.33,877.7,4,,3510.8,3285.32,225.48,6.42
TXN102203,Apparel,Men's Wear,West,Spring,465.71,607.27,5,63.0,3036.35,2328.55,707.8,23.31
TXN102204,Home & Kitchen,Furniture,East,Festive,322.6,350.99,6,,2105.94,1935.6,170.34,8.09
TXN102205,Home & Kitchen,Appliances,East,Spring,162.74,199.53,9,75.0,1795.77,1464.66,331.11,18.44
TXN102206,Home & Kitchen,Storage,Central,Winter,48.51,50.23,10,99.0,502.3,485.1,17.2,3.42
TXN102207,Grocery,Beverages,East,Summer,168.12,181.57,12,4.0,2178.84,2017.44,161.4,7.41
TXN102208,Electronics,Accessories,West,Monsoon,1215.66,1314.09,7,31.0,9198.63,8509.62,689.01,7.49
TXN102209,Apparel,Women's Wear,Central,Festive,84.06,93.63,3,76.0,280.89,252.18,28.71,10.22
TXN102210,Electronics,Smartphones,South,Winter,2638.63,2999.32,7,36.0,20995.24,18470.41,2524.83,12.03
TXN102211,Apparel,Footwear,West,Monsoon,390.17,510.2,12,58.0,6122.4,4682.04,1440.36,23.53
TXN102212,Beauty & Personal Care,Fragrances,,Festive,107.04,138.52,6,31.0,831.12,642.24,188.88,22.73
TXN102213,Grocery,Frozen Foods,East,Monsoon,82.82,84.62,14,15.0,1184.68,1159.48,25.2,2.13
TXN102214,Electronics,Cameras,North,Monsoon,2511.69,2381.53,3,68.0,7144.59,7535.07,-390.48,-5.47
TXN102215,Beauty & Personal Care,Haircare,East,Festive,428.37,603.16,9,25.0,5428.44,3855.33,1573.11,28.98
TXN102216,Grocery,Dairy,North,Spring,326.86,357.9,15,6.0,5368.5,4902.9,465.6,8.67
TXN102217,Beauty & Personal Care,Fragrances,South,Summer,443.78,502.68,7,46.0,3518.76,3106.46,412.3,11.72
TXN102218,Beauty & Personal Care,Haircare,North,Summer,300.74,404.86,9,53.0,3643.74,2706.66,937.08,25.72
TXN102219,Beauty & Personal Care,Makeup,Central,Spring,320.44,385.45,6,59.0,2312.7,1922.64,390.06,16.87
TXN102220,Apparel,Women's Wear,South,Monsoon,12.88,14.63,10,79.0,146.3,128.8,17.5,11.96
TXN102221,Home & Kitchen,Appliances,West,Monsoon,82.26,95.91,4,51.0,383.64,329.04,54.6,14.23
TXN102222,Apparel,Women's Wear,North,Spring,133.79,157.3,5,95.0,786.5,668.95,117.55,14.95
TXN102223,Apparel,Men's Wear,East,Spring,425.93,558.07,10,47.0,5580.7,4259.3,1321.4,23.68
TXN102224,Beauty & Personal Care,Haircare,South,Festive,233.65,295.57,6,24.0,1773.42,1401.9,371.52,20.95
TXN102225,Electronics,Accessories,West,Spring,1628.55,1487.8,8,60.0,11902.4,13028.4,-1126.0,-9.46
TXN102226,Apparel,Women's Wear,South,Summer,208.26,253.72,6,79.0,1522.32,1249.56,272.76,17.92
TXN102227,Beauty & Personal Care,Skincare,East,Winter,227.96,296.3,10,20.0,2963.0,2279.6,683.4,23.06
TXN102228,Electronics,Laptops,Central,Summer,382.57,425.55,7,54.0,2978.85,2677.99,300.86,10.1
TXN102229,Home & Kitchen,Cookware,East,Spring,51.78,53.6,6,76.0,321.6,310.68,10.92,3.4
TXN102230,Apparel,Women's Wear,South,Spring,355.62,416.68,2,76.0,833.36,711.24,122.12,14.65
TXN102231,Electronics,Accessories,North,Summer,2167.83,2327.7,5,45.0,11638.5,10839.15,799.35,6.87
TXN102232,Electronics,Headphones,South,Monsoon,782.62,748.73,8,66.0,5989.84,6260.96,-271.12,-4.53
TXN102233,Beauty & Personal Care,Grooming,Central,Winter,318.69,412.46,7,40.0,2887.22,2230.83,656.39,22.73
TXN102234,Electronics,Smartphones,East,Festive,2467.99,2336.05,7,51.0,16352.35,17275.93,-923.58,-5.65
TXN102235,Electronics,Laptops,East,Summer,1144.62,1279.43,3,36.0,3838.29,3433.86,404.43,10.54
TXN102236,Grocery,Snacks,Central,Winter,426.01,436.19,14,13.0,6106.66,5964.14,142.52,2.33
TXN102237,Electronics,Smartphones,South,Festive,2455.31,2561.68,3,26.0,7685.04,7365.93,319.11,4.15
TXN102238,Apparel,Kids Wear,West,Monsoon,290.15,332.7,8,106.0,2661.6,2321.2,340.4,12.79
TXN102239,Apparel,Footwear,Central,Spring,245.52,331.34,3,59.0,994.02,736.56,257.46,25.9
TXN102240,Electronics,Laptops,West,Festive,806.24,882.13,6,42.0,5292.78,4837.44,455.34,8.6
TXN102241,Electronics,Headphones,West,Monsoon,2061.46,2256.5,9,63.0,20308.5,18553.14,1755.36,8.64
TXN102242,Home & Kitchen,Furniture,West,Festive,110.95,129.64,6,49.0,777.84,665.7,112.14,14.42
TXN102243,Beauty & Personal Care,Haircare,West,Winter,246.05,318.29,7,39.0,2228.03,1722.35,505.68,22.7
TXN102244,Apparel,Winter Wear,South,Festive,402.63,450.27,7,81.0,3151.89,2818.41,333.48,10.58
TXN102245,Grocery,Frozen Foods,South,Spring,320.58,345.6,12,6.0,4147.2,3846.96,300.24,7.24
TXN102246,Beauty & Personal Care,Skincare,Central,Monsoon,176.49,226.84,7,43.0,1587.88,1235.43,352.45,22.2
TXN102247,Beauty & Personal Care,Fragrances,East,Winter,141.57,177.94,9,25.0,1601.46,1274.13,327.33,20.44
TXN102248,Electronics,Cameras,Central,Festive,544.41,582.5,8,31.0,4660.0,4355.28,304.72,6.54
TXN102249,Beauty & Personal Care,Grooming,East,Festive,278.99,383.93,7,23.0,2687.51,1952.93,734.58,27.33
TXN102250,Beauty & Personal Care,Makeup,South,Spring,314.76,336.09,11,50.0,3696.99,3462.36,234.63,6.35
TXN102251,Electronics,Accessories,West,Spring,1442.88,1432.66,3,69.0,4297.98,4328.64,-30.66,-0.71
TXN102252,Beauty & Personal Care,Makeup,East,Monsoon,485.24,588.25,7,41.0,4117.75,3396.68,721.07,17.51
TXN102253,Electronics,Cameras,Central,Festive,2593.99,2876.51,11,33.0,31641.61,28533.89,3107.72,9.82
TXN102254,Electronics,Accessories,West,Summer,1119.36,1220.1,2,44.0,2440.2,2238.72,201.48,8.26
TXN102255,Grocery,Beverages,North,Festive,430.33,383.38,17,19.0,6517.46,7315.61,-798.15,-12.25
TXN102256,Beauty & Personal Care,Fragrances,West,Festive,482.22,524.44,4,49.0,2097.76,1928.88,168.88,8.05
TXN102257,Grocery,Staples,West,Festive,195.01,202.97,16,7.0,3247.52,3120.16,127.36,3.92
TXN102258,Home & Kitchen,Storage,,Monsoon,225.23,277.94,8,81.0,2223.52,1801.84,421.68,18.96
TXN102259,Electronics,Accessories,West,Festive,1039.52,1116.55,7,30.0,7815.85,7276.64,539.21,6.9
TXN102260,Apparel,Women's Wear,West,Monsoon,438.31,525.21,3,103.0,1575.63,1314.93,260.7,16.55
TXN102261,Electronics,Smartphones,South,Monsoon,185.45,199.79,6,43.0,1198.74,1112.7,86.04,7.18
TXN102262,Beauty & Personal Care,Makeup,Central,Winter,263.34,346.15,5,24.0,1730.75,1316.7,414.05,23.92
TXN102263,Home & Kitchen,Appliances,East,Spring,254.85,323.27,10,47.0,3232.7,2548.5,684.2,21.16
TXN102264,Apparel,Kids Wear,South,Monsoon,52.05,62.32,8,76.0,498.56,416.4,82.16,16.48
TXN102265,Apparel,Women's Wear,West,Summer,325.06,375.37,2,99.0,750.74,650.12,100.62,13.4
TXN102266,Grocery,Dairy,Central,Winter,419.0,394.83,12,13.0,4737.96,5028.0,-290.04,-6.12
TXN102267,Electronics,Accessories,Central,Spring,761.35,826.69,4,68.0,3306.76,3045.4,261.36,7.9
TXN102268,Electronics,Headphones,East,Spring,709.0,787.76,7,42.0,5514.32,4963.0,551.32,10.0
TXN102269,Beauty & Personal Care,Grooming,South,Festive,367.63,456.36,7,,3194.52,2573.41,621.11,19.44
TXN102270,Apparel,Winter Wear,North,Spring,488.52,544.94,6,89.0,3269.64,2931.12,338.52,10.35
TXN102271,Home & Kitchen,Decor,South,Spring,403.08,490.48,6,54.0,2942.88,2418.48,524.4,17.82
TXN102272,Apparel,Men's Wear,West,Monsoon,434.33,482.05,11,93.0,5302.55,4777.63,524.92,9.9
TXN102273,Grocery,Dairy,West,Winter,149.6,156.8,14,7.0,2195.2,2094.4,100.8,4.59
TXN102274,Apparel,Footwear,East,Festive,232.86,261.16,8,95.0,2089.28,1862.88,226.4,10.84
TXN102275,Apparel,Kids Wear,South,Spring,360.55,436.46,6,65.0,2618.76,2163.3,455.46,17.39
TXN102276,Apparel,Women's Wear,South,Summer,237.15,260.32,4,117.0,1041.28,948.6,92.68,8.9
TXN102277,Grocery,Dairy,Central,Summer,235.67,253.44,23,6.0,5829.12,5420.41,408.71,7.01
TXN102278,Electronics,Laptops,East,Monsoon,1730.21,1924.89,5,30.0,9624.45,8651.05,973.4,10.11
TXN102279,Grocery,Frozen Foods,East,Summer,405.16,422.7,16,6.0,6763.2,6482.56,280.64,4.15
TXN102280,Grocery,Staples,Central,Festive,77.47,81.78,8,11.0,654.24,619.76,34.48,5.27
TXN102281,Beauty & Personal Care,Fragrances,West,Winter,97.27,125.28,8,28.0,1002.24,778.16,224.08,22.36
TXN102282,Apparel,Women's Wear,East,Festive,74.18,100.07,5,70.0,500.35,370.9,129.45,25.87
TXN102283,Apparel,Kids Wear,West,Festive,15.89,19.77,7,89.0,138.39,111.23,27.16,19.63
TXN102284,Electronics,Accessories,North,Winter,1184.85,1195.37,6,63.0,7172.22,7109.1,63.12,0.88
TXN102285,Electronics,Headphones,South,Festive,1641.67,1723.84,6,37.0,10343.04,9850.02,493.02,4.77
TXN102286,Electronics,Smartphones,South,Monsoon,265.4,279.15,11,62.0,3070.65,2919.4,151.25,4.93
TXN102287,Home & Kitchen,Decor,South,Winter,453.71,559.27,6,86.0,3355.62,2722.26,633.36,18.87
TXN102288,Home & Kitchen,Cookware,East,Winter,230.65,277.94,4,59.0,1111.76,922.6,189.16,17.01
TXN102289,Beauty & Personal Care,Skincare,North,Spring,187.22,232.97,7,49.0,1630.79,1310.54,320.25,19.64
TXN102290,Electronics,Headphones,South,Summer,1943.57,2111.3,5,66.0,10556.5,9717.85,838.65,7.94
TXN102291,Electronics,Accessories,East,Festive,1990.98,2161.14,12,28.0,25933.68,23891.76,2041.92,7.87
TXN102292,Electronics,Smartphones,West,Winter,240.45,263.78,8,52.0,2110.24,1923.6,186.64,8.84
TXN102293,Electronics,Smartphones,North,Winter,1991.56,2212.05,7,34.0,15484.35,13940.92,1543.43,9.97
TXN102294,Grocery,Frozen Foods,North,Summer,257.11,271.37,17,6.0,4613.29,4370.87,242.42,5.25
TXN102295,Beauty & Personal Care,Skincare,West,Winter,62.62,71.09,5,53.0,355.45,313.1,42.35,11.91
TXN102296,Grocery,Snacks,West,Winter,454.24,420.82,12,18.0,5049.84,5450.88,-401.04,-7.94
TXN102297,Home & Kitchen,Storage,North,Spring,347.3,439.48,4,79.0,1757.92,1389.2,368.72,20.97
TXN102298,Apparel,Footwear,South,Winter,17.26,20.45,6,49.0,122.7,103.56,19.14,15.6
TXN102299,Grocery,Beverages,West,Winter,65.0,70.94,18,6.0,1276.92,1170.0,106.92,8.37
TXN102300,Home & Kitchen,Appliances,East,Festive,23.11,26.73,4,59.0,106.92,92.44,14.48,13.54
TXN102301,Electronics,Smartphones,Central,Festive,444.71,462.27,7,59.0,3235.89,3112.97,122.92,3.8
TXN102302,Beauty & Personal Care,Haircare,East,Summer,272.34,302.15,5,43.0,1510.75,1361.7,149.05,9.87
TXN102303,Home & Kitchen,Storage,South,Monsoon,390.28,426.62,4,94.0,1706.48,1561.12,145.36,8.52
TXN102304,Beauty & Personal Care,Skincare,East,Festive,77.05,98.29,8,35.0,786.32,616.4,169.92,21.61
TXN102305,Electronics,Headphones,West,Festive,2673.17,2717.62,8,50.0,21740.96,21385.36,355.6,1.64
TXN102306,Grocery,Beverages,West,Summer,460.39,440.2,18,17.0,7923.6,8287.02,-363.42,-4.59
TXN102307,Home & Kitchen,Furniture,East,Summer,348.4,373.95,7,83.0,2617.65,2438.8,178.85,6.83
TXN102308,Beauty & Personal Care,Grooming,West,Festive,257.77,319.92,6,48.0,1919.52,1546.62,372.9,19.43
TXN102309,Home & Kitchen,Appliances,,Winter,334.33,381.48,11,99.0,4196.28,3677.63,518.65,12.36
TXN102310,Apparel,Women's Wear,North,Monsoon,102.87,122.55,6,61.0,735.3,617.22,118.08,16.06
TXN102311,Home & Kitchen,Furniture,East,Winter,270.18,311.32,7,78.0,2179.24,1891.26,287.98,13.21
TXN102312,Electronics,Headphones,West,Winter,2448.12,2717.92,13,47.0,35332.96,31825.56,3507.4,9.93
TXN102313,Apparel,Winter Wear,North,Summer,131.58,173.02,4,74.0,692.08,526.32,165.76,23.95
TXN102314,Beauty & Personal Care,Makeup,Central,Festive,186.04,233.35,2,55.0,466.7,372.08,94.62,20.27
TXN102315,Home & Kitchen,Decor,Central,Summer,322.94,392.79,5,50.0,1963.95,1614.7,349.25,17.78
TXN102316,Apparel,Kids Wear,South,Winter,330.91,367.98,6,80.0,2207.88,1985.46,222.42,10.07
TXN102317,Apparel,Kids Wear,West,Spring,208.18,273.8,4,50.0,1095.2,832.72,262.48,23.97
TXN102318,Electronics,Laptops,Central,Summer,1321.73,1430.69,9,38.0,12876.21,11895.57,980.64,7.62
TXN102319,Grocery,Beverages,East,Festive,150.29,154.37,12,15.0,1852.44,1803.48,48.96,2.64
TXN102320,Apparel,Women's Wear,South,Monsoon,37.52,47.51,5,64.0,237.55,187.6,49.95,21.03
TXN102321,Electronics,Smartphones,South,Monsoon,1290.57,1186.51,11,67.0,13051.61,14196.27,-1144.66,-8.77
TXN102322,Home & Kitchen,Appliances,North,Spring,308.09,383.94,6,61.0,2303.64,1848.54,455.1,19.76
TXN102323,Apparel,Men's Wear,West,Monsoon,440.99,566.0,4,118.0,2264.0,1763.96,500.04,22.09
TXN102324,Apparel,Kids Wear,South,Winter,405.1,527.25,8,41.0,4218.0,3240.8,977.2,23.17
TXN102325,Grocery,Beverages,Central,Winter,415.05,440.14,17,7.0,7482.38,7055.85,426.53,5.7
TXN102326,Grocery,Beverages,Central,Winter,424.69,391.56,17,13.0,6656.52,7219.73,-563.21,-8.46
TXN102327,Home & Kitchen,Cookware,Central,Festive,167.47,196.63,6,63.0,1179.78,1004.82,174.96,14.83
TXN102328,Electronics,Laptops,East,Winter,2903.99,3259.2,6,38.0,19555.2,17423.94,2131.26,10.9
TXN102329,Grocery,Staples,South,Monsoon,270.85,297.21,13,3.0,3863.73,3521.05,342.68,8.87
TXN102330,Home & Kitchen,Storage,Central,Summer,374.07,447.36,6,51.0,2684.16,2244.42,439.74,16.38
TXN102331,Beauty & Personal Care,Makeup,North,Monsoon,325.39,389.46,11,49.0,4284.06,3579.29,704.77,16.45
TXN102332,Beauty & Personal Care,Grooming,West,Spring,317.52,416.62,9,39.0,3749.58,2857.68,891.9,23.79
TXN102333,Electronics,Laptops,East,Winter,1528.78,1442.44,13,57.0,18751.72,19874.14,-1122.42,-5.99
TXN102334,Grocery,Snacks,North,Spring,373.54,345.0,28,16.0,9660.0,10459.12,-799.12,-8.27
TXN102335,Apparel,Men's Wear,East,Festive,303.98,410.46,8,65.0,3283.68,2431.84,851.84,25.94
TXN102336,Beauty & Personal Care,Grooming,West,Summer,58.1,69.92,5,44.0,349.6,290.5,59.1,16.91
TXN102337,Electronics,Cameras,West,Festive,2575.0,2402.31,5,53.0,12011.55,12875.0,-863.45,-7.19
TXN102338,Apparel,Women's Wear,East,Winter,177.08,235.38,2,31.0,470.76,354.16,116.6,24.77
TXN102339,Grocery,Snacks,South,Festive,198.04,213.04,16,11.0,3408.64,3168.64,240.0,7.04
TXN102340,Electronics,Headphones,South,Winter,1144.31,1240.95,8,32.0,9927.6,9154.48,773.12,7.79
TXN102341,Beauty & Personal Care,Skincare,South,Winter,84.89,108.59,9,48.0,977.31,764.01,213.3,21.83
TXN102342,Electronics,Accessories,East,Summer,2258.83,2277.42,11,59.0,25051.62,24847.13,204.49,0.82
TXN102343,Home & Kitchen,Decor,West,Summer,89.88,96.48,7,75.0,675.36,629.16,46.2,6.84
TXN102344,Electronics,Cameras,Central,Spring,2540.04,2848.84,10,46.0,28488.4,25400.4,3088.0,10.84
TXN102345,Home & Kitchen,Appliances,South,Spring,148.49,174.17,4,94.0,696.68,593.96,102.72,14.74
TXN102346,Apparel,Women's Wear,East,Summer,364.41,452.56,10,74.0,4525.6,3644.1,881.5,19.48
TXN102347,Apparel,Footwear,Central,Spring,282.41,309.93,6,82.0,1859.58,1694.46,165.12,8.88
TXN102348,Apparel,Kids Wear,East,Winter,302.39,367.69,6,,2206.14,1814.34,391.8,17.76
TXN102349,Apparel,Kids Wear,West,Monsoon,161.88,192.05,9,119.0,1728.45,1456.92,271.53,15.71
TXN102350,Grocery,Frozen Foods,North,Monsoon,141.28,154.96,19,8.0,2944.24,2684.32,259.92,8.83
TXN102351,Electronics,Laptops,East,Festive,2529.06,2650.06,8,26.0,21200.48,20232.48,968.0,4.57
TXN102352,Grocery,Staples,Central,Winter,477.88,489.96,15,16.0,7349.4,7168.2,181.2,2.47
TXN102353,Apparel,Women's Wear,East,Summer,112.27,131.19,5,107.0,655.95,561.35,94.6,14.42
TXN102354,Electronics,Smartphones,West,Summer,213.55,226.17,11,53.0,2487.87,2349.05,138.82,5.58
TXN102355,Grocery,Staples,North,Summer,425.25,442.95,21,6.0,9301.95,8930.25,371.7,4.0
TXN102356,Grocery,Beverages,Central,Festive,148.63,156.76,9,11.0,1410.84,1337.67,73.17,5.19
TXN102357,Beauty & Personal Care,Skincare,West,Festive,105.46,122.63,8,52.0,981.04,843.68,137.36,14.0
TXN102358,Electronics,Cameras,East,Summer,2283.3,2490.11,10,31.0,24901.1,22833.0,2068.1,8.31
TXN102359,Beauty & Personal Care,Grooming,Central,Festive,444.34,564.45,8,48.0,4515.6,3554.72,960.88,21.28
TXN102360,Home & Kitchen,Decor,East,Festive,127.09,134.99,6,,809.94,762.54,47.4,5.85
TXN102361,Grocery,Staples,Central,Monsoon,385.55,403.18,14,14.0,5644.52,5397.7,246.82,4.37
TXN102362,Apparel,Winter Wear,North,Summer,170.95,216.09,9,105.0,1944.81,1538.55,406.26,20.89
TXN102363,Grocery,Snacks,South,Monsoon,347.02,369.97,13,15.0,4809.61,4511.26,298.35,6.2
TXN102364,Grocery,Snacks,Central,Winter,323.53,294.49,15,12.0,4417.35,4852.95,-435.6,-9.86
TXN102365,Home & Kitchen,Storage,South,Spring,207.1,234.42,6,75.0,1406.52,1242.6,163.92,11.65
TXN102366,Grocery,Staples,East,Summer,395.95,416.37,18,5.0,7494.66,7127.1,367.56,4.9
TXN102367,Apparel,Men's Wear,Central,Winter,39.2,51.0,4,47.0,204.0,156.8,47.2,23.14
TXN102368,Electronics,Cameras,West,Monsoon,619.5,664.23,5,62.0,3321.15,3097.5,223.65,6.73
TXN102369,Apparel,Winter Wear,East,Spring,92.38,112.86,7,96.0,790.02,646.66,143.36,18.15
TXN102370,Electronics,Cameras,Central,Summer,213.09,233.56,5,44.0,1167.8,1065.45,102.35,8.76
TXN102371,Apparel,Footwear,Central,Monsoon,427.28,471.59,12,94.0,5659.08,5127.36,531.72,9.4
TXN102372,Apparel,Women's Wear,North,Festive,109.68,137.7,9,84.0,1239.3,987.12,252.18,20.35
TXN102373,Grocery,Frozen Foods,West,Winter,165.45,175.06,17,4.0,2976.02,2812.65,163.37,5.49
TXN102374,Home & Kitchen,Cookware,East,Festive,157.78,200.53,8,59.0,1604.24,1262.24,342.0,21.32
TXN102375,Beauty & Personal Care,Haircare,Central,Spring,211.98,231.37,5,46.0,1156.85,1059.9,96.95,8.38
TXN102376,Grocery,Dairy,South,Spring,171.63,170.42,24,19.0,4090.08,4119.12,-29.04,-0.71
TXN102377,Grocery,Frozen Foods,North,Spring,190.33,169.44,19,16.0,3219.36,3616.27,-396.91,-12.33
TXN102378,Home & Kitchen,Cookware,Central,Winter,218.06,249.99,9,80.0,2249.91,1962.54,287.37,12.77
TXN102379,Beauty & Personal Care,Skincare,East,Festive,228.38,292.56,5,,1462.8,1141.9,320.9,21.94
TXN102380,Beauty & Personal Care,Makeup,West,Monsoon,162.23,203.55,7,36.0,1424.85,1135.61,289.24,20.3
TXN102381,Electronics,Cameras,North,Summer,1469.02,1385.31,9,67.0,12467.79,13221.18,-753.39,-6.04
TXN102382,Home & Kitchen,Furniture,Central,Festive,139.37,155.87,6,78.0,935.22,836.22,99.0,10.59
TXN102383,Home & Kitchen,Appliances,West,Winter,397.5,481.33,10,67.0,4813.3,3975.0,838.3,17.42
TXN102384,Grocery,Beverages,North,Festive,393.67,380.55,8,19.0,3044.4,3149.36,-104.96,-3.45
TXN102385,Beauty & Personal Care,Skincare,North,Summer,25.74,34.42,3,35.0,103.26,77.22,26.04,25.22
TXN102386,Apparel,Footwear,Central,Monsoon,350.59,382.21,9,,3439.89,3155.31,284.58,8.27
TXN102387,Apparel,Winter Wear,East,Spring,77.44,94.8,7,95.0,663.6,542.08,121.52,18.31
TXN102388,Electronics,Accessories,East,Winter,1563.63,1666.52,7,35.0,11665.64,10945.41,720.23,6.17
TXN102389,Home & Kitchen,Appliances,West,Summer,286.82,366.94,10,41.0,3669.4,2868.2,801.2,21.83
TXN102390,Beauty & Personal Care,Skincare,South,Winter,163.74,215.2,5,55.0,1076.0,818.7,257.3,23.91
TXN102391,Home & Kitchen,Cookware,East,Winter,184.5,211.23,5,92.0,1056.15,922.5,133.65,12.65
TXN102392,Electronics,Accessories,North,Festive,2921.2,3099.42,9,68.0,27894.78,26290.8,1603.98,5.75
TXN102393,Apparel,Footwear,North,Winter,87.96,110.59,9,79.0,995.31,791.64,203.67,20.46
TXN102394,Electronics,Accessories,,Summer,1656.61,1564.36,8,53.0,12514.88,13252.88,-738.0,-5.9
TXN102395,Home & Kitchen,Furniture,West,Winter,18.99,21.39,6,98.0,128.34,113.94,14.4,11.22
TXN102396,Electronics,Accessories,North,Festive,2086.79,2263.91,4,61.0,9055.64,8347.16,708.48,7.82
TXN102397,Beauty & Personal Care,Grooming,Central,Spring,134.82,168.94,6,40.0,1013.64,808.92,204.72,20.2
TXN102398,Apparel,Women's Wear,West,Winter,270.43,347.7,4,111.0,1390.8,1081.72,309.08,22.22
TXN102399,Beauty & Personal Care,Fragrances,West,Spring,225.38,257.97,6,56.0,1547.82,1352.28,195.54,12.63
TXN102400,Apparel,Men's Wear,West,Spring,172.7,229.72,4,42.0,918.88,690.8,228.08,24.82
TXN102401,Grocery,Beverages,West,Winter,392.3,403.68,20,,8073.6,7846.0,227.6,2.82
TXN102402,Apparel,Footwear,West,Summer,162.62,197.54,4,61.0,790.16,650.48,139.68,17.68
TXN102403,Grocery,Beverages,Central,Summer,35.1,34.32,13,19.0,446.16,456.3,-10.14,-2.27
TXN102404,Grocery,Staples,East,Winter,13.66,13.61,12,19.0,163.32,163.92,-0.6,-0.37
TXN102405,Apparel,Women's Wear,East,Winter,450.87,527.94,5,95.0,2639.7,2254.35,385.35,14.6
TXN102406,Apparel,Footwear,North,Summer,355.5,420.0,9,108.0,3780.0,3199.5,580.5,15.36
TXN102407,Electronics,Headphones,North,Monsoon,928.21,1049.22,4,32.0,4196.88,3712.84,484.04,11.53
TXN102408,Electronics,Smartphones,Central,Summer,2842.0,2844.88,6,64.0,17069.28,17052.0,17.28,0.1
TXN102409,Apparel,Women's Wear,East,Spring,490.02,611.48,9,58.0,5503.32,4410.18,1093.14,19.86
TXN102410,Home & Kitchen,Storage,Central,Monsoon,322.95,406.87,9,40.0,3661.83,2906.55,755.28,20.63
TXN102411,Electronics,Laptops,East,Festive,2304.16,2341.82,10,,23418.2,23041.6,376.6,1.61
TXN102412,Apparel,Footwear,West,Summer,381.37,473.54,9,80.0,4261.86,3432.33,829.53,19.46
TXN102413,Electronics,Laptops,West,Winter,1179.9,1158.41,6,68.0,6950.46,7079.4,-128.94,-1.86
TXN102414,Home & Kitchen,Decor,South,Summer,59.79,62.24,5,73.0,311.2,298.95,12.25,3.94
TXN102415,Home & Kitchen,Decor,East,Monsoon,358.27,426.31,10,72.0,4263.1,3582.7,680.4,15.96
TXN102416,Home & Kitchen,Appliances,South,Monsoon,81.3,99.98,12,68.0,1199.76,975.6,224.16,18.68
TXN102417,Electronics,Headphones,Central,Winter,734.2,761.02,6,61.0,4566.12,4405.2,160.92,3.52
TXN102418,Home & Kitchen,Decor,East,Festive,133.03,143.49,5,76.0,717.45,665.15,52.3,7.29
TXN102419,Grocery,Beverages,North,Festive,97.2,99.87,12,19.0,1198.44,1166.4,32.04,2.67
TXN102420,Home & Kitchen,Cookware,South,Festive,347.08,443.19,4,67.0,1772.76,1388.32,384.44,21.69
TXN102421,Beauty & Personal Care,Skincare,South,Monsoon,91.15,120.04,8,25.0,960.32,729.2,231.12,24.07
TXN102422,Beauty & Personal Care,Grooming,Central,Spring,484.77,661.3,9,35.0,5951.7,4362.93,1588.77,26.69
TXN102423,Home & Kitchen,Storage,South,Summer,249.06,306.86,4,79.0,1227.44,996.24,231.2,18.84
TXN102424,Apparel,Kids Wear,West,Spring,133.34,172.31,4,40.0,689.24,533.36,155.88,22.62
TXN102425,Apparel,Men's Wear,South,Summer,396.06,531.43,9,62.0,4782.87,3564.54,1218.33,25.47
TXN102426,Beauty & Personal Care,Skincare,,Festive,487.65,577.13,6,52.0,3462.78,2925.9,536.88,15.5
TXN102427,Grocery,Beverages,Central,Festive,272.85,285.63,20,5.0,5712.6,5457.0,255.6,4.47
TXN102428,Apparel,Men's Wear,South,Monsoon,160.34,214.72,11,48.0,2361.92,1763.74,598.18,25.33
TXN102429,Grocery,Dairy,North,Festive,303.86,287.92,17,19.0,4894.64,5165.62,-270.98,-5.54
TXN102430,Grocery,Snacks,West,Summer,243.71,258.01,19,3.0,4902.19,4630.49,271.7,5.54
TXN102431,Electronics,Smartphones,East,Monsoon,1412.68,1579.41,3,25.0,4738.23,4238.04,500.19,10.56
TXN102432,Electronics,Cameras,North,Winter,2108.06,2324.96,4,41.0,9299.84,8432.24,867.6,9.33
TXN102433,Grocery,Snacks,South,Summer,376.98,392.34,20,7.0,7846.8,7539.6,307.2,3.91
TXN102434,Electronics,Headphones,West,Monsoon,988.75,997.14,6,61.0,5982.84,5932.5,50.34,0.84
TXN102435,Grocery,Dairy,Central,Monsoon,260.52,276.65,22,10.0,6086.3,5731.44,354.86,5.83
TXN102436,Beauty & Personal Care,Haircare,West,Winter,284.18,344.06,7,45.0,2408.42,1989.26,419.16,17.4
TXN102437,Electronics,Cameras,Central,Summer,1318.07,1481.34,10,39.0,14813.4,13180.7,1632.7,11.02
TXN102438,Home & Kitchen,Storage,West,Festive,208.11,241.92,5,94.0,1209.6,1040.55,169.05,13.98
TXN102439,Electronics,Headphones,West,Winter,2346.09,2533.64,4,37.0,10134.56,9384.36,750.2,7.4
TXN102440,Apparel,Footwear,East,Spring,138.39,158.02,6,100.0,948.12,830.34,117.78,12.42
TXN102441,Apparel,Footwear,East,Spring,381.06,471.84,8,34.0,3774.72,3048.48,726.24,19.24
TXN102442,Grocery,Staples,Central,Festive,92.85,100.58,16,15.0,1609.28,1485.6,123.68,7.69
TXN102443,Apparel,Men's Wear,Central,Festive,125.02,169.29,3,64.0,507.87,375.06,132.81,26.15
TXN102444,Grocery,Snacks,Central,Festive,156.87,147.66,17,19.0,2510.22,2666.79,-156.57,-6.24
TXN102445,Electronics,Headphones,North,Spring,258.18,274.63,13,52.0,3570.19,3356.34,213.85,5.99
TXN102446,Grocery,Dairy,South,Summer,420.79,460.16,18,7.0,8282.88,7574.22,708.66,8.56
TXN102447,Grocery,Beverages,East,Spring,268.59,289.77,13,8.0,3767.01,3491.67,275.34,7.31
TXN102448,Grocery,Dairy,South,Spring,241.42,240.42,16,19.0,3846.72,3862.72,-16.0,-0.42
TXN102449,Grocery,Dairy,North,Festive,125.79,133.38,12,7.0,1600.56,1509.48,91.08,5.69
TXN102450,Home & Kitchen,Decor,Central,Winter,196.35,222.0,8,73.0,1776.0,1570.8,205.2,11.55
TXN102451,Grocery,Frozen Foods,East,Summer,117.93,109.7,16,16.0,1755.2,1886.88,-131.68,-7.5
TXN102452,Grocery,Snacks,East,Summer,379.81,405.96,17,4.0,6901.32,6456.77,444.55,6.44
TXN102453,Home & Kitchen,Decor,West,Winter,79.55,95.94,7,78.0,671.58,556.85,114.73,17.08
TXN102454,Home & Kitchen,Decor,Central,Summer,295.58,366.87,11,52.0,4035.57,3251.38,784.19,19.43
TXN102455,Grocery,Beverages,West,Summer,165.5,179.19,27,4.0,4838.13,4468.5,369.63,7.64
TXN102456,Beauty & Personal Care,Grooming,West,Summer,276.03,346.15,12,42.0,4153.8,3312.36,841.44,20.26
TXN102457,Apparel,Women's Wear,North,Winter,176.16,217.01,6,33.0,1302.06,1056.96,245.1,18.82
TXN102458,Beauty & Personal Care,Haircare,South,Summer,84.36,105.71,5,38.0,528.55,421.8,106.75,20.2
TXN102459,Grocery,Snacks,Central,Winter,139.13,152.67,8,6.0,1221.36,1113.04,108.32,8.87
TXN102460,Home & Kitchen,Appliances,Central,Monsoon,364.31,457.52,5,76.0,2287.6,1821.55,466.05,20.37
TXN102461,Grocery,Staples,East,Spring,125.69,131.0,15,11.0,1965.0,1885.35,79.65,4.05
TXN102462,Beauty & Personal Care,Grooming,North,Monsoon,116.14,160.61,8,38.0,1284.88,929.12,355.76,27.69
TXN102463,Home & Kitchen,Cookware,East,Monsoon,106.49,134.46,12,41.0,1613.52,1277.88,335.64,20.8
TXN102464,Electronics,Headphones,East,Summer,799.34,905.29,9,37.0,8147.61,7194.06,953.55,11.7
TXN102465,Home & Kitchen,Furniture,West,Summer,262.69,308.56,6,92.0,1851.36,1576.14,275.22,14.87
TXN102466,Electronics,Cameras,Central,Spring,687.65,705.04,4,67.0,2820.16,2750.6,69.56,2.47
TXN102467,Home & Kitchen,Cookware,North,Summer,329.75,385.54,14,69.0,5397.56,4616.5,781.06,14.47
TXN102468,Electronics,Smartphones,East,Festive,193.7,217.53,6,43.0,1305.18,1162.2,142.98,10.95
TXN102469,Home & Kitchen,Appliances,North,Festive,300.06,364.81,9,91.0,3283.29,2700.54,582.75,17.75
TXN102470,Apparel,Men's Wear,East,Spring,173.12,221.57,5,52.0,1107.85,865.6,242.25,21.87
TXN102471,Home & Kitchen,Storage,West,Winter,54.34,59.71,10,87.0,597.1,543.4,53.7,8.99
TXN102472,Grocery,Dairy,South,Festive,354.25,381.94,16,10.0,6111.04,5668.0,443.04,7.25
TXN102473,Electronics,Headphones,North,Festive,122.98,128.52,6,36.0,771.12,737.88,33.24,4.31
TXN102474,Grocery,Dairy,East,Spring,335.2,356.08,15,6.0,5341.2,5028.0,313.2,5.86
TXN102475,Grocery,Staples,West,Spring,310.22,285.72,15,14.0,4285.8,4653.3,-367.5,-8.57
TXN102476,Apparel,Footwear,West,Spring,95.69,121.18,7,71.0,848.26,669.83,178.43,21.03
TXN102477,Grocery,Frozen Foods,North,Winter,64.74,66.6,13,16.0,865.8,841.62,24.18,2.79
TXN102478,Home & Kitchen,Decor,North,Summer,206.29,259.91,4,62.0,1039.64,825.16,214.48,20.63
TXN102479,Beauty & Personal Care,Skincare,North,Summer,53.22,62.98,6,54.0,377.88,319.32,58.56,15.5
TXN102480,Grocery,Snacks,East,Winter,305.85,331.96,12,11.0,3983.52,3670.2,313.32,7.87
TXN102481,Apparel,Footwear,East,Summer,303.61,381.23,9,43.0,3431.07,2732.49,698.58,20.36
TXN102482,Apparel,Footwear,Central,Spring,153.11,192.41,9,53.0,1731.69,1377.99,353.7,20.43
TXN102483,Apparel,Winter Wear,East,Spring,134.28,166.63,6,47.0,999.78,805.68,194.1,19.41
TXN102484,Grocery,Staples,North,Monsoon,65.14,60.45,20,19.0,1209.0,1302.8,-93.8,-7.76
TXN102485,Electronics,Cameras,East,Winter,437.94,461.39,10,63.0,4613.9,4379.4,234.5,5.08
TXN102486,Apparel,Men's Wear,North,Monsoon,243.5,279.26,11,114.0,3071.86,2678.5,393.36,12.81
TXN102487,Electronics,Laptops,South,Winter,1333.52,1449.53,8,42.0,11596.24,10668.16,928.08,8.0
TXN102488,Home & Kitchen,Appliances,North,Festive,285.37,333.5,7,78.0,2334.5,1997.59,336.91,14.43
TXN102489,Grocery,Frozen Foods,Central,Spring,420.91,440.4,14,9.0,6165.6,5892.74,272.86,4.43
TXN102490,Apparel,Winter Wear,South,Summer,181.54,216.96,11,51.0,2386.56,1996.94,389.62,16.33
TXN102491,Grocery,Dairy,West,Festive,490.92,448.83,14,18.0,6283.62,6872.88,-589.26,-9.38
TXN102492,Apparel,Women's Wear,West,Winter,262.62,304.06,4,76.0,1216.24,1050.48,165.76,13.63
TXN102493,Home & Kitchen,Storage,North,Winter,226.47,285.55,8,44.0,2284.4,1811.76,472.64,20.69
TXN102494,Apparel,Kids Wear,South,Winter,233.18,294.91,8,73.0,2359.28,1865.44,493.84,20.93
TXN102495,Apparel,Footwear,South,Monsoon,416.68,540.2,14,72.0,7562.8,5833.52,1729.28,22.87
TXN102496,Beauty & Personal Care,Haircare,Central,Spring,153.28,200.55,4,44.0,802.2,613.12,189.08,23.57
TXN102497,Home & Kitchen,Furniture,West,Festive,153.92,178.44,5,50.0,892.2,769.6,122.6,13.74
TXN102498,Apparel,Kids Wear,North,Winter,97.38,122.46,5,51.0,612.3,486.9,125.4,20.48
TXN102499,Grocery,Beverages,East,Summer,211.87,223.34,12,4.0,2680.08,2542.44,137.64,5.14
TXN102500,Home & Kitchen,Storage,South,Monsoon,198.44,247.68,4,71.0,990.72,793.76,196.96,19.88
TXN102501,Apparel,Women's Wear,East,Winter,380.6,481.49,12,37.0,5777.88,4567.2,1210.68,20.95
TXN102502,Home & Kitchen,Storage,East,Festive,204.36,248.36,6,42.0,1490.16,1226.16,264.0,17.72
TXN102503,Apparel,Kids Wear,South,Festive,315.41,346.18,7,80.0,2423.26,2207.87,215.39,8.89
TXN102504,Apparel,Footwear,West,Festive,319.97,409.63,7,76.0,2867.41,2239.79,627.62,21.89
TXN102505,Home & Kitchen,Cookware,,Summer,298.34,365.15,4,76.0,1460.6,1193.36,267.24,18.3
TXN102506,Electronics,Accessories,North,Spring,253.49,243.41,9,48.0,2190.69,2281.41,-90.72,-4.14
TXN102507,Home & Kitchen,Decor,North,Summer,497.83,616.9,9,44.0,5552.1,4480.47,1071.63,19.3
TXN102508,Beauty & Personal Care,Fragrances,South,Summer,455.59,584.52,7,33.0,4091.64,3189.13,902.51,22.06
TXN102509,Grocery,Staples,West,Summer,156.03,162.83,18,10.0,2930.94,2808.54,122.4,4.18
TXN102510,Grocery,Snacks,Central,Monsoon,466.95,506.4,13,9.0,6583.2,6070.35,512.85,7.79
TXN102511,Grocery,Staples,Central,Winter,194.27,212.97,16,11.0,3407.52,3108.32,299.2,8.78
TXN102512,Grocery,Beverages,South,Spring,73.84,80.85,11,6.0,889.35,812.24,77.11,8.67
TXN102513,Apparel,Kids Wear,East,Monsoon,117.76,142.7,3,116.0,428.1,353.28,74.82,17.48
TXN102514,Electronics,Smartphones,Central,Monsoon,1707.61,1755.56,8,62.0,14044.48,13660.88,383.6,2.73
TXN102515,Home & Kitchen,Storage,North,Monsoon,228.05,276.35,4,43.0,1105.4,912.2,193.2,17.48
TXN102516,Apparel,Men's Wear,East,Winter,390.08,494.31,3,59.0,1482.93,1170.24,312.69,21.09
TXN102517,Grocery,Beverages,North,Winter,242.26,252.53,19,9.0,4798.07,4602.94,195.13,4.07
TXN102518,Home & Kitchen,Cookware,West,Monsoon,350.95,442.16,11,53.0,4863.76,3860.45,1003.31,20.63
TXN102519,Grocery,Frozen Foods,North,Monsoon,193.46,206.69,17,16.0,3513.73,3288.82,224.91,6.4
TXN102520,Apparel,Kids Wear,Central,Monsoon,19.16,21.62,7,77.0,151.34,134.12,17.22,11.38
TXN102521,Apparel,Men's Wear,East,Monsoon,209.26,272.13,6,60.0,1632.78,1255.56,377.22,23.1
TXN102522,Electronics,Smartphones,South,Monsoon,1262.09,1260.2,7,67.0,8821.4,8834.63,-13.23,-0.15
TXN102523,Grocery,Staples,North,Spring,351.26,386.13,15,4.0,5791.95,5268.9,523.05,9.03
TXN102524,Apparel,Winter Wear,East,Winter,262.98,327.19,6,74.0,1963.14,1577.88,385.26,19.62
TXN102525,Home & Kitchen,Appliances,South,Winter,172.75,192.56,10,72.0,1925.6,1727.5,198.1,10.29
TXN102526,Beauty & Personal Care,Makeup,West,Winter,464.03,626.38,8,40.0,5011.04,3712.24,1298.8,25.92
TXN102527,Apparel,Kids Wear,East,Monsoon,46.38,58.56,6,74.0,351.36,278.28,73.08,20.8
TXN102528,Home & Kitchen,Appliances,North,Monsoon,144.41,160.46,4,92.0,641.84,577.64,64.2,10.0
TXN102529,Apparel,Footwear,Central,Summer,135.84,156.9,6,89.0,941.4,815.04,126.36,13.42
TXN102530,Home & Kitchen,Cookware,East,Winter,345.54,412.45,9,67.0,3712.05,3109.86,602.19,16.22
TXN102531,Apparel,Kids Wear,South,Spring,404.6,482.04,6,35.0,2892.24,2427.6,464.64,16.07
TXN102532,Apparel,Kids Wear,North,Summer,222.99,271.42,5,113.0,1357.1,1114.95,242.15,17.84
TXN102533,Beauty & Personal Care,Makeup,West,Winter,458.25,564.11,6,24.0,3384.66,2749.5,635.16,18.77
TXN102534,Beauty & Personal Care,Skincare,South,Spring,200.07,270.53,6,33.0,1623.18,1200.42,422.76,26.05
TXN102535,Home & Kitchen,Furniture,Central,Festive,310.62,353.27,7,76.0,2472.89,2174.34,298.55,12.07
TXN102536,Apparel,Men's Wear,North,Spring,71.63,84.81,6,37.0,508.86,429.78,79.08,15.54
TXN102537,Apparel,Kids Wear,South,Summer,56.34,73.74,10,54.0,737.4,563.4,174.0,23.6
TXN102538,Apparel,Footwear,South,Festive,86.05,110.11,7,60.0,770.77,602.35,168.42,21.85
TXN102539,Electronics,Cameras,,Festive,2838.82,3135.84,8,42.0,25086.72,22710.56,2376.16,9.47
TXN102540,Apparel,Footwear,East,Festive,478.41,566.67,13,,7366.71,6219.33,1147.38,15.58
TXN102541,Home & Kitchen,Cookware,East,Monsoon,471.29,497.52,6,93.0,2985.12,2827.74,157.38,5.27
TXN102542,Apparel,Footwear,Central,Winter,313.49,381.83,4,40.0,1527.32,1253.96,273.36,17.9
TXN102543,Electronics,Accessories,East,Festive,2015.72,1868.46,5,57.0,9342.3,10078.6,-736.3,-7.88
TXN102544,Home & Kitchen,Decor,North,Monsoon,77.54,94.29,7,45.0,660.03,542.78,117.25,17.76
TXN102545,Electronics,Headphones,East,Summer,177.82,186.96,5,48.0,934.8,889.1,45.7,4.89
TXN102546,Grocery,Frozen Foods,North,Monsoon,464.81,506.96,21,4.0,10646.16,9761.01,885.15,8.31
TXN102547,Beauty & Personal Care,Fragrances,South,Festive,263.86,368.99,5,36.0,1844.95,1319.3,525.65,28.49
TXN102548,Electronics,Cameras,West,Spring,1052.32,1177.26,8,31.0,9418.08,8418.56,999.52,10.61
TXN102549,Beauty & Personal Care,Makeup,West,Festive,360.37,458.21,6,36.0,2749.26,2162.22,587.04,21.35
TXN102550,Electronics,Headphones,North,Monsoon,1433.51,1481.59,3,54.0,4444.77,4300.53,144.24,3.25
TXN102551,Electronics,Cameras,South,Winter,907.83,1008.02,5,64.0,5040.1,4539.15,500.95,9.94
TXN102552,Electronics,Laptops,North,Summer,373.73,404.03,5,68.0,2020.15,1868.65,151.5,7.5
TXN102553,Apparel,Men's Wear,North,Monsoon,399.55,536.01,9,59.0,4824.09,3595.95,1228.14,25.46
TXN102554,Apparel,Men's Wear,North,Festive,203.85,265.02,6,94.0,1590.12,1223.1,367.02,23.08
TXN102555,Beauty & Personal Care,Grooming,East,Spring,125.39,149.4,2,41.0,298.8,250.78,48.02,16.07
TXN102556,Apparel,Kids Wear,South,Winter,302.97,393.98,7,65.0,2757.86,2120.79,637.07,23.1
TXN102557,Home & Kitchen,Decor,West,Spring,242.79,303.03,7,69.0,2121.21,1699.53,421.68,19.88
TXN102558,Apparel,Footwear,West,Festive,140.77,182.29,6,45.0,1093.74,844.62,249.12,22.78
TXN102559,Apparel,Women's Wear,Central,Winter,23.43,29.54,7,116.0,206.78,164.01,42.77,20.68
TXN102560,Electronics,Accessories,North,Monsoon,640.41,590.27,8,50.0,4722.16,5123.28,-401.12,-8.49
TXN102561,Apparel,Footwear,North,Winter,474.37,537.37,5,112.0,2686.85,2371.85,315.0,11.72
TXN102562,Grocery,Snacks,East,Spring,275.58,297.37,18,11.0,5352.66,4960.44,392.22,7.33
TXN102563,Apparel,Footwear,East,Monsoon,385.67,477.04,11,36.0,5247.44,4242.37,1005.07,19.15
TXN102564,Home & Kitchen,Appliances,North,Festive,195.67,232.58,5,45.0,1162.9,978.35,184.55,15.87
TXN102565,Grocery,Snacks,North,Summer,374.08,408.33,18,9.0,7349.94,6733.44,616.5,8.39
TXN102566,Home & Kitchen,Cookware,West,Summer,18.47,21.81,13,90.0,283.53,240.11,43.42,15.31
TXN102567,Home & Kitchen,Appliances,East,Monsoon,414.97,518.71,5,56.0,2593.55,2074.85,518.7,20.0
TXN102568,Apparel,Kids Wear,East,Festive,144.33,183.95,3,34.0,551.85,432.99,118.86,21.54
TXN102569,Apparel,Men's Wear,North,Spring,11.91,14.64,10,76.0,146.4,119.1,27.3,18.65
TXN102570,Beauty & Personal Care,Makeup,South,Winter,139.57,173.32,5,30.0,866.6,697.85,168.75,19.47
TXN102571,Beauty & Personal Care,Makeup,Central,Winter,486.79,631.68,4,35.0,2526.72,1947.16,579.56,22.94
TXN102572,Apparel,Winter Wear,Central,Monsoon,239.89,285.35,9,34.0,2568.15,2159.01,409.14,15.93
TXN102573,Apparel,Footwear,North,Monsoon,16.27,21.73,9,31.0,195.57,146.43,49.14,25.13
TXN102574,Grocery,Staples,South,Monsoon,103.95,94.9,17,18.0,1613.3,1767.15,-153.85,-9.54
TXN102575,Home & Kitchen,Decor,North,Summer,172.62,189.25,1,78.0,189.25,172.62,16.63,8.79
TXN102576,Beauty & Personal Care,Haircare,Central,Spring,230.68,316.69,9,20.0,2850.21,2076.12,774.09,27.16
TXN102577,Grocery,Frozen Foods,South,Festive,20.08,20.96,11,5.0,230.56,220.88,9.68,4.2
TXN102578,Apparel,Winter Wear,Central,Festive,355.59,445.86,5,115.0,2229.3,1777.95,451.35,20.25
TXN102579,Home & Kitchen,Furniture,West,Summer,407.67,513.59,12,53.0,6163.08,4892.04,1271.04,20.62
TXN102580,Apparel,Men's Wear,North,Summer,274.14,357.26,8,71.0,2858.08,2193.12,664.96,23.27
TXN102581,Grocery,Snacks,East,Spring,464.75,490.0,8,4.0,3920.0,3718.0,202.0,5.15
TXN102582,Apparel,Women's Wear,West,Summer,390.89,490.09,6,49.0,2940.54,2345.34,595.2,20.24
TXN102583,Electronics,Smartphones,West,Spring,1466.98,1636.91,7,28.0,11458.37,10268.86,1189.51,10.38
TXN102584,Apparel,Footwear,West,Winter,282.48,379.7,7,39.0,2657.9,1977.36,680.54,25.6
TXN102585,Electronics,Laptops,Central,Monsoon,2668.24,2998.14,3,47.0,8994.42,8004.72,989.7,11.0
TXN102586,Home & Kitchen,Storage,Central,Monsoon,138.99,170.41,7,48.0,1192.87,972.93,219.94,18.44
TXN102587,Electronics,Headphones,South,Monsoon,1183.76,1210.61,9,67.0,10895.49,10653.84,241.65,2.22
TXN102588,Electronics,Cameras,North,Spring,1797.39,1801.2,5,68.0,9006.0,8986.95,19.05,0.21
TXN102589,Electronics,Headphones,West,Festive,2396.95,2460.38,7,46.0,17222.66,16778.65,444.01,2.58
TXN102590,Grocery,Frozen Foods,North,Winter,162.82,169.87,20,11.0,3397.4,3256.4,141.0,4.15
TXN102591,Electronics,Smartphones,South,Festive,2294.32,2274.2,7,57.0,15919.4,16060.24,-140.84,-0.88
TXN102592,Beauty & Personal Care,Haircare,West,Summer,175.91,214.96,10,28.0,2149.6,1759.1,390.5,18.17
TXN102593,Home & Kitchen,Furniture,Central,Summer,308.23,391.04,10,55.0,3910.4,3082.3,828.1,21.18
TXN102594,Grocery,Dairy,Central,Winter,496.86,490.24,18,17.0,8824.32,8943.48,-119.16,-1.35
TXN102595,Beauty & Personal Care,Haircare,West,Monsoon,329.33,405.99,9,20.0,3653.91,2963.97,689.94,18.88
TXN102596,Apparel,Footwear,East,Festive,410.1,480.17,10,99.0,4801.7,4101.0,700.7,14.59
TXN102597,Electronics,Cameras,North,Monsoon,1760.4,1896.8,6,27.0,11380.8,10562.4,818.4,7.19
TXN102598,Electronics,Smartphones,North,Festive,2816.38,3103.41,4,41.0,12413.64,11265.52,1148.12,9.25
TXN102599,Grocery,Staples,Central,Spring,39.12,41.06,15,8.0,615.9,586.8,29.1,4.72
TXN102600,Apparel,Footwear,South,Festive,354.55,461.66,5,56.0,2308.3,1772.75,535.55,23.2
TXN102601,Home & Kitchen,Furniture,North,Festive,51.46,64.71,9,69.0,582.39,463.14,119.25,20.48
TXN102602,Grocery,Snacks,East,Summer,331.37,359.46,14,6.0,5032.44,4639.18,393.26,7.81
TXN102603,Apparel,Winter Wear,East,Monsoon,52.82,66.93,7,42.0,468.51,369.74,98.77,21.08
TXN102604,Apparel,Winter Wear,South,Winter,172.68,226.5,4,,906.0,690.72,215.28,23.76
TXN102605,Electronics,Accessories,South,Monsoon,1274.38,1404.46,6,41.0,8426.76,7646.28,780.48,9.26
TXN102606,Apparel,Winter Wear,South,Monsoon,344.32,400.42,6,113.0,2402.52,2065.92,336.6,14.01
TXN102607,Electronics,Accessories,South,Monsoon,407.36,443.72,10,60.0,4437.2,4073.6,363.6,8.19
TXN102608,Grocery,Dairy,,Festive,62.73,67.05,17,9.0,1139.85,1066.41,73.44,6.44
TXN102609,Electronics,Smartphones,North,Spring,275.14,272.35,3,60.0,817.05,825.42,-8.37,-1.02
TXN102610,Beauty & Personal Care,Haircare,West,Monsoon,216.82,267.09,7,38.0,1869.63,1517.74,351.89,18.82
TXN102611,Grocery,Snacks,North,Winter,482.96,511.95,20,10.0,10239.0,9659.2,579.8,5.66
TXN102612,Apparel,Kids Wear,North,Summer,364.79,449.13,6,71.0,2694.78,2188.74,506.04,18.78
TXN102613,Home & Kitchen,Cookware,West,Winter,350.02,377.35,7,,2641.45,2450.14,191.31,7.24
TXN102614,Grocery,Dairy,East,Spring,56.02,58.98,13,6.0,766.74,728.26,38.48,5.02
TXN102615,Beauty & Personal Care,Haircare,Central,Festive,121.68,137.49,9,49.0,1237.41,1095.12,142.29,11.5
TXN102616,Beauty & Personal Care,Grooming,East,Festive,312.86,396.53,10,28.0,3965.3,3128.6,836.7,21.1
TXN102617,Beauty & Personal Care,Makeup,South,Spring,38.28,46.55,7,56.0,325.85,267.96,57.89,17.77
TXN102618,Electronics,Laptops,Central,Winter,2903.0,3118.21,9,64.0,28063.89,26127.0,1936.89,6.9
TXN102619,Grocery,Dairy,West,Festive,298.76,320.08,20,4.0,6401.6,5975.2,426.4,6.66
TXN102620,Home & Kitchen,Storage,West,Winter,49.41,56.94,9,65.0,512.46,444.69,67.77,13.22
TXN102621,Electronics,Laptops,East,Summer,203.09,189.36,11,56.0,2082.96,2233.99,-151.03,-7.25
TXN102622,Electronics,Headphones,East,Winter,2057.39,2037.83,9,50.0,18340.47,18516.51,-176.04,-0.96
TXN102623,Electronics,Cameras,South,Monsoon,1861.26,2103.46,4,42.0,8413.84,7445.04,968.8,11.51
TXN102624,Home & Kitchen,Furniture,East,Festive,142.88,176.68,1,42.0,176.68,142.88,33.8,19.13
TXN102625,Home & Kitchen,Cookware,West,Spring,30.02,32.71,11,77.0,359.81,330.22,29.59,8.22
TXN102626,Grocery,Frozen Foods,Central,Winter,241.41,232.61,18,12.0,4186.98,4345.38,-158.4,-3.78
TXN102627,Beauty & Personal Care,Grooming,West,Summer,282.9,361.17,3,32.0,1083.51,848.7,234.81,21.67
TXN102628,Electronics,Headphones,North,Spring,2413.45,2347.49,8,56.0,18779.92,19307.6,-527.68,-2.81
TXN102629,Electronics,Cameras,East,Festive,2054.93,2292.8,9,38.0,20635.2,18494.37,2140.83,10.37
TXN102630,Apparel,Men's Wear,West,Spring,315.58,356.11,9,94.0,3204.99,2840.22,364.77,11.38
TXN102631,Electronics,Smartphones,South,Spring,2222.84,2403.71,8,63.0,19229.68,17782.72,1446.96,7.52
TXN102632,Beauty & Personal Care,Haircare,Central,Spring,310.82,344.3,10,58.0,3443.0,3108.2,334.8,9.72
TXN102633,Electronics,Smartphones,North,Winter,1268.24,1312.53,7,54.0,9187.71,8877.68,310.03,3.37
TXN102634,Electronics,Laptops,South,Summer,1932.26,1925.64,4,67.0,7702.56,7729.04,-26.48,-0.34
TXN102635,Grocery,Snacks,East,Spring,125.31,135.88,15,6.0,2038.2,1879.65,158.55,7.78
TXN102636,Apparel,Footwear,North,Monsoon,438.72,512.95,8,113.0,4103.6,3509.76,593.84,14.47
TXN102637,Beauty & Personal Care,Makeup,North,Monsoon,37.93,48.8,4,47.0,195.2,151.72,43.48,22.27
TXN102638,Grocery,Staples,North,Summer,473.84,504.92,15,8.0,7573.8,7107.6,466.2,6.16
TXN102639,Home & Kitchen,Cookware,West,Winter,268.46,330.65,8,63.0,2645.2,2147.68,497.52,18.81
TXN102640,Home & Kitchen,Storage,West,Monsoon,293.13,336.24,9,81.0,3026.16,2638.17,387.99,12.82
TXN102641,Electronics,Headphones,South,Summer,1900.12,2148.21,7,38.0,15037.47,13300.84,1736.63,11.55
TXN102642,Apparel,Kids Wear,,Summer,154.05,204.12,6,71.0,1224.72,924.3,300.42,24.53
TXN102643,Electronics,Smartphones,East,Monsoon,2820.74,3028.89,7,60.0,21202.23,19745.18,1457.05,6.87
TXN102644,Home & Kitchen,Appliances,West,Spring,301.3,378.22,6,43.0,2269.32,1807.8,461.52,20.34
TXN102645,Apparel,Winter Wear,Central,Monsoon,114.48,144.34,6,37.0,866.04,686.88,179.16,20.69
TXN102646,Grocery,Dairy,Central,Winter,341.52,334.54,12,18.0,4014.48,4098.24,-83.76,-2.09
TXN102647,Beauty & Personal Care,Haircare,West,Monsoon,68.76,93.77,7,23.0,656.39,481.32,175.07,26.67
TXN102648,Home & Kitchen,Decor,East,Monsoon,220.47,229.77,6,92.0,1378.62,1322.82,55.8,4.05
TXN102649,Home & Kitchen,Decor,West,Spring,150.34,170.46,12,94.0,2045.52,1804.08,241.44,11.8
TXN102650,Electronics,Accessories,South,Spring,491.44,532.89,3,29.0,1598.67,1474.32,124.35,7.78
TXN102651,Beauty & Personal Care,Fragrances,Central,Spring,92.69,128.21,12,30.0,1538.52,1112.28,426.24,27.7
TXN102652,Home & Kitchen,Appliances,South,Spring,257.0,308.44,10,44.0,3084.4,2570.0,514.4,16.68
TXN102653,Electronics,Cameras,East,Monsoon,1101.16,1186.38,3,,3559.14,3303.48,255.66,7.18
TXN102654,Apparel,Kids Wear,Central,Spring,132.85,166.82,5,51.0,834.1,664.25,169.85,20.36
TXN102655,Home & Kitchen,Furniture,Central,Winter,426.27,462.64,4,81.0,1850.56,1705.08,145.48,7.86
TXN102656,Grocery,Snacks,South,Monsoon,70.3,73.02,24,12.0,1752.48,1687.2,65.28,3.73
TXN102657,Apparel,Men's Wear,North,Summer,23.95,26.39,6,76.0,158.34,143.7,14.64,9.25
TXN102658,Apparel,Women's Wear,Central,Winter,167.89,224.72,8,70.0,1797.76,1343.12,454.64,25.29
TXN102659,Grocery,Beverages,South,Summer,229.02,220.6,15,16.0,3309.0,3435.3,-126.3,-3.82
TXN102660,Home & Kitchen,Appliances,Central,Winter,453.27,567.92,6,63.0,3407.52,2719.62,687.9,20.19
TXN102661,Apparel,Footwear,South,Winter,81.2,89.56,6,92.0,537.36,487.2,50.16,9.33
TXN102662,Electronics,Headphones,South,Winter,1171.77,1269.31,8,34.0,10154.48,9374.16,780.32,7.68
TXN102663,Beauty & Personal Care,Makeup,Central,Festive,298.54,391.97,10,26.0,3919.7,2985.4,934.3,23.84
TXN102664,Home & Kitchen,Furniture,West,Festive,457.74,552.3,3,,1656.9,1373.22,283.68,17.12
TXN102665,Home & Kitchen,Storage,North,Festive,241.43,274.37,5,78.0,1371.85,1207.15,164.7,12.01
TXN102666,Electronics,Headphones,North,Monsoon,2580.65,2812.8,6,36.0,16876.8,15483.9,1392.9,8.25
TXN102667,Electronics,Cameras,Central,Spring,2843.98,3126.77,7,29.0,21887.39,19907.86,1979.53,9.04
TXN102668,Electronics,Smartphones,East,Festive,228.97,237.93,5,41.0,1189.65,1144.85,44.8,3.77
TXN102669,Grocery,Staples,South,Monsoon,347.43,343.65,13,12.0,4467.45,4516.59,-49.14,-1.1
TXN102670,Home & Kitchen,Storage,Central,Winter,18.63,22.28,6,62.0,133.68,111.78,21.9,16.38
TXN102671,Beauty & Personal Care,Grooming,Central,Festive,154.53,194.65,7,27.0,1362.55,1081.71,280.84,20.61
TXN102672,Grocery,Frozen Foods,West,Monsoon,278.3,282.37,10,19.0,2823.7,2783.0,40.7,1.44
TXN102673,Electronics,Laptops,West,Festive,2181.98,2264.96,7,38.0,15854.72,15273.86,580.86,3.66
TXN102674,Grocery,Dairy,Central,Festive,221.11,207.37,15,19.0,3110.55,3316.65,-206.1,-6.63
TXN102675,Home & Kitchen,Storage,South,Summer,138.17,164.19,7,42.0,1149.33,967.19,182.14,15.85
TXN102676,Apparel,Winter Wear,Central,Festive,245.98,278.69,2,76.0,557.38,491.96,65.42,11.74
TXN102677,Beauty & Personal Care,Skincare,North,Festive,146.88,186.62,5,30.0,933.1,734.4,198.7,21.29
TXN102678,Apparel,Kids Wear,North,Monsoon,432.42,483.72,5,118.0,2418.6,2162.1,256.5,10.61
TXN102679,Apparel,Kids Wear,West,Festive,140.3,176.19,6,37.0,1057.14,841.8,215.34,20.37
TXN102680,Grocery,Frozen Foods,East,Summer,300.17,314.4,20,5.0,6288.0,6003.4,284.6,4.53
TXN102681,Grocery,Snacks,North,Spring,257.71,274.45,18,18.0,4940.1,4638.78,301.32,6.1
TXN102682,Apparel,Kids Wear,West,Festive,299.05,397.28,5,68.0,1986.4,1495.25,491.15,24.73
TXN102683,Home & Kitchen,Appliances,Central,Spring,46.18,57.42,7,57.0,401.94,323.26,78.68,19.58
TXN102684,Electronics,Laptops,South,Spring,1456.83,1547.88,4,37.0,6191.52,5827.32,364.2,5.88
TXN102685,Grocery,Dairy,East,Monsoon,283.01,306.94,10,3.0,3069.4,2830.1,239.3,7.8
TXN102686,Beauty & Personal Care,Fragrances,East,Monsoon,134.02,180.48,7,39.0,1263.36,938.14,325.22,25.74
TXN102687,Apparel,Kids Wear,South,Winter,200.72,241.58,5,30.0,1207.9,1003.6,204.3,16.91
TXN102688,Apparel,Men's Wear,East,Summer,330.29,408.66,6,87.0,2451.96,1981.74,470.22,19.18
TXN102689,Home & Kitchen,Furniture,Central,Monsoon,472.66,577.32,8,86.0,4618.56,3781.28,837.28,18.13
TXN102690,Grocery,Staples,East,Monsoon,207.88,212.71,13,17.0,2765.23,2702.44,62.79,2.27
TXN102691,Grocery,Beverages,South,Winter,106.85,114.82,17,7.0,1951.94,1816.45,135.49,6.94
TXN102692,Electronics,Smartphones,Central,Festive,2197.21,2016.83,8,60.0,16134.64,17577.68,-1443.04,-8.94
TXN102693,Home & Kitchen,Decor,Central,Festive,473.34,514.24,13,87.0,6685.12,6153.42,531.7,7.95
TXN102694,Grocery,Beverages,North,Festive,207.68,191.85,18,14.0,3453.3,3738.24,-284.94,-8.25
TXN102695,Apparel,Men's Wear,West,Summer,306.8,402.49,8,96.0,3219.92,2454.4,765.52,23.77
TXN102696,Home & Kitchen,Decor,West,Winter,142.13,176.06,7,44.0,1232.42,994.91,237.51,19.27
TXN102697,Home & Kitchen,Cookware,South,Winter,303.1,322.6,8,85.0,2580.8,2424.8,156.0,6.04
TXN102698,Grocery,Beverages,South,Spring,413.42,432.56,15,5.0,6488.4,6201.3,287.1,4.42
TXN102699,Grocery,Dairy,East,Winter,428.79,464.1,19,6.0,8817.9,8147.01,670.89,7.61
TXN102700,Beauty & Personal Care,Haircare,East,Festive,54.88,67.77,3,52.0,203.31,164.64,38.67,19.02
TXN102701,Home & Kitchen,Appliances,Central,Winter,431.22,534.7,6,52.0,3208.2,2587.32,620.88,19.35
TXN102702,Grocery,Snacks,South,Festive,330.92,306.15,12,17.0,3673.8,3971.04,-297.24,-8.09
TXN102703,Grocery,Beverages,North,Monsoon,196.25,177.49,13,19.0,2307.37,2551.25,-243.88,-10.57
TXN102704,Grocery,Beverages,West,Festive,325.55,295.71,23,12.0,6801.33,7487.65,-686.32,-10.09
TXN102705,Home & Kitchen,Furniture,West,Winter,451.64,542.74,8,73.0,4341.92,3613.12,728.8,16.79
TXN102706,Electronics,Headphones,Central,Summer,358.02,403.98,5,26.0,2019.9,1790.1,229.8,11.38
TXN102707,Grocery,Snacks,West,Festive,124.3,133.79,14,7.0,1873.06,1740.2,132.86,7.09
TXN102708,Grocery,Snacks,North,Winter,358.81,388.72,18,6.0,6996.96,6458.58,538.38,7.69
TXN102709,Home & Kitchen,Furniture,Central,Summer,491.91,584.18,7,98.0,4089.26,3443.37,645.89,15.79
TXN102710,Apparel,Women's Wear,South,Summer,316.34,419.54,9,73.0,3775.86,2847.06,928.8,24.6
TXN102711,Home & Kitchen,Cookware,North,Winter,240.38,285.84,3,65.0,857.52,721.14,136.38,15.9
TXN102712,Apparel,Footwear,South,Summer,372.78,452.5,8,72.0,3620.0,2982.24,637.76,17.62
TXN102713,Electronics,Accessories,West,Monsoon,2324.71,2585.57,6,42.0,15513.42,13948.26,1565.16,10.09
TXN102714,Apparel,Men's Wear,Central,Spring,495.84,664.35,11,40.0,7307.85,5454.24,1853.61,25.36
TXN102715,Beauty & Personal Care,Fragrances,Central,Winter,91.77,115.61,7,48.0,809.27,642.39,166.88,20.62
TXN102716,Electronics,Accessories,North,Spring,2023.86,2239.37,11,44.0,24633.07,22262.46,2370.61,9.62
TXN102717,Home & Kitchen,Storage,North,Festive,359.73,454.58,7,,3182.06,2518.11,663.95,20.87
TXN102718,Beauty & Personal Care,Grooming,South,Summer,112.87,120.84,7,55.0,845.88,790.09,55.79,6.6
TXN102719,Electronics,Smartphones,South,Festive,2416.71,2653.06,7,46.0,18571.42,16916.97,1654.45,8.91
TXN102720,Apparel,Men's Wear,South,Spring,10.26,12.67,8,37.0,101.36,82.08,19.28,19.02
TXN102721,Electronics,Cameras,West,Festive,1670.86,1783.61,7,26.0,12485.27,11696.02,789.25,6.32
TXN102722,Electronics,Smartphones,East,Winter,393.19,407.77,6,56.0,2446.62,2359.14,87.48,3.58
TXN102723,Electronics,Smartphones,East,Winter,2003.74,2175.72,7,46.0,15230.04,14026.18,1203.86,7.9
TXN102724,Home & Kitchen,Appliances,Central,Spring,237.51,292.28,3,92.0,876.84,712.53,164.31,18.74
TXN102725,Grocery,Dairy,West,Winter,342.38,305.33,17,16.0,5190.61,5820.46,-629.85,-12.13
TXN102726,Beauty & Personal Care,Grooming,East,Monsoon,74.97,88.94,9,55.0,800.46,674.73,125.73,15.71
TXN102727,Home & Kitchen,Decor,North,Spring,193.35,242.34,6,61.0,1454.04,1160.1,293.94,20.22
TXN102728,Beauty & Personal Care,Makeup,East,Spring,161.77,200.34,5,40.0,1001.7,808.85,192.85,19.25
TXN102729,Apparel,Winter Wear,Central,Winter,168.13,207.85,7,98.0,1454.95,1176.91,278.04,19.11
TXN102730,Grocery,Staples,West,Winter,319.18,339.11,17,8.0,5764.87,5426.06,338.81,5.88
TXN102731,Home & Kitchen,Appliances,East,Festive,403.29,445.16,9,74.0,4006.44,3629.61,376.83,9.41
TXN102732,Apparel,Footwear,North,Spring,246.31,269.86,6,85.0,1619.16,1477.86,141.3,8.73
TXN102733,Apparel,Men's Wear,Central,Spring,104.05,125.35,4,48.0,501.4,416.2,85.2,16.99
TXN102734,Home & Kitchen,Storage,North,Monsoon,238.93,293.38,4,65.0,1173.52,955.72,217.8,18.56
TXN102735,Home & Kitchen,Storage,North,Monsoon,483.74,519.95,11,73.0,5719.45,5321.14,398.31,6.96
TXN102736,Electronics,Laptops,East,Monsoon,2453.01,2540.23,5,58.0,12701.15,12265.05,436.1,3.43
TXN102737,Grocery,Frozen Foods,West,Spring,211.95,218.18,20,16.0,4363.6,4239.0,124.6,2.86
TXN102738,Grocery,Snacks,Central,Festive,73.59,71.44,14,14.0,1000.16,1030.26,-30.1,-3.01
TXN102739,Home & Kitchen,Cookware,South,Festive,449.24,530.38,6,55.0,3182.28,2695.44,486.84,15.3
TXN102740,Apparel,Women's Wear,West,Festive,48.73,63.3,4,35.0,253.2,194.92,58.28,23.02
TXN102741,Home & Kitchen,Appliances,North,Winter,53.39,65.31,5,62.0,326.55,266.95,59.6,18.25
TXN102742,Grocery,Dairy,East,Winter,387.14,402.68,15,19.0,6040.2,5807.1,233.1,3.86
TXN102743,Apparel,Kids Wear,North,Spring,128.1,159.81,7,40.0,1118.67,896.7,221.97,19.84
TXN102744,Apparel,Men's Wear,North,Spring,367.58,476.53,5,34.0,2382.65,1837.9,544.75,22.86
TXN102745,Beauty & Personal Care,Makeup,East,Spring,24.72,30.5,7,27.0,213.5,173.04,40.46,18.95
TXN102746,Apparel,Kids Wear,East,Festive,212.53,270.58,8,43.0,2164.64,1700.24,464.4,21.45
TXN102747,Grocery,Staples,South,Summer,53.22,55.58,18,18.0,1000.44,957.96,42.48,4.25
TXN102748,Electronics,Smartphones,West,Monsoon,2924.57,3318.58,10,30.0,33185.8,29245.7,3940.1,11.87
TXN102749,Electronics,Laptops,North,Festive,296.0,277.46,3,66.0,832.38,888.0,-55.62,-6.68
TXN102750,Apparel,Women's Wear,Central,Monsoon,424.2,526.07,6,116.0,3156.42,2545.2,611.22,19.36
TXN102751,Grocery,Dairy,West,Festive,417.35,380.75,15,13.0,5711.25,6260.25,-549.0,-9.61
TXN102752,Home & Kitchen,Cookware,South,Spring,313.27,389.8,4,52.0,1559.2,1253.08,306.12,19.63
TXN102753,Home & Kitchen,Appliances,South,Monsoon,211.91,249.4,6,50.0,1496.4,1271.46,224.94,15.03
TXN102754,Beauty & Personal Care,Fragrances,Central,Winter,243.85,284.05,5,41.0,1420.25,1219.25,201.0,14.15
TXN102755,Home & Kitchen,Storage,South,Spring,287.32,300.14,8,81.0,2401.12,2298.56,102.56,4.27
TXN102756,Electronics,Accessories,East,Monsoon,2667.02,2674.18,11,50.0,29415.98,29337.22,78.76,0.27
TXN102757,Grocery,Dairy,Central,Summer,253.9,268.24,15,8.0,4023.6,3808.5,215.1,5.35
TXN102758,Home & Kitchen,Storage,East,Festive,321.49,387.29,7,65.0,2711.03,2250.43,460.6,16.99
TXN102759,Home & Kitchen,Appliances,Central,Spring,193.36,199.88,12,99.0,2398.56,2320.32,78.24,3.26
TXN102760,Beauty & Personal Care,Skincare,East,Spring,285.77,343.45,4,43.0,1373.8,1143.08,230.72,16.79
TXN102761,Grocery,Staples,East,Spring,358.38,385.73,22,3.0,8486.06,7884.36,601.7,7.09
TXN102762,Grocery,Dairy,East,Summer,342.73,358.26,22,11.0,7881.72,7540.06,341.66,4.33
TXN102763,Apparel,Kids Wear,South,Spring,166.28,178.13,6,109.0,1068.78,997.68,71.1,6.65
TXN102764,Apparel,Women's Wear,East,Monsoon,190.46,233.15,4,92.0,932.6,761.84,170.76,18.31
TXN102765,Apparel,Women's Wear,West,Spring,298.49,365.41,3,38.0,1096.23,895.47,200.76,18.31
TXN102766,Beauty & Personal Care,Grooming,North,Festive,429.07,522.26,8,45.0,4178.08,3432.56,745.52,17.84
TXN102767,Apparel,Women's Wear,Central,Festive,367.42,443.48,9,65.0,3991.32,3306.78,684.54,17.15
TXN102768,Apparel,Footwear,Central,Festive,199.81,269.92,5,44.0,1349.6,999.05,350.55,25.97
TXN102769,Home & Kitchen,Cookware,North,Monsoon,131.39,165.22,7,43.0,1156.54,919.73,236.81,20.48
TXN102770,Home & Kitchen,Storage,West,Monsoon,247.46,280.42,8,79.0,2243.36,1979.68,263.68,11.75
TXN102771,Home & Kitchen,Cookware,Central,Festive,352.15,437.33,8,67.0,3498.64,2817.2,681.44,19.48
TXN102772,Electronics,Headphones,East,Festive,2302.85,2431.38,6,59.0,14588.28,13817.1,771.18,5.29
TXN102773,Home & Kitchen,Storage,West,Monsoon,443.07,468.96,6,76.0,2813.76,2658.42,155.34,5.52
TXN102774,Beauty & Personal Care,Grooming,North,Summer,142.77,166.34,7,51.0,1164.38,999.39,164.99,14.17
TXN102775,Electronics,Smartphones,North,Spring,627.21,587.58,5,48.0,2937.9,3136.05,-198.15,-6.74
TXN102776,Apparel,Footwear,West,Winter,69.83,85.92,12,53.0,1031.04,837.96,193.08,18.73
TXN102777,Grocery,Snacks,North,Festive,88.32,96.03,18,3.0,1728.54,1589.76,138.78,8.03
TXN102778,Apparel,Kids Wear,West,Summer,335.6,452.18,8,65.0,3617.44,2684.8,932.64,25.78
TXN102779,Home & Kitchen,Furniture,Central,Festive,323.16,391.73,8,49.0,3133.84,2585.28,548.56,17.5
TXN102780,Apparel,Footwear,Central,Spring,268.55,302.25,6,107.0,1813.5,1611.3,202.2,11.15
TXN102781,Electronics,Cameras,West,Festive,347.51,322.69,7,50.0,2258.83,2432.57,-173.74,-7.69
TXN102782,Electronics,Laptops,Central,Winter,851.43,953.38,8,63.0,7627.04,6811.44,815.6,10.69
TXN102783,Apparel,Footwear,North,Summer,456.1,600.8,7,51.0,4205.6,3192.7,1012.9,24.08
TXN102784,Beauty & Personal Care,Grooming,West,Winter,246.54,305.08,8,51.0,2440.64,1972.32,468.32,19.19
TXN102785,Apparel,Winter Wear,South,Festive,247.41,331.13,8,42.0,2649.04,1979.28,669.76,25.28
TXN102786,Electronics,Accessories,North,Winter,110.99,125.76,4,40.0,503.04,443.96,59.08,11.74
TXN102787,Home & Kitchen,Furniture,South,Winter,321.0,327.17,8,82.0,2617.36,2568.0,49.36,1.89
TXN102788,Electronics,Accessories,West,Festive,1882.92,1895.49,11,69.0,20850.39,20712.12,138.27,0.66
TXN102789,Grocery,Staples,North,Winter,114.94,120.6,12,4.0,1447.2,1379.28,67.92,4.69
TXN102790,Grocery,Snacks,East,Spring,450.49,484.34,18,6.0,8718.12,8108.82,609.3,6.99
TXN102791,Apparel,Men's Wear,South,Summer,221.36,262.56,9,70.0,2363.04,1992.24,370.8,15.69
TXN102792,Beauty & Personal Care,Fragrances,South,Summer,384.74,456.12,4,55.0,1824.48,1538.96,285.52,15.65
TXN102793,Home & Kitchen,Cookware,Central,Summer,23.66,24.12,12,95.0,289.44,283.92,5.52,1.91
TXN102794,Apparel,Footwear,Central,Festive,166.49,185.02,5,88.0,925.1,832.45,92.65,10.02
TXN102795,Grocery,Staples,West,Winter,189.75,204.13,15,9.0,3061.95,2846.25,215.7,7.04
TXN102796,Electronics,Cameras,East,Winter,2768.61,3092.5,5,40.0,15462.5,13843.05,1619.45,10.47
TXN102797,Electronics,Laptops,Central,Monsoon,250.02,257.49,5,50.0,1287.45,1250.1,37.35,2.9
TXN102798,Beauty & Personal Care,Haircare,South,Spring,100.96,123.53,4,45.0,494.12,403.84,90.28,18.27
TXN102799,Grocery,Staples,West,Monsoon,319.71,303.94,15,17.0,4559.1,4795.65,-236.55,-5.19
TXN102800,Grocery,Frozen Foods,South,Summer,452.72,453.76,17,19.0,7713.92,7696.24,17.68,0.23
TXN102801,Electronics,Headphones,East,Spring,903.79,1027.34,10,34.0,10273.4,9037.9,1235.5,12.03
TXN102802,Home & Kitchen,Cookware,North,Spring,144.49,162.16,4,90.0,648.64,577.96,70.68,10.9
TXN102803,Home & Kitchen,Decor,West,Summer,21.55,27.22,9,61.0,244.98,193.95,51.03,20.83
TXN102804,Electronics,Smartphones,East,Spring,2676.89,2817.17,12,,33806.04,32122.68,1683.36,4.98
TXN102805,Electronics,Cameras,East,Summer,1021.16,944.55,7,52.0,6611.85,7148.12,-536.27,-8.11
TXN102806,Electronics,Cameras,South,Monsoon,2466.14,2744.64,10,29.0,27446.4,24661.4,2785.0,10.15
TXN102807,Home & Kitchen,Appliances,Central,Monsoon,102.39,118.96,4,45.0,475.84,409.56,66.28,13.93
TXN102808,Electronics,Headphones,West,Monsoon,1592.92,1482.29,5,51.0,7411.45,7964.6,-553.15,-7.46
TXN102809,Beauty & Personal Care,Fragrances,West,Festive,416.53,512.29,5,45.0,2561.45,2082.65,478.8,18.69
TXN102810,Beauty & Personal Care,Skincare,Central,Spring,460.23,578.56,9,49.0,5207.04,4142.07,1064.97,20.45
TXN102811,Beauty & Personal Care,Skincare,South,Winter,90.98,116.79,7,30.0,817.53,636.86,180.67,22.1
TXN102812,Electronics,Laptops,East,Monsoon,1404.81,1378.56,7,50.0,9649.92,9833.67,-183.75,-1.9
TXN102813,Beauty & Personal Care,Haircare,South,Festive,346.44,441.02,7,53.0,3087.14,2425.08,662.06,21.45
TXN102814,Electronics,Headphones,East,Festive,1999.71,2205.67,7,31.0,15439.69,13997.97,1441.72,9.34
TXN102815,Electronics,Headphones,North,Festive,2080.69,2168.53,9,64.0,19516.77,18726.21,790.56,4.05
TXN102816,Home & Kitchen,Cookware,South,Summer,159.42,189.5,5,98.0,947.5,797.1,150.4,15.87
TXN102817,Grocery,Beverages,South,Festive,342.46,375.54,24,5.0,9012.96,8219.04,793.92,8.81
TXN102818,Home & Kitchen,Cookware,East,Festive,248.78,266.59,6,,1599.54,1492.68,106.86,6.68
TXN102819,Apparel,Men's Wear,South,Winter,179.78,229.8,9,117.0,2068.2,1618.02,450.18,21.77
TXN102820,Electronics,Smartphones,North,Summer,1293.8,1298.41,9,50.0,11685.69,11644.2,41.49,0.36
TXN102821,Grocery,Dairy,South,Summer,219.28,210.25,19,16.0,3994.75,4166.32,-171.57,-4.29
TXN102822,Home & Kitchen,Storage,West,Winter,25.0,29.28,7,67.0,204.96,175.0,29.96,14.62
TXN102823,Grocery,Frozen Foods,South,Winter,444.39,487.07,4,5.0,1948.28,1777.56,170.72,8.76
TXN102824,Apparel,Kids Wear,Central,Winter,146.07,157.82,11,77.0,1736.02,1606.77,129.25,7.45
TXN102825,Electronics,Cameras,South,Summer,152.81,166.95,9,49.0,1502.55,1375.29,127.26,8.47
TXN102826,Apparel,Women's Wear,West,Spring,211.17,257.27,9,101.0,2315.43,1900.53,414.9,17.92
TXN102827,Electronics,Laptops,South,Winter,69.4,77.24,6,37.0,463.44,416.4,47.04,10.15
TXN102828,Electronics,Smartphones,East,Winter,2325.44,2345.31,7,60.0,16417.17,16278.08,139.09,0.85
TXN102829,Home & Kitchen,Storage,West,Festive,178.51,226.35,7,56.0,1584.45,1249.57,334.88,21.14
TXN102830,Electronics,Laptops,West,Festive,2026.76,1942.9,9,63.0,17486.1,18240.84,-754.74,-4.32
TXN102831,Apparel,Kids Wear,North,Winter,473.48,571.53,8,63.0,4572.24,3787.84,784.4,17.16
TXN102832,Electronics,Headphones,East,Festive,1486.03,1567.85,3,67.0,4703.55,4458.09,245.46,5.22
TXN102833,Home & Kitchen,Decor,West,Summer,471.51,551.78,9,63.0,4966.02,4243.59,722.43,14.55
TXN102834,Apparel,Winter Wear,East,Festive,107.81,140.18,6,31.0,841.08,646.86,194.22,23.09
TXN102835,Grocery,Beverages,Central,Winter,447.4,476.45,23,11.0,10958.35,10290.2,668.15,6.1
TXN102836,Apparel,Winter Wear,South,Spring,24.13,31.72,9,71.0,285.48,217.17,68.31,23.93
TXN102837,Apparel,Footwear,South,Monsoon,231.69,303.4,7,38.0,2123.8,1621.83,501.97,23.64
TXN102838,Grocery,Beverages,Central,Monsoon,48.73,49.81,21,14.0,1046.01,1023.33,22.68,2.17
TXN102839,Apparel,Kids Wear,North,Monsoon,477.62,497.45,7,,3482.15,3343.34,138.81,3.99
TXN102840,Electronics,Smartphones,East,Spring,2381.83,2478.56,8,65.0,19828.48,19054.64,773.84,3.9
TXN102841,Apparel,Winter Wear,North,Winter,77.69,101.12,4,37.0,404.48,310.76,93.72,23.17
TXN102842,Apparel,Kids Wear,West,Monsoon,10.3,12.92,5,37.0,64.6,51.5,13.1,20.28
TXN102843,Apparel,Footwear,Central,Festive,417.93,506.81,6,50.0,3040.86,2507.58,533.28,17.54
TXN102844,Home & Kitchen,Appliances,South,Winter,149.52,175.31,7,67.0,1227.17,1046.64,180.53,14.71
TXN102845,Electronics,Laptops,West,Winter,2028.01,2256.13,7,28.0,15792.91,14196.07,1596.84,10.11
TXN102846,Home & Kitchen,Furniture,East,Festive,245.13,275.04,9,99.0,2475.36,2206.17,269.19,10.87
TXN102847,Home & Kitchen,Storage,North,Festive,56.42,58.45,6,99.0,350.7,338.52,12.18,3.47
TXN102848,Beauty & Personal Care,Makeup,West,Spring,426.63,529.36,7,46.0,3705.52,2986.41,719.11,19.41
TXN102849,Electronics,Accessories,North,Monsoon,807.27,902.91,9,62.0,8126.19,7265.43,860.76,10.59
TXN102850,Electronics,Headphones,West,Spring,375.51,361.17,9,69.0,3250.53,3379.59,-129.06,-3.97
TXN102851,Apparel,Kids Wear,North,Monsoon,211.53,253.86,6,51.0,1523.16,1269.18,253.98,16.67
TXN102852,Electronics,Headphones,East,Festive,2205.88,2129.4,6,57.0,12776.4,13235.28,-458.88,-3.59
TXN102853,Home & Kitchen,Furniture,Central,Festive,291.65,348.79,4,65.0,1395.16,1166.6,228.56,16.38
TXN102854,Electronics,Smartphones,South,Winter,672.47,709.04,7,48.0,4963.28,4707.29,255.99,5.16
TXN102855,Home & Kitchen,Furniture,North,Winter,207.78,261.89,11,85.0,2880.79,2285.58,595.21,20.66
TXN102856,Apparel,Winter Wear,Central,Festive,77.16,87.7,10,93.0,877.0,771.6,105.4,12.02
TXN102857,Home & Kitchen,Decor,Central,Monsoon,179.87,188.65,9,86.0,1697.85,1618.83,79.02,4.65
TXN102858,Apparel,Kids Wear,East,Monsoon,373.34,408.82,13,93.0,5314.66,4853.42,461.24,8.68
TXN102859,Beauty & Personal Care,Skincare,East,Spring,28.69,31.74,7,45.0,222.18,200.83,21.35,9.61
TXN102860,Grocery,Frozen Foods,West,Summer,470.64,494.14,22,7.0,10871.08,10354.08,517.0,4.76
TXN102861,Electronics,Headphones,East,Summer,2282.96,2514.61,7,36.0,17602.27,15980.72,1621.55,9.21
TXN102862,Beauty & Personal Care,Skincare,East,Spring,194.91,232.34,7,54.0,1626.38,1364.37,262.01,16.11
TXN102863,Beauty & Personal Care,Fragrances,South,Monsoon,294.17,334.41,7,59.0,2340.87,2059.19,281.68,12.03
TXN102864,Electronics,Headphones,North,Winter,1575.97,1543.88,6,59.0,9263.28,9455.82,-192.54,-2.08
TXN102865,Apparel,Winter Wear,Central,Summer,217.63,235.21,7,83.0,1646.47,1523.41,123.06,7.47
TXN102866,Grocery,Staples,North,Winter,106.97,112.64,19,3.0,2140.16,2032.43,107.73,5.03
TXN102867,Beauty & Personal Care,Makeup,East,Festive,274.58,385.34,7,31.0,2697.38,1922.06,775.32,28.74
TXN102868,Apparel,Footwear,Central,Winter,159.97,195.87,6,56.0,1175.22,959.82,215.4,18.33
TXN102869,Apparel,Footwear,North,Monsoon,203.2,263.58,4,65.0,1054.32,812.8,241.52,22.91
TXN102870,Grocery,Staples,North,Winter,462.82,463.61,16,17.0,7417.76,7405.12,12.64,0.17
TXN102871,Apparel,Kids Wear,Central,Festive,46.12,57.78,9,33.0,520.02,415.08,104.94,20.18
TXN102872,Electronics,Laptops,Central,Summer,1440.79,1569.31,7,46.0,10985.17,10085.53,899.64,8.19
TXN102873,Grocery,Staples,North,Spring,60.72,64.41,16,10.0,1030.56,971.52,59.04,5.73
TXN102874,Beauty & Personal Care,Makeup,South,Festive,470.49,659.59,7,31.0,4617.13,3293.43,1323.7,28.67
TXN102875,Apparel,Footwear,East,Summer,59.45,70.71,10,60.0,707.1,594.5,112.6,15.92
TXN102876,Grocery,Staples,Central,Winter,388.16,426.9,15,11.0,6403.5,5822.4,581.1,9.07
TXN102877,Grocery,Beverages,North,Festive,471.98,491.52,9,13.0,4423.68,4247.82,175.86,3.98
TXN102878,Beauty & Personal Care,Fragrances,Central,Winter,443.48,546.46,1,21.0,546.46,443.48,102.98,18.84
TXN102879,Electronics,Accessories,West,Spring,574.28,580.58,5,59.0,2902.9,2871.4,31.5,1.09
TXN102880,Home & Kitchen,Furniture,North,Winter,126.94,132.91,7,98.0,930.37,888.58,41.79,4.49
TXN102881,Grocery,Staples,West,Monsoon,48.19,51.95,13,9.0,675.35,626.47,48.88,7.24
TXN102882,Grocery,Staples,South,Festive,109.22,98.85,13,18.0,1285.05,1419.86,-134.81,-10.49
TXN102883,Electronics,Accessories,South,Winter,1501.1,1675.41,6,42.0,10052.46,9006.6,1045.86,10.4
TXN102884,Home & Kitchen,Decor,West,Spring,357.39,446.04,6,52.0,2676.24,2144.34,531.9,19.87
TXN102885,Apparel,Kids Wear,West,Winter,172.21,214.32,5,74.0,1071.6,861.05,210.55,19.65
TXN102886,Home & Kitchen,Furniture,Central,Festive,13.65,13.88,8,72.0,111.04,109.2,1.84,1.66
TXN102887,Apparel,Kids Wear,South,Monsoon,29.6,34.87,5,107.0,174.35,148.0,26.35,15.11
TXN102888,Apparel,Winter Wear,West,Monsoon,362.99,370.39,3,81.0,1111.17,1088.97,22.2,2.0
TXN102889,Home & Kitchen,Cookware,South,Summer,282.76,302.38,6,87.0,1814.28,1696.56,117.72,6.49
TXN102890,Grocery,Dairy,South,Spring,329.61,307.33,17,16.0,5224.61,5603.37,-378.76,-7.25
TXN102891,Apparel,Footwear,Central,Festive,233.62,256.28,8,113.0,2050.24,1868.96,181.28,8.84
TXN102892,Electronics,Laptops,North,Monsoon,757.75,841.47,7,43.0,5890.29,5304.25,586.04,9.95
TXN102893,Electronics,Smartphones,South,Festive,2715.62,2665.26,9,69.0,23987.34,24440.58,-453.24,-1.89
TXN102894,Apparel,Footwear,West,Festive,384.79,424.13,6,84.0,2544.78,2308.74,236.04,9.28
TXN102895,Apparel,Kids Wear,Central,Monsoon,44.48,53.7,9,86.0,483.3,400.32,82.98,17.17
TXN102896,Electronics,Accessories,North,Festive,1077.04,1064.51,8,48.0,8516.08,8616.32,-100.24,-1.18
TXN102897,Electronics,Cameras,East,Monsoon,1232.79,1220.75,6,57.0,7324.5,7396.74,-72.24,-0.99
TXN102898,Electronics,Headphones,South,Winter,1253.44,1413.62,8,29.0,11308.96,10027.52,1281.44,11.33
TXN102899,Home & Kitchen,Appliances,North,Spring,79.75,92.67,5,57.0,463.35,398.75,64.6,13.94
TXN102900,Electronics,Smartphones,East,Summer,71.31,81.21,6,35.0,487.26,427.86,59.4,12.19
TXN102901,Apparel,Kids Wear,Central,Winter,361.81,428.08,5,112.0,2140.4,1809.05,331.35,15.48
TXN102902,Electronics,Headphones,West,Monsoon,2538.66,2866.63,7,46.0,20066.41,17770.62,2295.79,11.44
TXN102903,Home & Kitchen,Furniture,South,Spring,196.0,239.38,13,93.0,3111.94,2548.0,563.94,18.12
TXN102904,Beauty & Personal Care,Skincare,West,Monsoon,186.47,248.39,7,24.0,1738.73,1305.29,433.44,24.93
TXN102905,Home & Kitchen,Appliances,South,Spring,264.44,328.59,5,81.0,1642.95,1322.2,320.75,19.52
TXN102906,Beauty & Personal Care,Haircare,North,Monsoon,405.45,539.3,9,39.0,4853.7,3649.05,1204.65,24.82
TXN102907,Home & Kitchen,Storage,West,Spring,434.47,550.49,5,44.0,2752.45,2172.35,580.1,21.08
TXN102908,Beauty & Personal Care,Skincare,North,Winter,263.25,330.84,5,32.0,1654.2,1316.25,337.95,20.43
TXN102909,Home & Kitchen,Cookware,East,Monsoon,414.87,487.87,6,42.0,2927.22,2489.22,438.0,14.96
TXN102910,Home & Kitchen,Storage,East,Winter,252.04,253.91,7,92.0,1777.37,1764.28,13.09,0.74
TXN102911,Beauty & Personal Care,Haircare,West,Spring,457.35,561.88,6,39.0,3371.28,2744.1,627.18,18.6
TXN102912,Grocery,Beverages,West,Festive,402.87,398.75,18,15.0,7177.5,7251.66,-74.16,-1.03
TXN102913,Apparel,Men's Wear,North,Winter,34.31,37.15,5,96.0,185.75,171.55,14.2,7.64
TXN102914,Electronics,Laptops,West,Monsoon,2246.22,2384.55,5,32.0,11922.75,11231.1,691.65,5.8
TXN102915,Grocery,Dairy,Central,Winter,462.94,487.69,21,14.0,10241.49,9721.74,519.75,5.07
TXN102916,Grocery,Staples,West,Spring,234.87,246.38,20,13.0,4927.6,4697.4,230.2,4.67
TXN102917,Grocery,Beverages,South,Spring,341.82,359.39,23,5.0,8265.97,7861.86,404.11,4.89
TXN102918,Home & Kitchen,Cookware,North,Summer,211.61,231.41,4,74.0,925.64,846.44,79.2,8.56
TXN102919,Grocery,Dairy,North,Summer,318.32,305.82,25,15.0,7645.5,7958.0,-312.5,-4.09
TXN102920,Electronics,Laptops,Central,Monsoon,1351.17,1482.38,15,32.0,22235.7,20267.55,1968.15,8.85
TXN102921,Beauty & Personal Care,Grooming,West,Monsoon,386.71,427.57,7,56.0,2992.99,2706.97,286.02,9.56
TXN102922,Electronics,Headphones,North,Summer,983.94,1097.12,8,35.0,8776.96,7871.52,905.44,10.32
TXN102923,Electronics,Laptops,North,Monsoon,2332.88,2535.4,7,57.0,17747.8,16330.16,1417.64,7.99
TXN102924,Apparel,Kids Wear,North,Winter,355.35,451.57,5,51.0,2257.85,1776.75,481.1,21.31
TXN102925,Beauty & Personal Care,Grooming,South,Summer,286.59,347.58,8,56.0,2780.64,2292.72,487.92,17.55
TXN102926,Beauty & Personal Care,Fragrances,Central,Summer,120.38,158.37,5,46.0,791.85,601.9,189.95,23.99
TXN102927,Home & Kitchen,Storage,Central,Monsoon,238.76,262.16,6,79.0,1572.96,1432.56,140.4,8.93
TXN102928,Grocery,Snacks,Central,Summer,497.11,485.65,13,14.0,6313.45,6462.43,-148.98,-2.36
TXN102929,Beauty & Personal Care,Skincare,West,Festive,440.42,573.2,4,21.0,2292.8,1761.68,531.12,23.16
TXN102930,Apparel,Women's Wear,North,Spring,401.51,510.79,6,64.0,3064.74,2409.06,655.68,21.39
TXN102931,Apparel,Men's Wear,South,Spring,29.57,32.31,10,90.0,323.1,295.7,27.4,8.48
TXN102932,Grocery,Beverages,Central,Winter,462.92,426.25,10,18.0,4262.5,4629.2,-366.7,-8.6
TXN102933,Beauty & Personal Care,Skincare,South,Winter,146.43,190.02,7,59.0,1330.14,1025.01,305.13,22.94
TXN102934,Apparel,Footwear,Central,Winter,85.9,104.7,8,75.0,837.6,687.2,150.4,17.96
TXN102935,Home & Kitchen,Appliances,South,Monsoon,325.56,368.68,11,89.0,4055.48,3581.16,474.32,11.7
TXN102936,Apparel,Men's Wear,Central,Winter,406.58,495.02,2,67.0,990.04,813.16,176.88,17.87
TXN102937,Grocery,Beverages,Central,Monsoon,415.81,454.9,14,7.0,6368.6,5821.34,547.26,8.59
TXN102938,Home & Kitchen,Decor,East,Spring,313.52,337.36,5,89.0,1686.8,1567.6,119.2,7.07
TXN102939,Electronics,Laptops,North,Festive,109.01,103.0,4,65.0,412.0,436.04,-24.04,-5.83
TXN102940,Grocery,Snacks,East,Festive,350.18,374.1,19,10.0,7107.9,6653.42,454.48,6.39
TXN102941,Home & Kitchen,Cookware,East,Spring,86.63,91.62,5,90.0,458.1,433.15,24.95,5.45
TXN102942,Home & Kitchen,Decor,West,Festive,176.63,213.11,12,81.0,2557.32,2119.56,437.76,17.12
TXN102943,Electronics,Smartphones,East,Summer,2368.2,2392.41,5,63.0,11962.05,11841.0,121.05,1.01
TXN102944,Grocery,Beverages,East,Spring,431.49,448.71,23,18.0,10320.33,9924.27,396.06,3.84
TXN102945,Beauty & Personal Care,Makeup,Central,Summer,392.93,499.52,9,31.0,4495.68,3536.37,959.31,21.34
TXN102946,Grocery,Dairy,North,Spring,315.68,338.3,24,19.0,8119.2,7576.32,542.88,6.69
TXN102947,Electronics,Cameras,South,Monsoon,1025.84,1163.38,9,37.0,10470.42,9232.56,1237.86,11.82
TXN102948,Grocery,Frozen Foods,South,Monsoon,199.09,211.34,22,5.0,4649.48,4379.98,269.5,5.8
TXN102949,Beauty & Personal Care,Skincare,South,Winter,337.11,439.1,6,44.0,2634.6,2022.66,611.94,23.23
TXN102950,Grocery,Snacks,East,Summer,334.01,353.0,16,8.0,5648.0,5344.16,303.84,5.38
TXN102951,Grocery,Snacks,Central,Festive,493.09,482.33,20,19.0,9646.6,9861.8,-215.2,-2.23
TXN102952,Home & Kitchen,Cookware,North,Spring,461.83,471.18,5,85.0,2355.9,2309.15,46.75,1.98
TXN102953,Home & Kitchen,Furniture,North,Winter,253.73,312.3,9,98.0,2810.7,2283.57,527.13,18.75
TXN102954,Home & Kitchen,Cookware,East,Winter,115.85,122.53,6,92.0,735.18,695.1,40.08,5.45
TXN102955,Beauty & Personal Care,Fragrances,North,Spring,45.79,57.46,6,29.0,344.76,274.74,70.02,20.31
TXN102956,Grocery,Staples,South,Spring,20.97,22.59,13,10.0,293.67,272.61,21.06,7.17
TXN102957,Home & Kitchen,Cookware,,Festive,368.87,453.1,9,50.0,4077.9,3319.83,758.07,18.59
TXN102958,Grocery,Staples,North,Monsoon,416.44,435.23,11,10.0,4787.53,4580.84,206.69,4.32
TXN102959,Apparel,Men's Wear,Central,Festive,405.82,544.45,5,41.0,2722.25,2029.1,693.15,25.46
TXN102960,Beauty & Personal Care,Makeup,West,Monsoon,488.67,642.03,4,20.0,2568.12,1954.68,613.44,23.89
TXN102961,Electronics,Accessories,South,Spring,1685.33,1595.48,2,48.0,3190.96,3370.66,-179.7,-5.63
TXN102962,Beauty & Personal Care,Grooming,Central,Winter,97.63,131.03,3,26.0,393.09,292.89,100.2,25.49
TXN102963,Home & Kitchen,Storage,South,Spring,310.45,379.54,9,65.0,3415.86,2794.05,621.81,18.2
TXN102964,Home & Kitchen,Decor,East,Spring,465.31,554.12,4,55.0,2216.48,1861.24,355.24,16.03
TXN102965,Home & Kitchen,Storage,Central,Monsoon,110.75,119.05,6,94.0,714.3,664.5,49.8,6.97
TXN102966,Grocery,Dairy,West,Monsoon,218.45,224.25,19,16.0,4260.75,4150.55,110.2,2.59
TXN102967,Grocery,Frozen Foods,East,Spring,119.71,127.79,20,4.0,2555.8,2394.2,161.6,6.32
TXN102968,Grocery,Staples,North,Winter,164.74,176.5,16,4.0,2824.0,2635.84,188.16,6.66
TXN102969,Apparel,Kids Wear,West,Summer,15.09,18.73,3,103.0,56.19,45.27,10.92,19.43
TXN102970,Apparel,Winter Wear,North,Festive,30.3,40.54,6,41.0,243.24,181.8,61.44,25.26
TXN102971,Electronics,Accessories,East,Festive,225.74,239.4,6,25.0,1436.4,1354.44,81.96,5.71
TXN102972,Home & Kitchen,Cookware,East,Summer,63.41,76.99,4,49.0,307.96,253.64,54.32,17.64
TXN102973,Grocery,Beverages,East,Monsoon,426.16,420.06,15,12.0,6300.9,6392.4,-91.5,-1.45
TXN102974,Beauty & Personal Care,Grooming,East,Summer,133.58,183.61,4,28.0,734.44,534.32,200.12,27.25
TXN102975,Grocery,Staples,South,Monsoon,61.64,65.45,16,7.0,1047.2,986.24,60.96,5.82
TXN102976,Apparel,Men's Wear,Central,Monsoon,227.93,244.33,7,,1710.31,1595.51,114.8,6.71
TXN102977,Beauty & Personal Care,Haircare,Central,Summer,415.05,508.89,13,37.0,6615.57,5395.65,1219.92,18.44
TXN102978,Grocery,Frozen Foods,North,Spring,374.18,362.91,17,18.0,6169.47,6361.06,-191.59,-3.11
TXN102979,Home & Kitchen,Storage,Central,Summer,132.28,144.35,8,98.0,1154.8,1058.24,96.56,8.36
TXN102980,Home & Kitchen,Furniture,South,Spring,360.21,371.01,7,83.0,2597.07,2521.47,75.6,2.91
TXN102981,Apparel,Winter Wear,Central,Winter,70.86,94.89,4,48.0,379.56,283.44,96.12,25.32
TXN102982,Apparel,Footwear,Central,Spring,322.41,432.24,7,66.0,3025.68,2256.87,768.81,25.41
TXN102983,Home & Kitchen,Decor,Central,Winter,161.51,199.13,5,46.0,995.65,807.55,188.1,18.89
TXN102984,Electronics,Accessories,East,Festive,1031.19,1127.11,6,38.0,6762.66,6187.14,575.52,8.51
TXN102985,Beauty & Personal Care,Haircare,South,Winter,466.32,645.85,6,21.0,3875.1,2797.92,1077.18,27.8
TXN102986,Apparel,Kids Wear,South,Monsoon,393.18,483.46,7,83.0,3384.22,2752.26,631.96,18.67
TXN102987,Home & Kitchen,Decor,South,Winter,314.98,370.53,9,63.0,3334.77,2834.82,499.95,14.99
TXN102988,Apparel,Winter Wear,West,Winter,54.48,62.03,6,111.0,372.18,326.88,45.3,12.17
TXN102989,Beauty & Personal Care,Grooming,South,Spring,471.14,553.14,8,54.0,4425.12,3769.12,656.0,14.82
TXN102990,Electronics,Cameras,East,Festive,2001.8,1935.93,7,48.0,13551.51,14012.6,-461.09,-3.4
TXN102991,Beauty & Personal Care,Skincare,West,Spring,418.99,527.42,4,39.0,2109.68,1675.96,433.72,20.56
TXN102992,Electronics,Smartphones,North,Winter,474.54,461.49,6,49.0,2768.94,2847.24,-78.3,-2.83
TXN102993,Electronics,Laptops,South,Spring,130.89,134.8,6,49.0,808.8,785.34,23.46,2.9
TXN102994,Electronics,Headphones,East,Festive,1384.51,1462.98,9,34.0,13166.82,12460.59,706.23,5.36
TXN102995,Electronics,Smartphones,West,Spring,2408.16,2627.63,7,,18393.41,16857.12,1536.29,8.35
TXN102996,Apparel,Winter Wear,Central,Winter,152.65,184.57,10,75.0,1845.7,1526.5,319.2,17.29
TXN102997,Grocery,Dairy,Central,Festive,374.81,396.63,20,6.0,7932.6,7496.2,436.4,5.5
TXN102998,Beauty & Personal Care,Grooming,Central,Festive,458.16,595.03,5,46.0,2975.15,2290.8,684.35,23.0
TXN102999,Grocery,Dairy,East,Summer,154.0,146.19,16,13.0,2339.04,2464.0,-124.96,-5.34
TXN103000,Home & Kitchen,Decor,East,Spring,60.08,72.95,4,70.0,291.8,240.32,51.48,17.64
TXN103001,Beauty & Personal Care,Grooming,North,Winter,183.4,251.3,8,57.0,2010.4,1467.2,543.2,27.02
TXN103002,Electronics,Headphones,North,Monsoon,1177.92,1338.12,5,39.0,6690.6,5889.6,801.0,11.97
TXN103003,Beauty & Personal Care,Grooming,North,Spring,259.13,321.96,6,46.0,1931.76,1554.78,376.98,19.51
TXN103004,Apparel,Kids Wear,East,Spring,298.77,349.12,7,118.0,2443.84,2091.39,352.45,14.42
TXN103005,Apparel,Winter Wear,Central,Summer,289.16,386.08,5,56.0,1930.4,1445.8,484.6,25.1
TXN103006,Electronics,Accessories,East,Monsoon,1913.36,2064.8,6,42.0,12388.8,11480.16,908.64,7.33
TXN103007,Home & Kitchen,Storage,Central,Monsoon,80.96,97.7,6,57.0,586.2,485.76,100.44,17.13
TXN103008,Electronics,Laptops,West,Festive,846.71,807.0,3,64.0,2421.0,2540.13,-119.13,-4.92
TXN103009,Home & Kitchen,Cookware,South,Winter,499.91,624.42,5,60.0,3122.1,2499.55,622.55,19.94
TXN103010,Beauty & Personal Care,Makeup,South,Monsoon,51.5,55.92,7,47.0,391.44,360.5,30.94,7.9
TXN103011,Home & Kitchen,Decor,Central,Summer,389.81,431.24,6,98.0,2587.44,2338.86,248.58,9.61
TXN103012,Grocery,Beverages,West,Monsoon,299.44,271.12,18,14.0,4880.16,5389.92,-509.76,-10.45
TXN103013,Apparel,Kids Wear,East,Summer,338.63,403.01,3,84.0,1209.03,1015.89,193.14,15.97
TXN103014,Home & Kitchen,Appliances,North,Summer,35.66,38.05,10,88.0,380.5,356.6,23.9,6.28
TXN103015,Electronics,Laptops,East,Summer,871.93,946.09,4,26.0,3784.36,3487.72,296.64,7.84
TXN103016,Apparel,Women's Wear,South,Festive,441.27,548.16,6,103.0,3288.96,2647.62,641.34,19.5
TXN103017,Home & Kitchen,Storage,East,Summer,322.65,346.87,5,88.0,1734.35,1613.25,121.1,6.98
TXN103018,Home & Kitchen,Appliances,East,Monsoon,19.64,21.47,8,76.0,171.76,157.12,14.64,8.52
TXN103019,Home & Kitchen,Storage,West,Monsoon,26.6,30.83,5,98.0,154.15,133.0,21.15,13.72
TXN103020,Home & Kitchen,Storage,West,Monsoon,296.07,309.17,4,88.0,1236.68,1184.28,52.4,4.24
TXN103021,Home & Kitchen,Furniture,South,Winter,386.72,492.76,6,,2956.56,2320.32,636.24,21.52
TXN103022,Electronics,Headphones,West,Spring,1815.4,1660.33,11,59.0,18263.63,19969.4,-1705.77,-9.34
TXN103023,Grocery,Staples,East,Spring,221.37,239.4,19,4.0,4548.6,4206.03,342.57,7.53
TXN103024,Beauty & Personal Care,Makeup,East,Summer,400.68,493.0,3,38.0,1479.0,1202.04,276.96,18.73
TXN103025,Apparel,Winter Wear,South,Monsoon,393.06,435.36,9,80.0,3918.24,3537.54,380.7,9.72
TXN103026,Beauty & Personal Care,Skincare,South,Winter,55.84,72.14,5,35.0,360.7,279.2,81.5,22.59
TXN103027,Home & Kitchen,Decor,South,Festive,215.27,252.73,6,88.0,1516.38,1291.62,224.76,14.82
TXN103028,Beauty & Personal Care,Makeup,East,Spring,14.68,18.22,7,33.0,127.54,102.76,24.78,19.43
TXN103029,Home & Kitchen,Appliances,West,Spring,81.75,82.85,9,77.0,745.65,735.75,9.9,1.33
TXN103030,Home & Kitchen,Appliances,North,Summer,424.64,485.81,9,92.0,4372.29,3821.76,550.53,12.59
TXN103031,Electronics,Smartphones,North,Festive,2361.16,2555.33,4,38.0,10221.32,9444.64,776.68,7.6
TXN103032,Home & Kitchen,Furniture,North,Festive,121.39,142.93,5,63.0,714.65,606.95,107.7,15.07
TXN103033,Home & Kitchen,Storage,East,Spring,435.73,520.2,6,,3121.2,2614.38,506.82,16.24
TXN103034,Grocery,Dairy,Central,Winter,147.83,158.13,10,5.0,1581.3,1478.3,103.0,6.51
TXN103035,Beauty & Personal Care,Makeup,Central,Spring,376.51,495.75,7,38.0,3470.25,2635.57,834.68,24.05
TXN103036,Electronics,Headphones,West,Festive,2535.09,2703.7,3,39.0,8111.1,7605.27,505.83,6.24
TXN103037,Grocery,Staples,Central,Spring,367.8,396.75,17,5.0,6744.75,6252.6,492.15,7.3
TXN103038,Electronics,Headphones,North,Winter,328.44,335.05,12,60.0,4020.6,3941.28,79.32,1.97
TXN103039,Grocery,Frozen Foods,Central,Monsoon,215.73,236.88,15,10.0,3553.2,3235.95,317.25,8.93
TXN103040,Grocery,Snacks,South,Winter,249.24,263.88,17,5.0,4485.96,4237.08,248.88,5.55
TXN103041,Apparel,Winter Wear,North,Monsoon,426.62,484.38,10,84.0,4843.8,4266.2,577.6,11.92
TXN103042,Grocery,Snacks,East,Festive,410.78,432.67,22,,9518.74,9037.16,481.58,5.06
TXN103043,Electronics,Smartphones,South,Summer,2684.05,2985.61,7,41.0,20899.27,18788.35,2110.92,10.1
TXN103044,Apparel,Kids Wear,North,Festive,64.28,85.07,8,42.0,680.56,514.24,166.32,24.44
TXN103045,Home & Kitchen,Decor,West,Winter,471.96,600.71,3,52.0,1802.13,1415.88,386.25,21.43
TXN103046,Grocery,Beverages,East,Summer,463.14,482.28,13,11.0,6269.64,6020.82,248.82,3.97
TXN103047,Electronics,Accessories,South,Festive,687.08,667.87,6,50.0,4007.22,4122.48,-115.26,-2.88
TXN103048,Electronics,Laptops,East,Monsoon,2528.97,2682.5,10,25.0,26825.0,25289.7,1535.3,5.72
TXN103049,Apparel,Men's Wear,West,Summer,381.8,435.53,7,77.0,3048.71,2672.6,376.11,12.34
TXN103050,Apparel,Footwear,South,Winter,373.96,401.21,5,90.0,2006.05,1869.8,136.25,6.79
TXN103051,Apparel,Men's Wear,South,Monsoon,445.33,583.77,5,55.0,2918.85,2226.65,692.2,23.71
TXN103052,Grocery,Snacks,West,Winter,355.71,383.32,13,7.0,4983.16,4624.23,358.93,7.2
TXN103053,Apparel,Men's Wear,Central,Monsoon,72.79,87.78,6,112.0,526.68,436.74,89.94,17.08
TXN103054,Home & Kitchen,Cookware,South,Festive,97.82,123.46,6,43.0,740.76,586.92,153.84,20.77
TXN103055,Home & Kitchen,Appliances,South,Winter,263.05,319.47,11,48.0,3514.17,2893.55,620.62,17.66
TXN103056,Beauty & Personal Care,Fragrances,South,Spring,190.54,205.52,5,49.0,1027.6,952.7,74.9,7.29
TXN103057,Home & Kitchen,Decor,,Monsoon,67.41,78.33,8,69.0,626.64,539.28,87.36,13.94
TXN103058,Home & Kitchen,Storage,East,Festive,371.23,425.5,4,71.0,1702.0,1484.92,217.08,12.75
TXN103059,Apparel,Kids Wear,East,Spring,383.04,504.41,6,64.0,3026.46,2298.24,728.22,24.06
TXN103060,Home & Kitchen,Furniture,South,Summer,211.85,254.77,6,77.0,1528.62,1271.1,257.52,16.85
TXN103061,Grocery,Snacks,East,Summer,107.37,112.08,22,19.0,2465.76,2362.14,103.62,4.2
TXN103062,Apparel,Footwear,West,Monsoon,171.92,206.88,5,93.0,1034.4,859.6,174.8,16.9
TXN103063,Home & Kitchen,Furniture,East,Spring,393.96,416.4,6,87.0,2498.4,2363.76,134.64,5.39
TXN103064,Electronics,Accessories,East,Monsoon,928.14,1031.95,6,33.0,6191.7,5568.84,622.86,10.06
TXN103065,Apparel,Kids Wear,West,Winter,457.47,565.79,8,71.0,4526.32,3659.76,866.56,19.14
TXN103066,Electronics,Headphones,Central,Monsoon,2935.32,3112.39,6,55.0,18674.34,17611.92,1062.42,5.69
TXN103067,Beauty & Personal Care,Grooming,East,Festive,58.64,69.69,5,50.0,348.45,293.2,55.25,15.86
TXN103068,Apparel,Women's Wear,North,Spring,262.3,324.2,4,30.0,1296.8,1049.2,247.6,19.09
TXN103069,Electronics,Smartphones,Central,Spring,2933.6,3203.8,5,43.0,16019.0,14668.0,1351.0,8.43
TXN103070,Beauty & Personal Care,Fragrances,North,Summer,422.71,563.95,5,48.0,2819.75,2113.55,706.2,25.04
TXN103071,Grocery,Staples,West,Festive,397.17,414.4,21,15.0,8702.4,8340.57,361.83,4.16
TXN103072,Home & Kitchen,Cookware,South,Summer,213.56,222.58,6,79.0,1335.48,1281.36,54.12,4.05
TXN103073,Electronics,Smartphones,West,Festive,2567.63,2814.86,5,62.0,14074.3,12838.15,1236.15,8.78
TXN103074,Beauty & Personal Care,Makeup,West,Monsoon,413.46,521.84,9,59.0,4696.56,3721.14,975.42,20.77
TXN103075,Apparel,Men's Wear,East,Winter,238.8,258.94,6,102.0,1553.64,1432.8,120.84,7.78
TXN103076,Home & Kitchen,Cookware,South,Spring,402.87,477.65,6,42.0,2865.9,2417.22,448.68,15.66
TXN103077,Beauty & Personal Care,Makeup,West,Summer,153.54,192.21,9,49.0,1729.89,1381.86,348.03,20.12
TXN103078,Home & Kitchen,Storage,South,Monsoon,365.96,433.05,7,88.0,3031.35,2561.72,469.63,15.49
TXN103079,Electronics,Laptops,Central,Winter,1916.07,2081.8,9,36.0,18736.2,17244.63,1491.57,7.96
TXN103080,Beauty & Personal Care,Makeup,West,Spring,485.13,619.01,4,53.0,2476.04,1940.52,535.52,21.63
TXN103081,Apparel,Men's Wear,South,Monsoon,405.05,488.65,6,83.0,2931.9,2430.3,501.6,17.11
TXN103082,Grocery,Dairy,East,Summer,151.28,158.49,19,,3011.31,2874.32,136.99,4.55
TXN103083,Apparel,Winter Wear,East,Festive,56.96,73.42,11,31.0,807.62,626.56,181.06,22.42
TXN103084,Grocery,Dairy,South,Summer,389.93,405.65,19,10.0,7707.35,7408.67,298.68,3.88
TXN103085,Grocery,Beverages,West,Spring,277.12,259.89,14,17.0,3638.46,3879.68,-241.22,-6.63
TXN103086,Grocery,Staples,North,Winter,145.38,148.89,12,18.0,1786.68,1744.56,42.12,2.36
TXN103087,Beauty & Personal Care,Skincare,North,Summer,408.21,493.64,6,54.0,2961.84,2449.26,512.58,17.31
TXN103088,Apparel,Men's Wear,East,Summer,361.85,428.58,11,67.0,4714.38,3980.35,734.03,15.57
TXN103089,Electronics,Headphones,North,Spring,1410.19,1520.58,9,40.0,13685.22,12691.71,993.51,7.26
TXN103090,Electronics,Accessories,North,Winter,1699.76,1832.1,10,60.0,18321.0,16997.6,1323.4,7.22
TXN103091,Electronics,Cameras,South,Festive,1038.67,1099.77,5,38.0,5498.85,5193.35,305.5,5.56
TXN103092,Beauty & Personal Care,Makeup,East,Spring,422.45,543.08,6,36.0,3258.48,2534.7,723.78,22.21
TXN103093,Grocery,Frozen Foods,East,Monsoon,53.41,56.29,18,11.0,1013.22,961.38,51.84,5.12
TXN103094,Grocery,Staples,Central,Summer,157.46,165.85,14,16.0,2321.9,2204.44,117.46,5.06
TXN103095,Apparel,Women's Wear,West,Spring,289.94,333.01,8,78.0,2664.08,2319.52,344.56,12.93
TXN103096,Electronics,Headphones,Central,Spring,1206.14,1170.45,4,68.0,4681.8,4824.56,-142.76,-3.05
TXN103097,Home & Kitchen,Decor,Central,Monsoon,338.95,357.14,4,95.0,1428.56,1355.8,72.76,5.09
TXN103098,Grocery,Staples,Central,Winter,205.74,198.69,17,15.0,3377.73,3497.58,-119.85,-3.55
TXN103099,Apparel,Winter Wear,East,Winter,273.38,334.2,5,43.0,1671.0,1366.9,304.1,18.2
TXN103100,Electronics,Headphones,East,Winter,2605.05,2432.59,3,63.0,7297.77,7815.15,-517.38,-7.09
TXN103101,Home & Kitchen,Decor,North,Monsoon,54.44,62.8,6,,376.8,326.64,50.16,13.31
TXN103102,Apparel,Women's Wear,North,Monsoon,477.57,581.46,9,112.0,5233.14,4298.13,935.01,17.87
TXN103103,Electronics,Smartphones,East,Spring,1432.92,1597.25,6,29.0,9583.5,8597.52,985.98,10.29
TXN103104,Apparel,Women's Wear,North,Spring,377.34,437.17,8,89.0,3497.36,3018.72,478.64,13.69
TXN103105,Electronics,Cameras,Central,Winter,2296.2,2479.02,5,50.0,12395.1,11481.0,914.1,7.37
TXN103106,Grocery,Beverages,East,Spring,53.13,55.73,11,3.0,613.03,584.43,28.6,4.67
TXN103107,Grocery,Frozen Foods,East,Summer,308.14,316.64,11,14.0,3483.04,3389.54,93.5,2.68
TXN103108,Apparel,Kids Wear,West,Winter,105.83,133.43,8,55.0,1067.44,846.64,220.8,20.69
TXN103109,Apparel,Men's Wear,East,Summer,91.74,110.98,9,30.0,998.82,825.66,173.16,17.34
TXN103110,Grocery,Staples,Central,Spring,479.08,501.27,8,11.0,4010.16,3832.64,177.52,4.43
TXN103111,Electronics,Cameras,Central,Monsoon,936.8,900.3,5,58.0,4501.5,4684.0,-182.5,-4.05
TXN103112,Grocery,Snacks,West,Winter,38.5,41.32,12,7.0,495.84,462.0,33.84,6.82
TXN103113,Electronics,Laptops,East,Spring,193.38,204.43,12,55.0,2453.16,2320.56,132.6,5.41
TXN103114,Beauty & Personal Care,Fragrances,North,Monsoon,136.72,164.72,7,41.0,1153.04,957.04,196.0,17.0
TXN103115,Beauty & Personal Care,Makeup,North,Spring,477.74,556.54,9,56.0,5008.86,4299.66,709.2,14.16
TXN103116,Beauty & Personal Care,Skincare,South,Spring,207.48,271.38,8,25.0,2171.04,1659.84,511.2,23.55
TXN103117,Home & Kitchen,Appliances,South,Spring,201.66,223.94,11,85.0,2463.34,2218.26,245.08,9.95
TXN103118,Electronics,Smartphones,North,Spring,2640.96,2597.19,9,63.0,23374.71,23768.64,-393.93,-1.69
TXN103119,Electronics,Cameras,East,Monsoon,886.59,985.59,10,29.0,9855.9,8865.9,990.0,10.04
TXN103120,Grocery,Frozen Foods,South,Festive,341.48,320.02,14,18.0,4480.28,4780.72,-300.44,-6.71
TXN103121,Apparel,Men's Wear,South,Spring,218.16,247.94,5,85.0,1239.7,1090.8,148.9,12.01
TXN103122,Home & Kitchen,Appliances,North,Spring,292.86,357.48,5,83.0,1787.4,1464.3,323.1,18.08
TXN103123,Apparel,Women's Wear,South,Winter,61.22,80.62,5,74.0,403.1,306.1,97.0,24.06
TXN103124,Apparel,Winter Wear,North,Summer,325.21,368.94,4,101.0,1475.76,1300.84,174.92,11.85
TXN103125,Grocery,Staples,West,Monsoon,326.59,346.96,16,6.0,5551.36,5225.44,325.92,5.87
TXN103126,Electronics,Headphones,West,Monsoon,2506.39,2723.94,11,47.0,29963.34,27570.29,2393.05,7.99
TXN103127,Apparel,Men's Wear,Central,Monsoon,168.27,208.24,5,73.0,1041.2,841.35,199.85,19.19
TXN103128,Home & Kitchen,Decor,North,Winter,124.06,146.24,6,58.0,877.44,744.36,133.08,15.17
TXN103129,Apparel,Men's Wear,Central,Spring,90.96,103.13,4,107.0,412.52,363.84,48.68,11.8
TXN103130,Home & Kitchen,Furniture,East,Spring,237.1,258.08,11,83.0,2838.88,2608.1,230.78,8.13
TXN103131,Home & Kitchen,Decor,Central,Spring,39.95,50.28,10,42.0,502.8,399.5,103.3,20.54
TXN103132,Home & Kitchen,Decor,West,Spring,300.44,360.7,5,80.0,1803.5,1502.2,301.3,16.71
TXN103133,Grocery,Frozen Foods,Central,Monsoon,461.62,490.77,16,11.0,7852.32,7385.92,466.4,5.94
TXN103134,Electronics,Smartphones,West,Spring,2017.27,2143.38,7,41.0,15003.66,14120.89,882.77,5.88
TXN103135,Grocery,Dairy,East,Winter,92.89,98.51,21,11.0,2068.71,1950.69,118.02,5.71
TXN103136,Beauty & Personal Care,Fragrances,North,Festive,361.28,446.51,8,55.0,3572.08,2890.24,681.84,19.09
TXN103137,Apparel,Men's Wear,East,Festive,76.32,96.64,4,,386.56,305.28,81.28,21.03
TXN103138,Grocery,Beverages,North,Spring,125.86,131.78,16,11.0,2108.48,2013.76,94.72,4.49
TXN103139,Grocery,Snacks,West,Spring,343.98,361.82,18,6.0,6512.76,6191.64,321.12,4.93
TXN103140,Apparel,Kids Wear,Central,Monsoon,430.17,551.96,4,107.0,2207.84,1720.68,487.16,22.07
TXN103141,Electronics,Accessories,West,Winter,2202.94,2335.74,14,45.0,32700.36,30841.16,1859.2,5.69
TXN103142,Home & Kitchen,Cookware,West,Winter,182.68,215.23,13,49.0,2797.99,2374.84,423.15,15.12
TXN103143,Electronics,Accessories,Central,Festive,2576.44,2388.39,6,69.0,14330.34,15458.64,-1128.3,-7.87
TXN103144,Beauty & Personal Care,Skincare,West,Summer,382.59,531.04,7,31.0,3717.28,2678.13,1039.15,27.95
TXN103145,Electronics,Accessories,South,Festive,407.82,446.45,8,44.0,3571.6,3262.56,309.04,8.65
TXN103146,Apparel,Kids Wear,Central,Winter,452.47,496.81,8,102.0,3974.48,3619.76,354.72,8.92
TXN103147,Apparel,Women's Wear,East,Festive,94.04,106.23,5,93.0,531.15,470.2,60.95,11.48
TXN103148,Electronics,Accessories,West,Spring,2557.62,2819.51,6,35.0,16917.06,15345.72,1571.34,9.29
TXN103149,Home & Kitchen,Cookware,Central,Festive,192.86,236.53,2,80.0,473.06,385.72,87.34,18.46
TXN103150,Electronics,Headphones,West,Monsoon,51.65,54.94,5,57.0,274.7,258.25,16.45,5.99
TXN103151,Grocery,Dairy,North,Festive,478.15,500.43,18,11.0,9007.74,8606.7,401.04,4.45
TXN103152,Home & Kitchen,Decor,East,Monsoon,441.59,554.38,5,52.0,2771.9,2207.95,563.95,20.35
TXN103153,Apparel,Women's Wear,South,Winter,233.37,287.87,4,117.0,1151.48,933.48,218.0,18.93
TXN103154,Electronics,Smartphones,South,Summer,953.26,1074.11,5,47.0,5370.55,4766.3,604.25,11.25
TXN103155,Apparel,Kids Wear,North,Monsoon,126.38,139.32,4,76.0,557.28,505.52,51.76,9.29
TXN103156,Apparel,Women's Wear,Central,Spring,486.34,555.07,8,93.0,4440.56,3890.72,549.84,12.38
TXN103157,Apparel,Footwear,South,Monsoon,151.56,179.01,4,96.0,716.04,606.24,109.8,15.33
TXN103158,Grocery,Beverages,Central,Winter,79.69,83.94,18,11.0,1510.92,1434.42,76.5,5.06
TXN103159,Electronics,Headphones,West,Festive,735.02,755.28,5,37.0,3776.4,3675.1,101.3,2.68
TXN103160,Home & Kitchen,Appliances,West,Festive,439.68,523.24,6,73.0,3139.44,2638.08,501.36,15.97
TXN103161,Grocery,Beverages,East,Monsoon,366.57,387.06,13,11.0,5031.78,4765.41,266.37,5.29
TXN103162,Apparel,Men's Wear,South,Winter,175.57,208.99,8,78.0,1671.92,1404.56,267.36,15.99
TXN103163,Grocery,Dairy,Central,Winter,10.36,11.09,21,4.0,232.89,217.56,15.33,6.58
TXN103164,Grocery,Beverages,Central,Winter,430.43,433.66,23,17.0,9974.18,9899.89,74.29,0.74
TXN103165,Electronics,Accessories,Central,Festive,2036.18,2125.51,8,44.0,17004.08,16289.44,714.64,4.2
TXN103166,Electronics,Laptops,North,Festive,2411.42,2552.52,4,45.0,10210.08,9645.68,564.4,5.53
TXN103167,Electronics,Cameras,South,Monsoon,2909.79,3204.17,4,40.0,12816.68,11639.16,1177.52,9.19
TXN103168,Beauty & Personal Care,Haircare,West,Summer,114.38,140.06,9,56.0,1260.54,1029.42,231.12,18.33
TXN103169,Home & Kitchen,Storage,East,Winter,380.92,480.23,3,53.0,1440.69,1142.76,297.93,20.68
TXN103170,Electronics,Headphones,North,Festive,1565.48,1688.95,6,63.0,10133.7,9392.88,740.82,7.31
TXN103171,Home & Kitchen,Furniture,East,Winter,72.02,84.15,6,56.0,504.9,432.12,72.78,14.41
TXN103172,Apparel,Winter Wear,West,Summer,352.7,387.93,6,86.0,2327.58,2116.2,211.38,9.08
TXN103173,Electronics,Laptops,West,Festive,935.74,966.68,10,61.0,9666.8,9357.4,309.4,3.2
TXN103174,Apparel,Kids Wear,North,Festive,312.49,392.71,9,58.0,3534.39,2812.41,721.98,20.43
TXN103175,Home & Kitchen,Storage,West,Festive,148.08,165.43,7,90.0,1158.01,1036.56,121.45,10.49
TXN103176,Electronics,Accessories,North,Winter,2280.63,2432.53,11,51.0,26757.83,25086.93,1670.9,6.24
TXN103177,Beauty & Personal Care,Makeup,East,Summer,359.03,471.8,6,23.0,2830.8,2154.18,676.62,23.9
TXN103178,Electronics,Headphones,North,Festive,2882.2,3182.99,6,59.0,19097.94,17293.2,1804.74,9.45
TXN103179,Electronics,Cameras,West,Spring,2124.14,2405.34,10,46.0,24053.4,21241.4,2812.0,11.69
TXN103180,Apparel,Women's Wear,Central,Festive,146.65,173.56,5,113.0,867.8,733.25,134.55,15.5
TXN103181,Apparel,Women's Wear,East,Winter,305.37,392.69,7,112.0,2748.83,2137.59,611.24,22.24
TXN103182,Home & Kitchen,Furniture,South,Festive,469.4,587.42,6,50.0,3524.52,2816.4,708.12,20.09
TXN103183,Home & Kitchen,Decor,East,Summer,70.21,88.19,9,59.0,793.71,631.89,161.82,20.39
TXN103184,Home & Kitchen,Appliances,Central,Spring,92.45,101.95,5,72.0,509.75,462.25,47.5,9.32
TXN103185,Home & Kitchen,Appliances,South,Winter,135.51,165.56,12,44.0,1986.72,1626.12,360.6,18.15
TXN103186,Beauty & Personal Care,Grooming,South,Winter,110.78,139.62,8,42.0,1116.96,886.24,230.72,20.66
TXN103187,Grocery,Beverages,East,Summer,258.48,268.87,12,11.0,3226.44,3101.76,124.68,3.86
TXN103188,Beauty & Personal Care,Fragrances,North,Spring,354.99,477.54,8,36.0,3820.32,2839.92,980.4,25.66
TXN103189,Beauty & Personal Care,Haircare,West,Monsoon,446.51,572.05,8,39.0,4576.4,3572.08,1004.32,21.95
TXN103190,Electronics,Headphones,West,Monsoon,2266.28,2331.42,8,67.0,18651.36,18130.24,521.12,2.79
TXN103191,Apparel,Women's Wear,West,Festive,226.38,258.06,12,102.0,3096.72,2716.56,380.16,12.28
TXN103192,Home & Kitchen,Cookware,West,Festive,75.57,95.84,5,47.0,479.2,377.85,101.35,21.15
TXN103193,Electronics,Accessories,West,Spring,1859.18,1887.79,5,62.0,9438.95,9295.9,143.05,1.52
TXN103194,Home & Kitchen,Decor,South,Festive,138.29,173.01,9,70.0,1557.09,1244.61,312.48,20.07
TXN103195,Apparel,Footwear,South,Summer,150.5,199.12,9,63.0,1792.08,1354.5,437.58,24.42
TXN103196,Electronics,Laptops,West,Festive,1998.13,2186.62,8,41.0,17492.96,15985.04,1507.92,8.62
TXN103197,Apparel,Footwear,South,Winter,64.66,70.24,4,102.0,280.96,258.64,22.32,7.94
TXN103198,Beauty & Personal Care,Skincare,South,Festive,80.77,108.42,7,37.0,758.94,565.39,193.55,25.5
TXN103199,Home & Kitchen,Appliances,South,Spring,249.3,286.97,8,94.0,2295.76,1994.4,301.36,13.13
TXN103200,Home & Kitchen,Decor,West,Festive,330.95,423.57,9,54.0,3812.13,2978.55,833.58,21.87
TXN103201,Apparel,Kids Wear,North,Monsoon,387.97,488.16,10,,4881.6,3879.7,1001.9,20.52
TXN103202,Electronics,Headphones,West,Summer,2935.67,2910.48,7,68.0,20373.36,20549.69,-176.33,-0.87
TXN103203,Electronics,Cameras,Central,Festive,1737.37,1630.65,7,52.0,11414.55,12161.59,-747.04,-6.54
TXN103204,Apparel,Kids Wear,East,Festive,256.97,321.99,7,91.0,2253.93,1798.79,455.14,20.19
TXN103205,Grocery,Dairy,South,Summer,109.96,117.53,9,13.0,1057.77,989.64,68.13,6.44
TXN103206,Apparel,Footwear,West,Summer,206.55,253.57,6,101.0,1521.42,1239.3,282.12,18.54
TXN103207,Home & Kitchen,Appliances,West,Winter,344.45,359.44,5,75.0,1797.2,1722.25,74.95,4.17
TXN103208,Apparel,Winter Wear,East,Festive,458.9,610.15,7,55.0,4271.05,3212.3,1058.75,24.79
TXN103209,Home & Kitchen,Storage,North,Festive,259.32,299.95,6,41.0,1799.7,1555.92,243.78,13.55
TXN103210,Apparel,Women's Wear,North,Festive,65.94,81.17,8,110.0,649.36,527.52,121.84,18.76
TXN103211,Apparel,Winter Wear,North,Summer,47.31,63.04,7,51.0,441.28,331.17,110.11,24.95
TXN103212,Apparel,Kids Wear,East,Summer,218.86,258.41,9,56.0,2325.69,1969.74,355.95,15.31
TXN103213,Electronics,Laptops,East,Winter,1055.58,1191.01,10,47.0,11910.1,10555.8,1354.3,11.37
TXN103214,Grocery,Frozen Foods,North,Monsoon,317.83,334.4,14,8.0,4681.6,4449.62,231.98,4.96
TXN103215,Electronics,Accessories,North,Spring,2849.77,3136.05,7,37.0,21952.35,19948.39,2003.96,9.13
TXN103216,Electronics,Headphones,Central,Spring,453.43,499.78,8,34.0,3998.24,3627.44,370.8,9.27
TXN103217,Home & Kitchen,Storage,Central,Summer,44.32,51.05,12,81.0,612.6,531.84,80.76,13.18
TXN103218,Beauty & Personal Care,Fragrances,Central,Winter,325.22,384.62,6,42.0,2307.72,1951.32,356.4,15.44
TXN103219,Grocery,Frozen Foods,North,Winter,271.89,290.79,18,8.0,5234.22,4894.02,340.2,6.5
TXN103220,Apparel,Men's Wear,South,Summer,143.39,182.44,7,54.0,1277.08,1003.73,273.35,21.4
TXN103221,Beauty & Personal Care,Makeup,North,Monsoon,220.96,308.32,6,31.0,1849.92,1325.76,524.16,28.33
TXN103222,Electronics,Laptops,North,Winter,1345.9,1367.59,4,68.0,5470.36,5383.6,86.76,1.59
TXN103223,Apparel,Footwear,East,Summer,248.03,293.84,4,66.0,1175.36,992.12,183.24,15.59
TXN103224,Home & Kitchen,Appliances,South,Festive,28.46,34.78,7,91.0,243.46,199.22,44.24,18.17
TXN103225,Apparel,Winter Wear,North,Spring,318.21,389.07,8,56.0,3112.56,2545.68,566.88,18.21
TXN103226,Electronics,Smartphones,West,Summer,659.96,649.24,7,49.0,4544.68,4619.72,-75.04,-1.65
TXN103227,Beauty & Personal Care,Haircare,Central,Spring,261.06,336.49,5,58.0,1682.45,1305.3,377.15,22.42
TXN103228,Home & Kitchen,Appliances,East,Summer,351.73,429.63,7,58.0,3007.41,2462.11,545.3,18.13
TXN103229,Beauty & Personal Care,Makeup,North,Monsoon,350.97,464.46,9,34.0,4180.14,3158.73,1021.41,24.43
TXN103230,Home & Kitchen,Cookware,East,Summer,482.63,602.38,8,58.0,4819.04,3861.04,958.0,19.88
TXN103231,Beauty & Personal Care,Grooming,North,Monsoon,391.86,543.03,4,20.0,2172.12,1567.44,604.68,27.84
TXN103232,Grocery,Dairy,Central,Festive,339.85,363.66,14,4.0,5091.24,4757.9,333.34,6.55
TXN103233,Beauty & Personal Care,Fragrances,North,Monsoon,358.15,431.96,5,54.0,2159.8,1790.75,369.05,17.09
TXN103234,Electronics,Smartphones,South,Spring,2708.42,2632.15,7,57.0,18425.05,18958.94,-533.89,-2.9
TXN103235,Electronics,Headphones,West,Monsoon,1015.12,1031.47,9,63.0,9283.23,9136.08,147.15,1.59
TXN103236,Electronics,Accessories,West,Winter,101.6,115.17,7,40.0,806.19,711.2,94.99,11.78
TXN103237,Home & Kitchen,Decor,Central,Festive,333.35,398.49,6,70.0,2390.94,2000.1,390.84,16.35
TXN103238,Apparel,Footwear,North,Summer,269.98,351.82,5,63.0,1759.1,1349.9,409.2,23.26
TXN103239,Electronics,Headphones,North,Festive,577.42,618.3,8,35.0,4946.4,4619.36,327.04,6.61
TXN103240,Beauty & Personal Care,Skincare,Central,Winter,18.61,26.04,8,22.0,208.32,148.88,59.44,28.53
TXN103241,Apparel,Men's Wear,North,Spring,195.82,247.29,7,,1731.03,1370.74,360.29,20.81
TXN103242,Grocery,Beverages,East,Monsoon,290.79,314.64,18,6.0,5663.52,5234.22,429.3,7.58
TXN103243,Grocery,Dairy,East,Summer,41.29,43.04,13,6.0,559.52,536.77,22.75,4.07
TXN103244,Grocery,Beverages,North,Summer,59.45,57.04,18,17.0,1026.72,1070.1,-43.38,-4.23
TXN103245,Home & Kitchen,Storage,Central,Spring,228.46,254.34,4,95.0,1017.36,913.84,103.52,10.18
TXN103246,Electronics,Headphones,East,Spring,675.14,723.7,11,56.0,7960.7,7426.54,534.16,6.71
TXN103247,Home & Kitchen,Storage,East,Spring,334.4,406.92,7,42.0,2848.44,2340.8,507.64,17.82
TXN103248,Grocery,Dairy,North,Summer,347.4,381.41,15,4.0,5721.15,5211.0,510.15,8.92
TXN103249,Electronics,Accessories,South,Festive,2911.3,3103.31,8,32.0,24826.48,23290.4,1536.08,6.19
TXN103250,Apparel,Winter Wear,West,Festive,461.66,593.14,5,70.0,2965.7,2308.3,657.4,22.17
TXN103251,Electronics,Smartphones,Central,Spring,2109.42,2346.26,10,27.0,23462.6,21094.2,2368.4,10.09
TXN103252,Apparel,Kids Wear,South,Monsoon,444.61,547.78,7,118.0,3834.46,3112.27,722.19,18.83
TXN103253,Grocery,Staples,Central,Summer,206.15,218.28,20,5.0,4365.6,4123.0,242.6,5.56
TXN103254,Home & Kitchen,Cookware,North,Spring,140.25,145.52,7,78.0,1018.64,981.75,36.89,3.62
TXN103255,Apparel,Women's Wear,East,Festive,405.07,507.54,5,70.0,2537.7,2025.35,512.35,20.19
TXN103256,Beauty & Personal Care,Makeup,East,Monsoon,391.74,530.59,8,21.0,4244.72,3133.92,1110.8,26.17
TXN103257,Home & Kitchen,Cookware,North,Summer,91.56,107.27,7,57.0,750.89,640.92,109.97,14.65
TXN103258,Grocery,Frozen Foods,Central,Summer,109.09,117.29,12,9.0,1407.48,1309.08,98.4,6.99
TXN103259,Home & Kitchen,Decor,North,Festive,365.53,449.42,8,45.0,3595.36,2924.24,671.12,18.67
TXN103260,Grocery,Dairy,North,Monsoon,329.82,352.99,10,10.0,3529.9,3298.2,231.7,6.56
TXN103261,Home & Kitchen,Appliances,North,Spring,498.88,603.05,8,43.0,4824.4,3991.04,833.36,17.27
TXN103262,Home & Kitchen,Furniture,North,Summer,239.7,257.69,7,84.0,1803.83,1677.9,125.93,6.98
TXN103263,Grocery,Beverages,South,Monsoon,215.15,231.43,17,4.0,3934.31,3657.55,276.76,7.03
TXN103264,Apparel,Winter Wear,South,Monsoon,61.11,79.88,8,59.0,639.04,488.88,150.16,23.5
TXN103265,Home & Kitchen,Appliances,South,Festive,49.04,62.63,11,67.0,688.93,539.44,149.49,21.7
TXN103266,Home & Kitchen,Decor,Central,Festive,74.25,75.71,13,71.0,984.23,965.25,18.98,1.93
TXN103267,Electronics,Headphones,East,Summer,886.12,953.21,7,38.0,6672.47,6202.84,469.63,7.04
TXN103268,Electronics,Cameras,North,Winter,1074.06,1190.48,5,35.0,5952.4,5370.3,582.1,9.78
TXN103269,Apparel,Footwear,East,Festive,100.12,129.18,8,46.0,1033.44,800.96,232.48,22.5
TXN103270,Apparel,Footwear,West,Monsoon,189.78,208.33,5,98.0,1041.65,948.9,92.75,8.9
TXN103271,Electronics,Accessories,North,Monsoon,795.03,884.49,3,47.0,2653.47,2385.09,268.38,10.11
TXN103272,Grocery,Dairy,South,Spring,432.28,450.24,16,14.0,7203.84,6916.48,287.36,3.99
TXN103273,Beauty & Personal Care,Skincare,South,Monsoon,277.36,335.99,8,54.0,2687.92,2218.88,469.04,17.45
TXN103274,Electronics,Laptops,North,Spring,1738.03,1768.82,7,54.0,12381.74,12166.21,215.53,1.74
TXN103275,Apparel,Winter Wear,North,Spring,25.39,34.0,7,61.0,238.0,177.73,60.27,25.32
TXN103276,Apparel,Men's Wear,West,Festive,133.0,163.57,5,115.0,817.85,665.0,152.85,18.69
TXN103277,Electronics,Cameras,North,Summer,928.76,1011.01,7,38.0,7077.07,6501.32,575.75,8.14
TXN103278,Home & Kitchen,Storage,North,Festive,94.42,113.5,12,92.0,1362.0,1133.04,228.96,16.81
TXN103279,Apparel,Men's Wear,South,Festive,32.42,43.62,6,71.0,261.72,194.52,67.2,25.68
TXN103280,Beauty & Personal Care,Fragrances,North,Spring,364.65,505.96,4,32.0,2023.84,1458.6,565.24,27.93
TXN103281,Grocery,Staples,South,Summer,264.18,278.36,12,3.0,3340.32,3170.16,170.16,5.09
TXN103282,Apparel,Winter Wear,West,Monsoon,242.33,269.45,9,93.0,2425.05,2180.97,244.08,10.06
TXN103283,Beauty & Personal Care,Makeup,West,Winter,101.52,131.43,3,22.0,394.29,304.56,89.73,22.76
TXN103284,Apparel,Winter Wear,East,Winter,441.18,553.88,6,44.0,3323.28,2647.08,676.2,20.35
TXN103285,Apparel,Men's Wear,West,Summer,214.44,263.54,5,112.0,1317.7,1072.2,245.5,18.63
TXN103286,Electronics,Smartphones,West,Winter,492.81,496.95,3,48.0,1490.85,1478.43,12.42,0.83
TXN103287,Home & Kitchen,Appliances,South,Summer,22.5,24.61,5,89.0,123.05,112.5,10.55,8.57
TXN103288,Grocery,Staples,North,Festive,330.92,326.69,19,19.0,6207.11,6287.48,-80.37,-1.29
TXN103289,Grocery,Snacks,West,Spring,424.72,396.85,11,18.0,4365.35,4671.92,-306.57,-7.02
TXN103290,Apparel,Men's Wear,South,Monsoon,325.98,400.86,8,,3206.88,2607.84,599.04,18.68
TXN103291,Apparel,Men's Wear,,Winter,348.63,442.03,4,63.0,1768.12,1394.52,373.6,21.13
TXN103292,Beauty & Personal Care,Haircare,North,Summer,362.52,505.38,3,26.0,1516.14,1087.56,428.58,28.27
TXN103293,Beauty & Personal Care,Haircare,East,Spring,236.99,307.51,8,49.0,2460.08,1895.92,564.16,22.93
TXN103294,Electronics,Accessories,Central,Monsoon,2422.57,2644.48,14,25.0,37022.72,33915.98,3106.74,8.39
TXN103295,Electronics,Laptops,South,Summer,107.42,116.85,4,44.0,467.4,429.68,37.72,8.07
TXN103296,Electronics,Accessories,North,Monsoon,831.34,892.43,14,29.0,12494.02,11638.76,855.26,6.85
TXN103297,Electronics,Accessories,Central,Festive,1790.6,1881.51,13,36.0,24459.63,23277.8,1181.83,4.83
TXN103298,Electronics,Cameras,West,Winter,2853.26,3086.5,11,69.0,33951.5,31385.86,2565.64,7.56
TXN103299,Grocery,Staples,South,Festive,426.06,409.39,13,15.0,5322.07,5538.78,-216.71,-4.07
TXN103300,Home & Kitchen,Storage,North,Winter,98.83,113.48,5,78.0,567.4,494.15,73.25,12.91
TXN103301,Electronics,Laptops,West,Winter,1503.21,1531.39,7,65.0,10719.73,10522.47,197.26,1.84
TXN103302,Grocery,Snacks,East,Spring,206.77,199.26,15,16.0,2988.9,3101.55,-112.65,-3.77
TXN103303,Grocery,Dairy,East,Festive,97.74,92.72,19,17.0,1761.68,1857.06,-95.38,-5.41
TXN103304,Grocery,Dairy,North,Winter,133.02,121.88,14,18.0,1706.32,1862.28,-155.96,-9.14
TXN103305,Grocery,Staples,North,Winter,432.21,406.3,12,18.0,4875.6,5186.52,-310.92,-6.38
TXN103306,Electronics,Headphones,East,Summer,2930.69,3235.89,9,28.0,29123.01,26376.21,2746.8,9.43
TXN103307,Apparel,Footwear,North,Festive,223.3,255.77,6,87.0,1534.62,1339.8,194.82,12.69
TXN103308,Electronics,Cameras,South,Festive,1325.99,1424.29,6,35.0,8545.74,7955.94,589.8,6.9
TXN103309,Home & Kitchen,Storage,Central,Monsoon,366.89,415.61,7,94.0,2909.27,2568.23,341.04,11.72
TXN103310,Grocery,Frozen Foods,East,Winter,183.62,196.79,12,7.0,2361.48,2203.44,158.04,6.69
TXN103311,Beauty & Personal Care,Grooming,West,Festive,378.05,475.71,5,58.0,2378.55,1890.25,488.3,20.53
TXN103312,Apparel,Footwear,South,Festive,479.73,580.28,6,102.0,3481.68,2878.38,603.3,17.33
TXN103313,Apparel,Men's Wear,North,Monsoon,85.25,104.11,5,116.0,520.55,426.25,94.3,18.12
TXN103314,Grocery,Dairy,East,Spring,272.27,299.3,13,6.0,3890.9,3539.51,351.39,9.03
TXN103315,Apparel,Footwear,West,Summer,128.11,152.73,7,93.0,1069.11,896.77,172.34,16.12
TXN103316,Electronics,Accessories,West,Monsoon,1915.24,2070.32,7,66.0,14492.24,13406.68,1085.56,7.49
TXN103317,Grocery,Staples,West,Summer,474.27,509.49,14,10.0,7132.86,6639.78,493.08,6.91
TXN103318,Apparel,Winter Wear,East,Festive,226.11,293.0,6,52.0,1758.0,1356.66,401.34,22.83
TXN103319,Apparel,Footwear,South,Monsoon,17.11,21.76,9,85.0,195.84,153.99,41.85,21.37
TXN103320,Electronics,Headphones,West,Summer,2526.97,2766.57,11,28.0,30432.27,27796.67,2635.6,8.66
TXN103321,Apparel,Men's Wear,Central,Monsoon,178.34,201.02,7,116.0,1407.14,1248.38,158.76,11.28
TXN103322,Apparel,Winter Wear,West,Spring,34.49,44.12,10,61.0,441.2,344.9,96.3,21.83
TXN103323,Beauty & Personal Care,Skincare,Central,Spring,261.76,325.03,10,44.0,3250.3,2617.6,632.7,19.47
TXN103324,Electronics,Headphones,West,Spring,180.39,193.57,6,44.0,1161.42,1082.34,79.08,6.81
TXN103325,Apparel,Women's Wear,North,Monsoon,475.39,631.9,4,40.0,2527.6,1901.56,626.04,24.77
TXN103326,Grocery,Staples,North,Summer,114.93,123.4,20,15.0,2468.0,2298.6,169.4,6.86
TXN103327,Grocery,Staples,North,Monsoon,31.61,32.8,16,16.0,524.8,505.76,19.04,3.63
TXN103328,Electronics,Laptops,North,Monsoon,1602.49,1562.2,6,67.0,9373.2,9614.94,-241.74,-2.58
TXN103329,Electronics,Accessories,West,Monsoon,1621.7,1786.7,8,46.0,14293.6,12973.6,1320.0,9.23
TXN103330,Apparel,Winter Wear,North,Summer,217.54,283.42,5,62.0,1417.1,1087.7,329.4,23.24
TXN103331,Grocery,Beverages,North,Monsoon,156.01,168.69,14,7.0,2361.66,2184.14,177.52,7.52
TXN103332,Apparel,Women's Wear,North,Monsoon,354.72,445.96,7,105.0,3121.72,2483.04,638.68,20.46
TXN103333,Grocery,Dairy,West,Summer,249.66,257.61,14,12.0,3606.54,3495.24,111.3,3.09
TXN103334,Electronics,Accessories,Central,Winter,196.05,208.16,11,31.0,2289.76,2156.55,133.21,5.82
TXN103335,Home & Kitchen,Storage,East,Spring,327.67,404.07,11,98.0,4444.77,3604.37,840.4,18.91
TXN103336,Apparel,Men's Wear,West,Spring,250.32,305.95,11,52.0,3365.45,2753.52,611.93,18.18
TXN103337,Apparel,Women's Wear,West,Spring,189.05,249.01,6,57.0,1494.06,1134.3,359.76,24.08
TXN103338,Grocery,Snacks,North,Festive,442.61,469.77,16,6.0,7516.32,7081.76,434.56,5.78
TXN103339,Electronics,Smartphones,North,Spring,1633.8,1838.69,10,31.0,18386.9,16338.0,2048.9,11.14
TXN103340,Grocery,Staples,Central,Monsoon,58.0,62.91,20,15.0,1258.2,1160.0,98.2,7.8
TXN103341,Home & Kitchen,Decor,North,Winter,143.3,166.05,7,66.0,1162.35,1003.1,159.25,13.7
TXN103342,Home & Kitchen,Appliances,West,Festive,333.7,361.1,6,77.0,2166.6,2002.2,164.4,7.59
TXN103343,Electronics,Smartphones,North,Spring,1472.53,1463.57,9,58.0,13172.13,13252.77,-80.64,-0.61
TXN103344,Beauty & Personal Care,Fragrances,East,Monsoon,112.62,141.78,11,30.0,1559.58,1238.82,320.76,20.57
TXN103345,Electronics,Laptops,North,Summer,2580.75,2755.66,11,25.0,30312.26,28388.25,1924.01,6.35
TXN103346,Electronics,Accessories,North,Festive,1988.71,2126.0,6,40.0,12756.0,11932.26,823.74,6.46
TXN103347,Home & Kitchen,Furniture,Central,Winter,203.51,252.3,7,52.0,1766.1,1424.57,341.53,19.34
TXN103348,Apparel,Kids Wear,East,Monsoon,57.37,67.27,2,106.0,134.54,114.74,19.8,14.72
TXN103349,Grocery,Snacks,South,Festive,162.11,165.73,13,15.0,2154.49,2107.43,47.06,2.18
TXN103350,Beauty & Personal Care,Fragrances,South,Festive,294.21,385.1,7,30.0,2695.7,2059.47,636.23,23.6
TXN103351,Home & Kitchen,Cookware,East,Winter,291.99,329.06,8,76.0,2632.48,2335.92,296.56,11.27
TXN103352,Home & Kitchen,Furniture,Central,Summer,212.05,227.46,3,91.0,682.38,636.15,46.23,6.77
TXN103353,Beauty & Personal Care,Makeup,West,Monsoon,385.76,507.35,9,23.0,4566.15,3471.84,1094.31,23.97
TXN103354,Beauty & Personal Care,Grooming,South,Winter,42.83,55.34,4,44.0,221.36,171.32,50.04,22.61
TXN103355,Home & Kitchen,Cookware,North,Summer,310.77,384.35,9,60.0,3459.15,2796.93,662.22,19.14
TXN103356,Beauty & Personal Care,Makeup,West,Festive,24.54,30.55,11,48.0,336.05,269.94,66.11,19.67
TXN103357,Apparel,Men's Wear,East,Festive,472.04,606.81,8,36.0,4854.48,3776.32,1078.16,22.21
TXN103358,Beauty & Personal Care,Fragrances,East,Winter,413.33,571.73,12,35.0,6860.76,4959.96,1900.8,27.71
TXN103359,Electronics,Laptops,Central,Monsoon,1497.32,1597.83,6,36.0,9586.98,8983.92,603.06,6.29
TXN103360,Beauty & Personal Care,Skincare,West,Summer,404.56,530.57,7,51.0,3713.99,2831.92,882.07,23.75
TXN103361,Grocery,Staples,West,Spring,16.8,16.0,15,,240.0,252.0,-12.0,-5.0
TXN103362,Home & Kitchen,Storage,West,Festive,204.91,236.5,5,59.0,1182.5,1024.55,157.95,13.36
TXN103363,Beauty & Personal Care,Skincare,West,Monsoon,50.71,68.38,13,,888.94,659.23,229.71,25.84
TXN103364,Electronics,Laptops,North,Spring,167.59,181.46,9,47.0,1633.14,1508.31,124.83,7.64
TXN103365,Apparel,Men's Wear,South,Spring,179.25,218.55,8,33.0,1748.4,1434.0,314.4,17.98
TXN103366,Apparel,Winter Wear,South,Festive,364.73,505.61,8,54.0,4044.88,2917.84,1127.04,27.86
TXN103367,Apparel,Men's Wear,West,Spring,364.45,490.13,7,72.0,3430.91,2551.15,879.76,25.64
TXN103368,Grocery,Frozen Foods,West,Monsoon,161.52,173.38,16,,2774.08,2584.32,189.76,6.84
TXN103369,Apparel,Men's Wear,West,Monsoon,333.49,398.06,6,56.0,2388.36,2000.94,387.42,16.22
TXN103370,Beauty & Personal Care,Haircare,West,Monsoon,218.72,297.0,8,46.0,2376.0,1749.76,626.24,26.36
TXN103371,Grocery,Frozen Foods,South,Festive,307.45,300.97,13,19.0,3912.61,3996.85,-84.24,-2.15
TXN103372,Grocery,Snacks,West,Winter,477.79,439.82,21,14.0,9236.22,10033.59,-797.37,-8.63
TXN103373,Apparel,Women's Wear,Central,Festive,477.81,605.74,4,51.0,2422.96,1911.24,511.72,21.12
TXN103374,Electronics,Smartphones,North,Summer,89.52,81.51,8,69.0,652.08,716.16,-64.08,-9.83
TXN103375,Apparel,Women's Wear,South,Spring,237.34,314.5,6,67.0,1887.0,1424.04,462.96,24.53
TXN103376,Electronics,Headphones,North,Summer,1765.45,1824.33,7,57.0,12770.31,12358.15,412.16,3.23
TXN103377,Grocery,Dairy,East,Monsoon,98.33,91.67,12,15.0,1100.04,1179.96,-79.92,-7.27
TXN103378,Apparel,Men's Wear,Central,Summer,277.77,323.19,6,113.0,1939.14,1666.62,272.52,14.05
TXN103379,Electronics,Cameras,Central,Spring,1060.72,1134.81,5,29.0,5674.05,5303.6,370.45,6.53
TXN103380,Electronics,Laptops,East,Festive,861.26,910.85,8,43.0,7286.8,6890.08,396.72,5.44
TXN103381,Grocery,Frozen Foods,East,Monsoon,68.06,69.75,14,18.0,976.5,952.84,23.66,2.42
TXN103382,Grocery,Snacks,Central,Monsoon,287.72,315.12,13,,4096.56,3740.36,356.2,8.7
TXN103383,Electronics,Smartphones,West,Monsoon,916.28,980.93,5,30.0,4904.65,4581.4,323.25,6.59
TXN103384,Beauty & Personal Care,Grooming,East,Spring,195.94,266.28,7,39.0,1863.96,1371.58,492.38,26.42
TXN103385,Grocery,Staples,West,Winter,225.11,235.42,16,19.0,3766.72,3601.76,164.96,4.38
TXN103386,Home & Kitchen,Decor,East,Summer,239.88,270.99,7,72.0,1896.93,1679.16,217.77,11.48
TXN103387,Beauty & Personal Care,Skincare,West,Monsoon,386.81,447.44,5,46.0,2237.2,1934.05,303.15,13.55
TXN103388,Electronics,Smartphones,West,Festive,1736.92,1633.31,11,54.0,17966.41,19106.12,-1139.71,-6.34
TXN103389,Beauty & Personal Care,Haircare,West,Monsoon,194.17,243.93,6,24.0,1463.58,1165.02,298.56,20.4
TXN103390,Grocery,Staples,West,Spring,112.2,119.35,20,3.0,2387.0,2244.0,143.0,5.99
TXN103391,Home & Kitchen,Furniture,East,Spring,316.41,368.38,6,68.0,2210.28,1898.46,311.82,14.11
TXN103392,Home & Kitchen,Storage,West,Spring,251.15,300.44,9,44.0,2703.96,2260.35,443.61,16.41
TXN103393,Beauty & Personal Care,Skincare,West,Spring,25.12,29.57,9,56.0,266.13,226.08,40.05,15.05
TXN103394,Apparel,Women's Wear,East,Winter,492.19,611.97,8,77.0,4895.76,3937.52,958.24,19.57
TXN103395,Beauty & Personal Care,Haircare,East,Summer,374.24,497.76,7,27.0,3484.32,2619.68,864.64,24.82
TXN103396,Grocery,Frozen Foods,East,Summer,258.31,263.98,16,12.0,4223.68,4132.96,90.72,2.15
TXN103397,Grocery,Dairy,Central,Winter,417.11,450.02,15,4.0,6750.3,6256.65,493.65,7.31
TXN103398,Electronics,Smartphones,West,Monsoon,1421.54,1507.59,10,28.0,15075.9,14215.4,860.5,5.71
TXN103399,Beauty & Personal Care,Skincare,South,Winter,387.46,491.59,7,41.0,3441.13,2712.22,728.91,21.18
TXN103400,Grocery,Snacks,North,Summer,175.3,184.89,21,4.0,3882.69,3681.3,201.39,5.19
TXN103401,Beauty & Personal Care,Makeup,West,Winter,457.56,567.93,9,40.0,5111.37,4118.04,993.33,19.43
TXN103402,Electronics,Laptops,East,Winter,1576.36,1671.5,5,37.0,8357.5,7881.8,475.7,5.69
TXN103403,Electronics,Cameras,Central,Festive,2270.79,2429.34,5,32.0,12146.7,11353.95,792.75,6.53
TXN103404,Electronics,Cameras,North,Summer,1165.35,1240.43,6,34.0,7442.58,6992.1,450.48,6.05
TXN103405,Grocery,Dairy,North,Winter,19.04,17.99,13,13.0,233.87,247.52,-13.65,-5.84
TXN103406,Electronics,Accessories,South,Monsoon,2355.99,2516.96,9,51.0,22652.64,21203.91,1448.73,6.4
TXN103407,Apparel,Kids Wear,South,Winter,414.1,428.27,5,101.0,2141.35,2070.5,70.85,3.31
TXN103408,Electronics,Accessories,West,Summer,1312.76,1434.62,5,38.0,7173.1,6563.8,609.3,8.49
TXN103409,Electronics,Cameras,Central,Winter,863.59,978.96,4,28.0,3915.84,3454.36,461.48,11.78
TXN103410,Electronics,Laptops,East,Spring,1870.9,1927.93,5,58.0,9639.65,9354.5,285.15,2.96
TXN103411,Grocery,Beverages,West,Summer,267.01,258.27,16,19.0,4132.32,4272.16,-139.84,-3.38
TXN103412,Grocery,Dairy,East,Winter,467.12,486.52,10,8.0,4865.2,4671.2,194.0,3.99
TXN103413,Apparel,Men's Wear,Central,Festive,19.33,20.24,6,94.0,121.44,115.98,5.46,4.5
TXN103414,Apparel,Women's Wear,East,Summer,50.76,55.62,6,80.0,333.72,304.56,29.16,8.74
TXN103415,Grocery,Staples,North,Monsoon,457.34,502.35,12,7.0,6028.2,5488.08,540.12,8.96
TXN103416,Grocery,Staples,East,Festive,246.3,255.0,20,16.0,5100.0,4926.0,174.0,3.41
TXN103417,Apparel,Footwear,East,Monsoon,218.42,265.02,9,48.0,2385.18,1965.78,419.4,17.58
TXN103418,Home & Kitchen,Decor,North,Festive,326.93,414.91,9,47.0,3734.19,2942.37,791.82,21.2
TXN103419,Apparel,Men's Wear,East,Spring,491.37,642.38,6,62.0,3854.28,2948.22,906.06,23.51
TXN103420,Beauty & Personal Care,Fragrances,West,Festive,333.06,436.13,9,38.0,3925.17,2997.54,927.63,23.63
TXN103421,Apparel,Kids Wear,West,Winter,493.1,649.21,5,56.0,3246.05,2465.5,780.55,24.05
TXN103422,Home & Kitchen,Furniture,Central,Spring,175.52,178.47,8,96.0,1427.76,1404.16,23.6,1.65
TXN103423,Beauty & Personal Care,Fragrances,North,Winter,279.31,370.17,5,27.0,1850.85,1396.55,454.3,24.55
TXN103424,Grocery,Snacks,Central,Summer,324.15,300.56,23,15.0,6912.88,7455.45,-542.57,-7.85
TXN103425,Beauty & Personal Care,Grooming,North,Summer,412.65,556.7,5,22.0,2783.5,2063.25,720.25,25.88
TXN103426,Home & Kitchen,Furniture,North,Festive,458.73,578.18,5,62.0,2890.9,2293.65,597.25,20.66
TXN103427,Home & Kitchen,Cookware,North,Summer,167.6,203.1,7,98.0,1421.7,1173.2,248.5,17.48
TXN103428,Apparel,Men's Wear,Central,Festive,33.31,36.97,6,85.0,221.82,199.86,21.96,9.9
TXN103429,Electronics,Headphones,North,Summer,1224.46,1179.61,10,67.0,11796.1,12244.6,-448.5,-3.8
TXN103430,Grocery,Beverages,South,Spring,71.14,76.52,8,11.0,612.16,569.12,43.04,7.03
TXN103431,Electronics,Cameras,West,Monsoon,508.01,513.5,3,58.0,1540.5,1524.03,16.47,1.07
TXN103432,Grocery,Staples,West,Summer,406.82,444.94,18,9.0,8008.92,7322.76,686.16,8.57
TXN103433,Grocery,Staples,Central,Winter,87.01,95.21,15,5.0,1428.15,1305.15,123.0,8.61
TXN103434,Apparel,Women's Wear,North,Summer,247.6,296.34,8,54.0,2370.72,1980.8,389.92,16.45
TXN103435,Electronics,Headphones,East,Summer,1137.06,1273.7,9,41.0,11463.3,10233.54,1229.76,10.73
TXN103436,Beauty & Personal Care,Grooming,East,Monsoon,26.99,33.44,6,34.0,200.64,161.94,38.7,19.29
TXN103437,Beauty & Personal Care,Makeup,Central,Winter,273.87,352.16,6,33.0,2112.96,1643.22,469.74,22.23
TXN103438,Home & Kitchen,Storage,Central,Summer,147.89,163.57,7,87.0,1144.99,1035.23,109.76,9.59
TXN103439,Beauty & Personal Care,Grooming,North,Festive,333.86,452.54,9,38.0,4072.86,3004.74,1068.12,26.23
TXN103440,Home & Kitchen,Furniture,East,Festive,258.93,322.1,4,67.0,1288.4,1035.72,252.68,19.61
TXN103441,Beauty & Personal Care,Skincare,North,Summer,230.34,268.5,10,45.0,2685.0,2303.4,381.6,14.21
TXN103442,Apparel,Men's Wear,South,Summer,35.25,43.33,8,97.0,346.64,282.0,64.64,18.65
TXN103443,Home & Kitchen,Storage,South,Spring,118.5,149.0,6,63.0,894.0,711.0,183.0,20.47
TXN103444,Apparel,Footwear,North,Spring,429.57,537.53,5,61.0,2687.65,2147.85,539.8,20.08
TXN103445,Electronics,Headphones,South,Winter,907.99,988.49,8,58.0,7907.92,7263.92,644.0,8.14
TXN103446,Electronics,Accessories,East,Winter,2800.5,3146.77,11,35.0,34614.47,30805.5,3808.97,11.0
TXN103447,Home & Kitchen,Cookware,Central,Festive,22.43,25.29,11,90.0,278.19,246.73,31.46,11.31
TXN103448,Apparel,Men's Wear,West,Winter,104.39,119.28,9,112.0,1073.52,939.51,134.01,12.48
TXN103449,Grocery,Staples,Central,Spring,20.55,22.55,11,3.0,248.05,226.05,22.0,8.87
TXN103450,Apparel,Footwear,,Spring,393.08,514.73,4,83.0,2058.92,1572.32,486.6,23.63
TXN103451,Apparel,Women's Wear,West,Winter,451.48,574.88,5,61.0,2874.4,2257.4,617.0,21.47
TXN103452,Electronics,Cameras,East,Monsoon,887.15,875.52,7,52.0,6128.64,6210.05,-81.41,-1.33
TXN103453,Apparel,Kids Wear,East,Winter,240.6,293.61,4,34.0,1174.44,962.4,212.04,18.05
TXN103454,Beauty & Personal Care,Fragrances,East,Winter,316.12,425.0,8,39.0,3400.0,2528.96,871.04,25.62
TXN103455,Apparel,Kids Wear,South,Spring,282.12,353.45,11,69.0,3887.95,3103.32,784.63,20.18
TXN103456,Beauty & Personal Care,Makeup,North,Spring,244.64,303.68,13,43.0,3947.84,3180.32,767.52,19.44
TXN103457,Electronics,Headphones,West,Festive,2200.38,2377.45,3,45.0,7132.35,6601.14,531.21,7.45
TXN103458,Electronics,Headphones,East,Festive,1092.54,1219.08,7,34.0,8533.56,7647.78,885.78,10.38
TXN103459,Apparel,Winter Wear,Central,Summer,68.88,80.5,10,119.0,805.0,688.8,116.2,14.43
TXN103460,Apparel,Women's Wear,South,Spring,266.9,296.93,4,106.0,1187.72,1067.6,120.12,10.11
TXN103461,Grocery,Dairy,North,Spring,481.87,496.33,18,19.0,8933.94,8673.66,260.28,2.91
TXN103462,Apparel,Men's Wear,Central,Winter,133.97,147.53,4,95.0,590.12,535.88,54.24,9.19
TXN103463,Home & Kitchen,Storage,East,Summer,223.86,265.3,8,43.0,2122.4,1790.88,331.52,15.62
TXN103464,Electronics,Smartphones,South,Summer,389.36,440.35,6,44.0,2642.1,2336.16,305.94,11.58
TXN103465,Apparel,Winter Wear,South,Winter,253.46,289.28,10,89.0,2892.8,2534.6,358.2,12.38
TXN103466,Apparel,Women's Wear,East,Festive,208.92,221.61,7,108.0,1551.27,1462.44,88.83,5.73
TXN103467,Beauty & Personal Care,Fragrances,West,Winter,106.77,142.1,8,37.0,1136.8,854.16,282.64,24.86
TXN103468,Electronics,Accessories,North,Festive,1328.66,1247.91,4,48.0,4991.64,5314.64,-323.0,-6.47
TXN103469,Apparel,Women's Wear,,Winter,191.24,232.8,10,101.0,2328.0,1912.4,415.6,17.85
TXN103470,Beauty & Personal Care,Fragrances,Central,Festive,105.22,126.58,7,52.0,886.06,736.54,149.52,16.87
TXN103471,Electronics,Laptops,North,Spring,507.54,560.8,8,44.0,4486.4,4060.32,426.08,9.5
TXN103472,Apparel,Footwear,East,Monsoon,191.84,215.26,5,112.0,1076.3,959.2,117.1,10.88
TXN103473,Grocery,Snacks,Central,Festive,273.89,287.27,17,16.0,4883.59,4656.13,227.46,4.66
TXN103474,Beauty & Personal Care,Grooming,Central,Spring,375.37,518.86,8,40.0,4150.88,3002.96,1147.92,27.65
TXN103475,Electronics,Headphones,East,Winter,1166.83,1294.39,6,40.0,7766.34,7000.98,765.36,9.85
TXN103476,Grocery,Beverages,South,Monsoon,70.12,75.69,18,9.0,1362.42,1262.16,100.26,7.36
TXN103477,Home & Kitchen,Furniture,West,Festive,281.58,304.24,4,77.0,1216.96,1126.32,90.64,7.45
TXN103478,Grocery,Frozen Foods,Central,Summer,17.49,19.23,10,3.0,192.3,174.9,17.4,9.05
TXN103479,Grocery,Dairy,North,Monsoon,18.84,19.32,12,16.0,231.84,226.08,5.76,2.48
TXN103480,Home & Kitchen,Appliances,North,Monsoon,411.96,486.06,9,46.0,4374.54,3707.64,666.9,15.25
TXN103481,Home & Kitchen,Storage,East,Festive,211.62,265.19,8,52.0,2121.52,1692.96,428.56,20.2
TXN103482,Electronics,Laptops,North,Summer,1737.72,1847.22,7,36.0,12930.54,12164.04,766.5,5.93
TXN103483,Home & Kitchen,Cookware,East,Monsoon,210.83,253.13,2,41.0,506.26,421.66,84.6,16.71
TXN103484,Apparel,Footwear,West,Monsoon,222.85,291.41,8,87.0,2331.28,1782.8,548.48,23.53
TXN103485,Grocery,Dairy,East,Spring,151.68,160.55,12,11.0,1926.6,1820.16,106.44,5.52
TXN103486,Apparel,Kids Wear,West,Festive,282.17,376.64,6,71.0,2259.84,1693.02,566.82,25.08
TXN103487,Apparel,Footwear,South,Summer,35.91,42.49,12,34.0,509.88,430.92,78.96,15.49
TXN103488,Grocery,Dairy,South,Summer,14.88,15.47,16,16.0,247.52,238.08,9.44,3.81
TXN103489,Apparel,Women's Wear,West,Spring,323.98,385.53,8,118.0,3084.24,2591.84,492.4,15.97
TXN103490,Home & Kitchen,Storage,West,Summer,184.24,235.48,9,42.0,2119.32,1658.16,461.16,21.76
TXN103491,Beauty & Personal Care,Fragrances,West,Spring,239.57,289.64,11,46.0,3186.04,2635.27,550.77,17.29
TXN103492,Home & Kitchen,Cookware,West,Summer,365.15,389.39,8,82.0,3115.12,2921.2,193.92,6.23
TXN103493,Electronics,Accessories,North,Summer,314.92,329.73,9,49.0,2967.57,2834.28,133.29,4.49
TXN103494,Electronics,Accessories,South,Festive,1345.36,1436.4,6,44.0,8618.4,8072.16,546.24,6.34
TXN103495,Electronics,Headphones,South,Monsoon,1264.09,1358.51,9,62.0,12226.59,11376.81,849.78,6.95
TXN103496,Apparel,Footwear,South,Winter,25.75,31.38,3,39.0,94.14,77.25,16.89,17.94
TXN103497,Apparel,Men's Wear,Central,Festive,262.28,351.68,7,55.0,2461.76,1835.96,625.8,25.42
TXN103498,Electronics,Accessories,East,Spring,2807.92,3118.48,4,48.0,12473.92,11231.68,1242.24,9.96
TXN103499,Apparel,Footwear,West,Festive,107.49,132.24,7,73.0,925.68,752.43,173.25,18.72
TXN103500,Electronics,Accessories,North,Festive,1523.75,1612.83,5,38.0,8064.15,7618.75,445.4,5.52
TXN103501,Apparel,Men's Wear,East,Winter,350.92,416.03,6,84.0,2496.18,2105.52,390.66,15.65
TXN103502,Grocery,Dairy,East,Spring,264.73,276.59,23,11.0,6361.57,6088.79,272.78,4.29
TXN103503,Beauty & Personal Care,Grooming,West,Summer,137.06,187.21,10,33.0,1872.1,1370.6,501.5,26.79
TXN103504,Home & Kitchen,Decor,South,Spring,448.5,514.77,11,72.0,5662.47,4933.5,728.97,12.87
TXN103505,Grocery,Dairy,Central,Summer,106.96,113.06,18,11.0,2035.08,1925.28,109.8,5.4
TXN103506,Apparel,Footwear,South,Winter,404.94,471.22,6,80.0,2827.32,2429.64,397.68,14.07
TXN103507,Grocery,Snacks,North,Summer,101.4,109.44,19,14.0,2079.36,1926.6,152.76,7.35
TXN103508,Home & Kitchen,Storage,South,Festive,59.7,68.72,11,66.0,755.92,656.7,99.22,13.13
TXN103509,Grocery,Beverages,,Festive,264.63,289.29,21,3.0,6075.09,5557.23,517.86,8.52
TXN103510,Beauty & Personal Care,Skincare,North,Spring,180.27,226.44,7,36.0,1585.08,1261.89,323.19,20.39
TXN103511,Home & Kitchen,Decor,West,Winter,411.82,481.08,10,84.0,4810.8,4118.2,692.6,14.4
TXN103512,Grocery,Beverages,South,Winter,368.43,359.99,20,17.0,7199.8,7368.6,-168.8,-2.34
TXN103513,Apparel,Kids Wear,Central,Festive,440.65,491.02,4,88.0,1964.08,1762.6,201.48,10.26
TXN103514,Grocery,Snacks,West,Summer,482.01,510.12,19,10.0,9692.28,9158.19,534.09,5.51
TXN103515,Apparel,Men's Wear,Central,Monsoon,455.34,488.25,6,114.0,2929.5,2732.04,197.46,6.74
TXN103516,Apparel,Men's Wear,West,Spring,432.06,464.8,6,104.0,2788.8,2592.36,196.44,7.04
TXN103517,Apparel,Men's Wear,West,Spring,237.78,273.19,6,101.0,1639.14,1426.68,212.46,12.96
TXN103518,Beauty & Personal Care,Makeup,East,Festive,32.21,39.38,7,41.0,275.66,225.47,50.19,18.21
TXN103519,Electronics,Accessories,South,Monsoon,2616.75,2826.4,6,39.0,16958.4,15700.5,1257.9,7.42
TXN103520,Electronics,Cameras,North,Winter,764.6,825.03,8,47.0,6600.24,6116.8,483.44,7.32
TXN103521,Apparel,Men's Wear,Central,Winter,379.96,484.08,11,50.0,5324.88,4179.56,1145.32,21.51
TXN103522,Beauty & Personal Care,Grooming,,Spring,414.68,575.12,8,37.0,4600.96,3317.44,1283.52,27.9
TXN103523,Home & Kitchen,Storage,North,Summer,497.32,606.54,4,59.0,2426.16,1989.28,436.88,18.01
TXN103524,Electronics,Cameras,South,Monsoon,2349.8,2657.29,7,39.0,18601.03,16448.6,2152.43,11.57
TXN103525,Home & Kitchen,Storage,East,Winter,419.98,513.46,8,88.0,4107.68,3359.84,747.84,18.21
TXN103526,Home & Kitchen,Furniture,West,Festive,125.43,159.24,9,54.0,1433.16,1128.87,304.29,21.23
TXN103527,Grocery,Snacks,Central,Spring,411.83,435.37,17,3.0,7401.29,7001.11,400.18,5.41
TXN103528,Electronics,Cameras,West,Spring,221.54,235.59,6,26.0,1413.54,1329.24,84.3,5.96
TXN103529,Apparel,Men's Wear,East,Festive,229.22,285.58,3,55.0,856.74,687.66,169.08,19.74
TXN103530,Electronics,Accessories,East,Winter,2322.06,2496.73,7,,17477.11,16254.42,1222.69,7.0
TXN103531,Apparel,Footwear,East,Summer,315.96,373.51,8,108.0,2988.08,2527.68,460.4,15.41
TXN103532,Beauty & Personal Care,Skincare,North,Spring,286.8,360.61,11,47.0,3966.71,3154.8,811.91,20.47
TXN103533,Electronics,Smartphones,South,Summer,2563.9,2667.82,7,58.0,18674.74,17947.3,727.44,3.9
TXN103534,Electronics,Cameras,,Winter,1840.46,1957.81,5,27.0,9789.05,9202.3,586.75,5.99
TXN103535,Apparel,Women's Wear,Central,Summer,430.92,544.42,6,104.0,3266.52,2585.52,681.0,20.85
TXN103536,Grocery,Staples,Central,Winter,467.99,510.97,15,10.0,7664.55,7019.85,644.7,8.41
TXN103537,Home & Kitchen,Furniture,South,Summer,443.0,532.72,8,,4261.76,3544.0,717.76,16.84
TXN103538,Home & Kitchen,Appliances,West,Spring,365.59,438.83,8,45.0,3510.64,2924.72,585.92,16.69
TXN103539,Apparel,Men's Wear,East,Monsoon,369.96,461.53,6,66.0,2769.18,2219.76,549.42,19.84
TXN103540,Home & Kitchen,Furniture,South,Festive,334.82,381.96,3,87.0,1145.88,1004.46,141.42,12.34
TXN103541,Home & Kitchen,Decor,Central,Summer,422.78,450.2,5,88.0,2251.0,2113.9,137.1,6.09
TXN103542,Electronics,Headphones,South,Summer,2206.44,2386.47,4,66.0,9545.88,8825.76,720.12,7.54
TXN103543,Apparel,Winter Wear,South,Winter,99.49,120.72,8,42.0,965.76,795.92,169.84,17.59
TXN103544,Grocery,Beverages,South,Monsoon,159.23,170.21,15,6.0,2553.15,2388.45,164.7,6.45
TXN103545,Electronics,Accessories,Central,Summer,895.04,846.23,4,57.0,3384.92,3580.16,-195.24,-5.77
TXN103546,Home & Kitchen,Storage,Central,Monsoon,479.08,610.77,9,40.0,5496.93,4311.72,1185.21,21.56
TXN103547,Home & Kitchen,Furniture,Central,Summer,266.75,292.72,9,72.0,2634.48,2400.75,233.73,8.87
TXN103548,Apparel,Kids Wear,North,Winter,368.65,490.02,12,73.0,5880.24,4423.8,1456.44,24.77
TXN103549,Apparel,Footwear,East,Summer,366.39,396.25,7,84.0,2773.75,2564.73,209.02,7.54
TXN103550,Apparel,Winter Wear,South,Summer,329.67,368.26,8,76.0,2946.08,2637.36,308.72,10.48
TXN103551,Grocery,Frozen Foods,North,Monsoon,465.49,446.33,30,14.0,13389.9,13964.7,-574.8,-4.29
TXN103552,Home & Kitchen,Appliances,West,Festive,453.41,467.66,8,88.0,3741.28,3627.28,114.0,3.05
TXN103553,Home & Kitchen,Decor,West,Winter,136.14,151.62,7,72.0,1061.34,952.98,108.36,10.21
TXN103554,Home & Kitchen,Furniture,West,Monsoon,434.67,454.28,8,76.0,3634.24,3477.36,156.88,4.32
TXN103555,Grocery,Staples,West,Spring,315.65,337.92,22,7.0,7434.24,6944.3,489.94,6.59
TXN103556,Grocery,Staples,North,Winter,413.06,396.09,7,15.0,2772.63,2891.42,-118.79,-4.28
TXN103557,Home & Kitchen,Furniture,West,Winter,474.64,509.38,5,86.0,2546.9,2373.2,173.7,6.82
TXN103558,Grocery,Snacks,North,Summer,244.52,254.56,17,13.0,4327.52,4156.84,170.68,3.94
TXN103559,Beauty & Personal Care,Skincare,South,Summer,172.88,216.67,7,26.0,1516.69,1210.16,306.53,20.21
TXN103560,Electronics,Smartphones,East,Monsoon,909.74,1024.12,4,42.0,4096.48,3638.96,457.52,11.17
TXN103561,Electronics,Headphones,North,Winter,413.91,433.04,6,55.0,2598.24,2483.46,114.78,4.42
TXN103562,Beauty & Personal Care,Skincare,South,Winter,390.51,525.33,8,28.0,4202.64,3124.08,1078.56,25.66
TXN103563,Grocery,Beverages,Central,Festive,110.5,112.35,22,14.0,2471.7,2431.0,40.7,1.65
TXN103564,Apparel,Men's Wear,West,Spring,310.62,354.5,5,87.0,1772.5,1553.1,219.4,12.38
TXN103565,Beauty & Personal Care,Fragrances,North,Summer,458.07,588.86,13,20.0,7655.18,5954.91,1700.27,22.21
TXN103566,Beauty & Personal Care,Grooming,East,Spring,487.5,584.6,9,54.0,5261.4,4387.5,873.9,16.61
TXN103567,Electronics,Accessories,Central,Summer,911.38,864.06,10,68.0,8640.6,9113.8,-473.2,-5.48
TXN103568,Apparel,Winter Wear,South,Spring,399.88,515.41,6,86.0,3092.46,2399.28,693.18,22.42
TXN103569,Apparel,Kids Wear,East,Summer,64.69,87.01,7,37.0,609.07,452.83,156.24,25.65
TXN103570,Grocery,Beverages,West,Spring,126.93,138.0,14,10.0,1932.0,1777.02,154.98,8.02
TXN103571,Apparel,Women's Wear,West,Monsoon,36.83,44.36,3,47.0,133.08,110.49,22.59,16.97
TXN103572,Electronics,Laptops,Central,Winter,1991.81,2170.34,8,52.0,17362.72,15934.48,1428.24,8.23
TXN103573,Home & Kitchen,Furniture,West,Summer,64.13,77.85,2,72.0,155.7,128.26,27.44,17.62
TXN103574,Electronics,Laptops,East,Festive,543.84,517.97,4,68.0,2071.88,2175.36,-103.48,-4.99
TXN103575,Apparel,Men's Wear,East,Winter,460.14,545.65,10,38.0,5456.5,4601.4,855.1,15.67
TXN103576,Home & Kitchen,Storage,South,Summer,326.5,348.88,5,96.0,1744.4,1632.5,111.9,6.41
TXN103577,Apparel,Kids Wear,South,Winter,88.12,116.12,7,85.0,812.84,616.84,196.0,24.11
TXN103578,Apparel,Footwear,Central,Winter,326.71,391.75,6,59.0,2350.5,1960.26,390.24,16.6
TXN103579,Home & Kitchen,Decor,East,Spring,10.7,11.69,7,75.0,81.83,74.9,6.93,8.47
TXN103580,Electronics,Smartphones,South,Spring,401.42,444.93,5,37.0,2224.65,2007.1,217.55,9.78
TXN103581,Grocery,Snacks,East,Winter,215.8,236.87,18,6.0,4263.66,3884.4,379.26,8.9
TXN103582,Grocery,Frozen Foods,North,Spring,119.73,123.04,15,19.0,1845.6,1795.95,49.65,2.69
TXN103583,Apparel,Men's Wear,East,Spring,465.62,597.44,4,50.0,2389.76,1862.48,527.28,22.06
TXN103584,Electronics,Headphones,North,Summer,1521.95,1670.75,8,37.0,13366.0,12175.6,1190.4,8.91
TXN103585,Apparel,Winter Wear,East,Summer,403.78,497.77,9,95.0,4479.93,3634.02,845.91,18.88
TXN103586,Grocery,Staples,Central,Festive,208.93,212.68,12,18.0,2552.16,2507.16,45.0,1.76
TXN103587,Electronics,Smartphones,South,Festive,1165.53,1241.17,5,49.0,6205.85,5827.65,378.2,6.09
TXN103588,Home & Kitchen,Decor,Central,Summer,496.82,574.41,2,90.0,1148.82,993.64,155.18,13.51
TXN103589,Electronics,Headphones,East,Winter,998.11,993.78,6,59.0,5962.68,5988.66,-25.98,-0.44
TXN103590,Grocery,Frozen Foods,North,Festive,383.16,409.66,20,11.0,8193.2,7663.2,530.0,6.47
TXN103591,Beauty & Personal Care,Fragrances,Central,Festive,390.24,467.38,10,48.0,4673.8,3902.4,771.4,16.5
TXN103592,Grocery,Snacks,South,Summer,207.91,227.03,16,6.0,3632.48,3326.56,305.92,8.42
TXN103593,Grocery,Frozen Foods,North,Summer,218.46,215.41,16,18.0,3446.56,3495.36,-48.8,-1.42
TXN103594,Electronics,Smartphones,West,Spring,1365.78,1337.71,9,69.0,12039.39,12292.02,-252.63,-2.1
TXN103595,Grocery,Staples,West,Summer,12.73,11.86,19,13.0,225.34,241.87,-16.53,-7.34
TXN103596,Grocery,Dairy,East,Summer,460.11,478.59,20,17.0,9571.8,9202.2,369.6,3.86
TXN103597,Apparel,Kids Wear,West,Winter,313.27,392.56,10,59.0,3925.6,3132.7,792.9,20.2
TXN103598,Electronics,Accessories,Central,Winter,1167.07,1308.74,6,45.0,7852.44,7002.42,850.02,10.82
TXN103599,Electronics,Smartphones,Central,Monsoon,477.53,508.66,6,25.0,3051.96,2865.18,186.78,6.12
TXN103600,Grocery,Staples,South,Summer,65.48,61.09,19,19.0,1160.71,1244.12,-83.41,-7.19
TXN103601,Home & Kitchen,Decor,North,Winter,458.23,534.57,5,45.0,2672.85,2291.15,381.7,14.28
TXN103602,Home & Kitchen,Cookware,East,Winter,278.58,324.09,8,90.0,2592.72,2228.64,364.08,14.04
TXN103603,Home & Kitchen,Appliances,Central,Winter,260.45,322.46,6,58.0,1934.76,1562.7,372.06,19.23
TXN103604,Apparel,Kids Wear,Central,Spring,284.85,379.3,9,93.0,3413.7,2563.65,850.05,24.9
TXN103605,Beauty & Personal Care,Skincare,Central,Festive,345.32,479.83,7,39.0,3358.81,2417.24,941.57,28.03
TXN103606,Grocery,Dairy,Central,Winter,355.94,379.88,17,6.0,6457.96,6050.98,406.98,6.3
TXN103607,Beauty & Personal Care,Grooming,Central,Festive,399.27,517.17,8,25.0,4137.36,3194.16,943.2,22.8
TXN103608,Apparel,Men's Wear,West,Spring,183.11,195.54,5,82.0,977.7,915.55,62.15,6.36
TXN103609,Grocery,Frozen Foods,South,Winter,447.55,471.88,22,17.0,10381.36,9846.1,535.26,5.16
TXN103610,Beauty & Personal Care,Haircare,Central,Winter,317.77,363.7,8,58.0,2909.6,2542.16,367.44,12.63
TXN103611,Apparel,Winter Wear,South,Summer,399.92,458.4,3,103.0,1375.2,1199.76,175.44,12.76
TXN103612,Beauty & Personal Care,Makeup,South,Spring,91.87,113.85,9,44.0,1024.65,826.83,197.82,19.31
TXN103613,Electronics,Accessories,Central,Summer,2927.54,2922.77,7,53.0,20459.39,20492.78,-33.39,-0.16
TXN103614,Beauty & Personal Care,Fragrances,East,Spring,170.53,226.35,13,31.0,2942.55,2216.89,725.66,24.66
TXN103615,Grocery,Staples,,Summer,256.8,275.68,14,,3859.52,3595.2,264.32,6.85
TXN103616,Apparel,Kids Wear,South,Festive,327.12,410.29,3,105.0,1230.87,981.36,249.51,20.27
TXN103617,Grocery,Dairy,East,Festive,96.11,100.01,13,10.0,1300.13,1249.43,50.7,3.9
TXN103618,Electronics,Laptops,East,Summer,1221.22,1369.75,10,33.0,13697.5,12212.2,1485.3,10.84
TXN103619,Apparel,Men's Wear,West,Winter,342.76,443.18,7,36.0,3102.26,2399.32,702.94,22.66
TXN103620,Home & Kitchen,Appliances,Central,Winter,323.2,388.62,7,52.0,2720.34,2262.4,457.94,16.83
TXN103621,Beauty & Personal Care,Grooming,West,Spring,189.05,232.54,5,24.0,1162.7,945.25,217.45,18.7
TXN103622,Electronics,Accessories,South,Festive,76.09,81.47,8,27.0,651.76,608.72,43.04,6.6
TXN103623,Grocery,Snacks,South,Summer,179.51,193.73,21,3.0,4068.33,3769.71,298.62,7.34
TXN103624,Grocery,Staples,East,Monsoon,243.25,259.83,14,8.0,3637.62,3405.5,232.12,6.38
TXN103625,Home & Kitchen,Appliances,Central,Monsoon,18.69,23.15,6,44.0,138.9,112.14,26.76,19.27
TXN103626,Electronics,Headphones,North,Monsoon,1770.1,2012.72,11,44.0,22139.92,19471.1,2668.82,12.05
TXN103627,Apparel,Women's Wear,East,Spring,363.27,449.3,14,52.0,6290.2,5085.78,1204.42,19.15
TXN103628,Electronics,Cameras,West,Festive,852.95,907.19,6,30.0,5443.14,5117.7,325.44,5.98
TXN103629,Grocery,Dairy,East,Festive,117.47,125.09,13,8.0,1626.17,1527.11,99.06,6.09
TXN103630,Home & Kitchen,Appliances,Central,Monsoon,341.71,430.99,2,40.0,861.98,683.42,178.56,20.72
TXN103631,Electronics,Laptops,West,Winter,967.23,1093.52,4,47.0,4374.08,3868.92,505.16,11.55
TXN103632,Grocery,Dairy,West,Summer,416.85,445.04,17,8.0,7565.68,7086.45,479.23,6.33
TXN103633,Beauty & Personal Care,Grooming,South,Spring,54.14,64.15,9,58.0,577.35,487.26,90.09,15.6
TXN103634,Home & Kitchen,Appliances,South,Summer,214.18,255.89,4,48.0,1023.56,856.72,166.84,16.3
TXN103635,Beauty & Personal Care,Grooming,East,Festive,241.95,277.52,7,52.0,1942.64,1693.65,248.99,12.82
TXN103636,Beauty & Personal Care,Skincare,North,Winter,265.71,316.62,6,53.0,1899.72,1594.26,305.46,16.08
TXN103637,Apparel,Kids Wear,East,Summer,232.7,259.55,6,106.0,1557.3,1396.2,161.1,10.34
TXN103638,Electronics,Headphones,South,Winter,2768.08,2981.34,9,25.0,26832.06,24912.72,1919.34,7.15
TXN103639,Apparel,Kids Wear,South,Summer,219.25,275.69,9,63.0,2481.21,1973.25,507.96,20.47
TXN103640,Electronics,Laptops,East,Festive,82.95,80.5,9,55.0,724.5,746.55,-22.05,-3.04
TXN103641,Apparel,Footwear,East,Monsoon,216.02,275.68,10,105.0,2756.8,2160.2,596.6,21.64
TXN103642,Home & Kitchen,Decor,West,Monsoon,80.1,93.95,5,95.0,469.75,400.5,69.25,14.74
TXN103643,Home & Kitchen,Appliances,East,Summer,191.97,200.67,1,89.0,200.67,191.97,8.7,4.34
TXN103644,Grocery,Snacks,West,Winter,199.16,216.81,10,10.0,2168.1,1991.6,176.5,8.14
TXN103645,Grocery,Dairy,South,Spring,11.21,11.9,25,18.0,297.5,280.25,17.25,5.8
TXN103646,Grocery,Staples,South,Winter,108.46,112.97,11,8.0,1242.67,1193.06,49.61,3.99
TXN103647,Beauty & Personal Care,Skincare,West,Spring,119.3,146.76,5,23.0,733.8,596.5,137.3,18.71
TXN103648,Electronics,Accessories,North,Festive,2614.66,2497.7,11,56.0,27474.7,28761.26,-1286.56,-4.68
TXN103649,Beauty & Personal Care,Fragrances,South,Summer,123.39,155.76,9,45.0,1401.84,1110.51,291.33,20.78
TXN103650,Grocery,Dairy,North,Monsoon,302.77,315.81,14,8.0,4421.34,4238.78,182.56,4.13
TXN103651,Grocery,Dairy,Central,Festive,89.95,96.61,19,5.0,1835.59,1709.05,126.54,6.89
TXN103652,Grocery,Staples,East,Monsoon,387.36,405.16,24,12.0,9723.84,9296.64,427.2,4.39
TXN103653,Electronics,Accessories,Central,Festive,1960.38,2114.2,7,47.0,14799.4,13722.66,1076.74,7.28
TXN103654,Home & Kitchen,Decor,North,Festive,448.62,540.57,3,50.0,1621.71,1345.86,275.85,17.01
TXN103655,Apparel,Women's Wear,North,Winter,255.45,308.48,11,,3393.28,2809.95,583.33,17.19
TXN103656,Apparel,Kids Wear,South,Spring,337.81,431.25,11,40.0,4743.75,3715.91,1027.84,21.67
TXN103657,Grocery,Snacks,East,Festive,191.34,190.36,17,18.0,3236.12,3252.78,-16.66,-0.51
TXN103658,Apparel,Winter Wear,East,Festive,460.67,491.67,6,93.0,2950.02,2764.02,186.0,6.31
TXN103659,Electronics,Headphones,North,Summer,509.78,565.03,8,38.0,4520.24,4078.24,442.0,9.78
TXN103660,Electronics,Smartphones,West,Winter,2305.82,2550.52,6,25.0,15303.12,13834.92,1468.2,9.59
TXN103661,Home & Kitchen,Furniture,Central,Festive,405.16,475.75,5,94.0,2378.75,2025.8,352.95,14.84
TXN103662,Beauty & Personal Care,Makeup,North,Spring,447.93,521.95,9,47.0,4697.55,4031.37,666.18,14.18
TXN103663,Apparel,Winter Wear,Central,Summer,16.11,19.89,8,71.0,159.12,128.88,30.24,19.0
TXN103664,Apparel,Women's Wear,West,Festive,130.37,175.19,7,56.0,1226.33,912.59,313.74,25.58
TXN103665,Apparel,Men's Wear,South,Festive,410.64,484.82,7,77.0,3393.74,2874.48,519.26,15.3
TXN103666,Apparel,Men's Wear,North,Festive,313.33,408.24,11,56.0,4490.64,3446.63,1044.01,23.25
TXN103667,Apparel,Women's Wear,,Spring,14.48,18.54,8,61.0,148.32,115.84,32.48,21.9
TXN103668,Home & Kitchen,Storage,East,Summer,360.98,429.0,5,54.0,2145.0,1804.9,340.1,15.86
TXN103669,Grocery,Staples,North,Summer,32.74,34.42,16,6.0,550.72,523.84,26.88,4.88
TXN103670,Grocery,Snacks,West,Summer,183.95,166.7,19,13.0,3167.3,3495.05,-327.75,-10.35
TXN103671,Electronics,Cameras,East,Winter,2686.24,2796.69,6,67.0,16780.14,16117.44,662.7,3.95
TXN103672,Grocery,Snacks,North,Festive,104.55,110.66,14,17.0,1549.24,1463.7,85.54,5.52
TXN103673,Beauty & Personal Care,Haircare,North,Winter,106.51,137.32,5,38.0,686.6,532.55,154.05,22.44
TXN103674,Apparel,Men's Wear,South,Festive,399.67,491.18,7,39.0,3438.26,2797.69,640.57,18.63
TXN103675,Grocery,Frozen Foods,East,Spring,221.81,243.53,12,4.0,2922.36,2661.72,260.64,8.92
TXN103676,Beauty & Personal Care,Grooming,South,Festive,388.52,527.47,8,56.0,4219.76,3108.16,1111.6,26.34
TXN103677,Apparel,Kids Wear,North,Spring,425.58,438.83,5,103.0,2194.15,2127.9,66.25,3.02
TXN103678,Apparel,Women's Wear,North,Winter,148.93,181.81,5,94.0,909.05,744.65,164.4,18.08
TXN103679,Home & Kitchen,Appliances,East,Summer,190.76,227.86,15,64.0,3417.9,2861.4,556.5,16.28
TXN103680,Beauty & Personal Care,Grooming,North,Festive,176.39,220.47,5,20.0,1102.35,881.95,220.4,19.99
TXN103681,Beauty & Personal Care,Makeup,West,Monsoon,473.56,615.06,11,39.0,6765.66,5209.16,1556.5,23.01
TXN103682,Electronics,Accessories,West,Winter,1005.7,1140.41,8,25.0,9123.28,8045.6,1077.68,11.81
TXN103683,Home & Kitchen,Decor,East,Monsoon,282.02,343.87,6,41.0,2063.22,1692.12,371.1,17.99
TXN103684,Electronics,Smartphones,Central,Spring,393.13,420.65,3,28.0,1261.95,1179.39,82.56,6.54
TXN103685,Beauty & Personal Care,Haircare,North,Monsoon,334.15,424.23,8,33.0,3393.84,2673.2,720.64,21.23
TXN103686,Apparel,Footwear,South,Festive,128.19,136.85,4,106.0,547.4,512.76,34.64,6.33
TXN103687,Electronics,Laptops,West,Festive,297.11,298.15,7,54.0,2087.05,2079.77,7.28,0.35
TXN103688,Electronics,Headphones,West,Festive,489.65,530.65,6,37.0,3183.9,2937.9,246.0,7.73
TXN103689,Home & Kitchen,Cookware,Central,Winter,256.85,312.97,7,42.0,2190.79,1797.95,392.84,17.93
TXN103690,Home & Kitchen,Decor,Central,Monsoon,302.07,375.15,11,41.0,4126.65,3322.77,803.88,19.48
TXN103691,Grocery,Staples,East,Monsoon,47.65,43.55,19,15.0,827.45,905.35,-77.9,-9.41
TXN103692,Electronics,Cameras,South,Winter,2143.54,2309.41,9,65.0,20784.69,19291.86,1492.83,7.18
TXN103693,Grocery,Beverages,Central,Summer,493.73,473.48,16,16.0,7575.68,7899.68,-324.0,-4.28
TXN103694,Electronics,Accessories,Central,Monsoon,1783.44,1750.91,3,49.0,5252.73,5350.32,-97.59,-1.86
TXN103695,Home & Kitchen,Decor,Central,Monsoon,67.67,69.55,11,81.0,765.05,744.37,20.68,2.7
TXN103696,Electronics,Accessories,West,Spring,277.24,271.47,5,55.0,1357.35,1386.2,-28.85,-2.13
TXN103697,Apparel,Women's Wear,South,Winter,206.7,218.69,8,116.0,1749.52,1653.6,95.92,5.48
TXN103698,Electronics,Laptops,South,Festive,2565.81,2800.85,6,42.0,16805.1,15394.86,1410.24,8.39
TXN103699,Electronics,Laptops,North,Summer,2526.99,2616.7,5,65.0,13083.5,12634.95,448.55,3.43
TXN103700,Electronics,Laptops,West,Spring,2522.81,2447.56,9,63.0,22028.04,22705.29,-677.25,-3.07
TXN103701,Grocery,Frozen Foods,Central,Monsoon,199.03,203.47,13,12.0,2645.11,2587.39,57.72,2.18
TXN103702,Grocery,Staples,South,Summer,331.23,354.08,21,7.0,7435.68,6955.83,479.85,6.45
TXN103703,Apparel,Footwear,North,Festive,196.71,254.14,8,101.0,2033.12,1573.68,459.44,22.6
TXN103704,Home & Kitchen,Appliances,South,Monsoon,499.7,615.48,9,77.0,5539.32,4497.3,1042.02,18.81
TXN103705,Grocery,Staples,North,Winter,372.12,347.82,15,13.0,5217.3,5581.8,-364.5,-6.99
TXN103706,Grocery,Snacks,Central,Summer,306.58,329.54,11,10.0,3624.94,3372.38,252.56,6.97
TXN103707,Beauty & Personal Care,Grooming,Central,Monsoon,292.8,389.28,3,51.0,1167.84,878.4,289.44,24.78
TXN103708,Apparel,Winter Wear,East,Festive,364.89,446.13,4,,1784.52,1459.56,324.96,18.21
TXN103709,Electronics,Accessories,Central,Spring,1567.78,1712.86,4,30.0,6851.44,6271.12,580.32,8.47
TXN103710,Home & Kitchen,Cookware,East,Spring,498.6,578.97,16,45.0,9263.52,7977.6,1285.92,13.88
TXN103711,Electronics,Accessories,North,Festive,2392.5,2325.86,10,55.0,23258.6,23925.0,-666.4,-2.87
TXN103712,Grocery,Staples,North,Monsoon,326.79,358.44,14,5.0,5018.16,4575.06,443.1,8.83
TXN103713,Grocery,Staples,Central,Monsoon,180.67,190.6,12,16.0,2287.2,2168.04,119.16,5.21
TXN103714,Apparel,Winter Wear,Central,Winter,389.8,506.21,5,34.0,2531.05,1949.0,582.05,23.0
TXN103715,Electronics,Cameras,Central,Winter,2008.49,2279.4,10,26.0,22794.0,20084.9,2709.1,11.89
TXN103716,Electronics,Smartphones,Central,Monsoon,2284.39,2524.01,6,47.0,15144.06,13706.34,1437.72,9.49
TXN103717,Electronics,Headphones,West,Summer,2900.71,3061.93,6,53.0,18371.58,17404.26,967.32,5.27
TXN103718,Beauty & Personal Care,Grooming,South,Summer,41.89,48.5,5,44.0,242.5,209.45,33.05,13.63
TXN103719,Grocery,Frozen Foods,North,Monsoon,27.08,28.23,12,11.0,338.76,324.96,13.8,4.07
TXN103720,Home & Kitchen,Cookware,North,Monsoon,144.05,173.15,5,68.0,865.75,720.25,145.5,16.81
TXN103721,Home & Kitchen,Cookware,South,Monsoon,64.78,79.79,10,40.0,797.9,647.8,150.1,18.81
TXN103722,Home & Kitchen,Storage,North,Monsoon,335.83,396.37,6,61.0,2378.22,2014.98,363.24,15.27
TXN103723,Grocery,Snacks,South,Summer,299.78,329.5,15,4.0,4942.5,4496.7,445.8,9.02
TXN103724,Electronics,Cameras,West,Monsoon,2529.41,2822.72,9,44.0,25404.48,22764.69,2639.79,10.39
TXN103725,Electronics,Smartphones,Central,Monsoon,811.69,896.19,8,34.0,7169.52,6493.52,676.0,9.43
TXN103726,Beauty & Personal Care,Grooming,West,Monsoon,172.79,226.63,9,20.0,2039.67,1555.11,484.56,23.76
TXN103727,Home & Kitchen,Cookware,North,Monsoon,122.46,135.23,8,89.0,1081.84,979.68,102.16,9.44
TXN103728,Beauty & Personal Care,Makeup,East,Spring,371.07,448.04,7,55.0,3136.28,2597.49,538.79,17.18
TXN103729,Grocery,Dairy,North,Winter,172.44,156.57,15,16.0,2348.55,2586.6,-238.05,-10.14
TXN103730,Apparel,Footwear,North,Summer,225.64,240.06,11,102.0,2640.66,2482.04,158.62,6.01
TXN103731,Home & Kitchen,Storage,South,Spring,28.25,32.99,6,53.0,197.94,169.5,28.44,14.37
TXN103732,Beauty & Personal Care,Grooming,East,Spring,461.49,564.52,7,25.0,3951.64,3230.43,721.21,18.25
TXN103733,Apparel,Footwear,East,Winter,23.3,30.9,5,59.0,154.5,116.5,38.0,24.6
TXN103734,Apparel,Women's Wear,Central,Summer,228.92,248.41,11,103.0,2732.51,2518.12,214.39,7.85
TXN103735,Electronics,Headphones,Central,Winter,1750.77,1899.6,4,37.0,7598.4,7003.08,595.32,7.83
TXN103736,Grocery,Frozen Foods,North,Summer,31.96,35.09,18,9.0,631.62,575.28,56.34,8.92
TXN103737,Home & Kitchen,Storage,West,Winter,244.13,299.57,9,43.0,2696.13,2197.17,498.96,18.51
TXN103738,Home & Kitchen,Appliances,East,Monsoon,479.48,575.8,5,75.0,2879.0,2397.4,481.6,16.73
TXN103739,Grocery,Staples,Central,Spring,174.34,179.27,12,19.0,2151.24,2092.08,59.16,2.75
TXN103740,Electronics,Laptops,East,Spring,1776.17,2020.29,5,28.0,10101.45,8880.85,1220.6,12.08
TXN103741,Grocery,Dairy,South,Monsoon,292.89,279.15,11,17.0,3070.65,3221.79,-151.14,-4.92
TXN103742,Grocery,Dairy,West,Summer,403.74,420.67,19,5.0,7992.73,7671.06,321.67,4.02
TXN103743,Grocery,Frozen Foods,North,Monsoon,250.36,255.55,12,19.0,3066.6,3004.32,62.28,2.03
TXN103744,Home & Kitchen,Appliances,South,Spring,157.26,191.4,7,57.0,1339.8,1100.82,238.98,17.84
TXN103745,Beauty & Personal Care,Grooming,South,Summer,288.32,389.78,7,50.0,2728.46,2018.24,710.22,26.03
TXN103746,Home & Kitchen,Appliances,South,Monsoon,243.5,288.17,8,68.0,2305.36,1948.0,357.36,15.5
TXN103747,Home & Kitchen,Storage,East,Summer,200.45,208.67,3,95.0,626.01,601.35,24.66,3.94
TXN103748,Home & Kitchen,Appliances,Central,Monsoon,69.02,84.42,12,68.0,1013.04,828.24,184.8,18.24
TXN103749,Grocery,Beverages,North,Summer,127.5,127.18,13,16.0,1653.34,1657.5,-4.16,-0.25
TXN103750,Apparel,Winter Wear,North,Festive,255.1,330.93,5,70.0,1654.65,1275.5,379.15,22.91
TXN103751,Apparel,Winter Wear,North,Monsoon,151.66,197.14,5,37.0,985.7,758.3,227.4,23.07
TXN103752,Grocery,Beverages,West,Festive,449.58,491.7,13,7.0,6392.1,5844.54,547.56,8.57
TXN103753,Beauty & Personal Care,Haircare,South,Spring,75.12,100.81,10,37.0,1008.1,751.2,256.9,25.48
TXN103754,Apparel,Footwear,East,Spring,166.13,202.26,11,90.0,2224.86,1827.43,397.43,17.86
TXN103755,Grocery,Snacks,West,Festive,49.84,54.34,15,6.0,815.1,747.6,67.5,8.28
TXN103756,Electronics,Headphones,West,Festive,1744.54,1825.96,7,35.0,12781.72,12211.78,569.94,4.46
TXN103757,Beauty & Personal Care,Grooming,North,Summer,384.64,534.16,7,26.0,3739.12,2692.48,1046.64,27.99
TXN103758,Home & Kitchen,Storage,South,Monsoon,131.54,157.58,4,50.0,630.32,526.16,104.16,16.52
TXN103759,Apparel,Footwear,West,Winter,122.6,152.64,5,74.0,763.2,613.0,150.2,19.68
TXN103760,Electronics,Accessories,East,Spring,2442.88,2585.49,11,56.0,28440.39,26871.68,1568.71,5.52
TXN103761,Apparel,Women's Wear,East,Monsoon,141.0,149.84,7,,1048.88,987.0,61.88,5.9
TXN103762,Apparel,Footwear,North,Festive,50.93,66.37,4,75.0,265.48,203.72,61.76,23.26
TXN103763,Grocery,Dairy,South,Festive,298.72,280.85,13,17.0,3651.05,3883.36,-232.31,-6.36
TXN103764,Apparel,Winter Wear,West,Festive,414.86,492.11,11,99.0,5413.21,4563.46,849.75,15.7
TXN103765,Apparel,Kids Wear,West,Festive,477.13,509.83,5,109.0,2549.15,2385.65,163.5,6.41
TXN103766,Apparel,Women's Wear,North,Winter,464.07,580.05,11,53.0,6380.55,5104.77,1275.78,19.99
TXN103767,Beauty & Personal Care,Skincare,East,Spring,416.61,458.92,15,55.0,6883.8,6249.15,634.65,9.22
TXN103768,Electronics,Accessories,West,Winter,1480.16,1663.27,8,42.0,13306.16,11841.28,1464.88,11.01
TXN103769,Apparel,Men's Wear,West,Spring,443.77,518.79,7,103.0,3631.53,3106.39,525.14,14.46
TXN103770,Beauty & Personal Care,Fragrances,East,Monsoon,379.3,472.64,4,56.0,1890.56,1517.2,373.36,19.75
TXN103771,Grocery,Dairy,Central,Winter,214.54,209.75,13,14.0,2726.75,2789.02,-62.27,-2.28
TXN103772,Electronics,Smartphones,East,Summer,1946.52,1923.3,5,64.0,9616.5,9732.6,-116.1,-1.21
TXN103773,Apparel,Men's Wear,South,Spring,161.61,197.93,9,92.0,1781.37,1454.49,326.88,18.35
TXN103774,Home & Kitchen,Appliances,Central,Monsoon,376.34,384.55,5,99.0,1922.75,1881.7,41.05,2.13
TXN103775,Home & Kitchen,Furniture,East,Winter,350.74,419.79,4,70.0,1679.16,1402.96,276.2,16.45
TXN103776,Apparel,Footwear,North,Summer,95.44,126.49,8,33.0,1011.92,763.52,248.4,24.55
TXN103777,Grocery,Frozen Foods,South,Monsoon,491.14,525.03,24,10.0,12600.72,11787.36,813.36,6.45
TXN103778,Home & Kitchen,Decor,West,Festive,144.24,173.06,6,51.0,1038.36,865.44,172.92,16.65
TXN103779,Apparel,Men's Wear,East,Spring,42.92,47.31,7,84.0,331.17,300.44,30.73,9.28
TXN103780,Beauty & Personal Care,Grooming,West,Winter,461.48,610.92,6,58.0,3665.52,2768.88,896.64,24.46
TXN103781,Home & Kitchen,Appliances,Central,Festive,483.08,543.4,7,82.0,3803.8,3381.56,422.24,11.1
TXN103782,Beauty & Personal Care,Haircare,Central,Monsoon,239.75,328.49,9,35.0,2956.41,2157.75,798.66,27.01
TXN103783,Electronics,Smartphones,East,Festive,2589.85,2569.16,5,56.0,12845.8,12949.25,-103.45,-0.81
TXN103784,Apparel,Women's Wear,West,Spring,417.22,515.89,4,67.0,2063.56,1668.88,394.68,19.13
TXN103785,Apparel,Winter Wear,Central,Spring,458.34,606.62,8,37.0,4852.96,3666.72,1186.24,24.44
TXN103786,Electronics,Accessories,East,Monsoon,2136.39,2336.58,7,68.0,16356.06,14954.73,1401.33,8.57
TXN103787,Beauty & Personal Care,Makeup,West,Summer,165.87,208.85,8,44.0,1670.8,1326.96,343.84,20.58
TXN103788,Electronics,Headphones,North,Winter,1235.46,1279.73,6,58.0,7678.38,7412.76,265.62,3.46
TXN103789,Beauty & Personal Care,Haircare,West,Winter,22.68,27.7,4,36.0,110.8,90.72,20.08,18.12
TXN103790,Electronics,Smartphones,South,Festive,728.45,756.8,13,45.0,9838.4,9469.85,368.55,3.75
TXN103791,Apparel,Footwear,South,Monsoon,386.49,480.2,6,93.0,2881.2,2318.94,562.26,19.51
TXN103792,Grocery,Snacks,South,Winter,32.47,34.21,17,11.0,581.57,551.99,29.58,5.09
TXN103793,Electronics,Smartphones,East,Monsoon,586.54,636.85,8,44.0,5094.8,4692.32,402.48,7.9
TXN103794,Electronics,Accessories,West,Spring,893.82,983.54,8,25.0,7868.32,7150.56,717.76,9.12
TXN103795,Electronics,Laptops,West,Festive,2705.51,2944.59,8,38.0,23556.72,21644.08,1912.64,8.12
TXN103796,Grocery,Frozen Foods,North,Festive,257.14,250.07,18,14.0,4501.26,4628.52,-127.26,-2.83
TXN103797,Beauty & Personal Care,Makeup,West,Summer,190.86,213.65,9,45.0,1922.85,1717.74,205.11,10.67
TXN103798,Apparel,Footwear,South,Spring,222.37,283.75,7,31.0,1986.25,1556.59,429.66,21.63
TXN103799,Grocery,Dairy,East,Monsoon,80.88,78.04,20,16.0,1560.8,1617.6,-56.8,-3.64
TXN103800,Beauty & Personal Care,Haircare,Central,Summer,373.08,488.4,4,32.0,1953.6,1492.32,461.28,23.61
TXN103801,Apparel,Footwear,Central,Festive,157.53,201.19,8,31.0,1609.52,1260.24,349.28,21.7
TXN103802,Electronics,Laptops,East,Spring,524.45,531.14,8,54.0,4249.12,4195.6,53.52,1.26
TXN103803,Beauty & Personal Care,Fragrances,West,Monsoon,86.93,106.06,12,45.0,1272.72,1043.16,229.56,18.04
TXN103804,Home & Kitchen,Storage,South,Monsoon,274.4,339.52,4,72.0,1358.08,1097.6,260.48,19.18
TXN103805,Apparel,Footwear,North,Winter,230.61,286.11,10,109.0,2861.1,2306.1,555.0,19.4
TXN103806,Grocery,Staples,West,Spring,168.38,176.92,14,3.0,2476.88,2357.32,119.56,4.83
TXN103807,Grocery,Dairy,North,Spring,12.85,12.92,13,18.0,167.96,167.05,0.91,0.54
TXN103808,Apparel,Kids Wear,North,Winter,436.82,533.42,7,38.0,3733.94,3057.74,676.2,18.11
TXN103809,Grocery,Snacks,North,Monsoon,70.44,73.05,20,14.0,1461.0,1408.8,52.2,3.57
TXN103810,Home & Kitchen,Furniture,West,Monsoon,438.54,536.56,7,85.0,3755.92,3069.78,686.14,18.27
TXN103811,Home & Kitchen,Storage,South,Monsoon,239.53,269.7,6,95.0,1618.2,1437.18,181.02,11.19
TXN103812,Grocery,Frozen Foods,Central,Monsoon,78.44,84.07,18,17.0,1513.26,1411.92,101.34,6.7
TXN103813,Apparel,Kids Wear,North,Spring,205.25,272.92,5,32.0,1364.6,1026.25,338.35,24.79
TXN103814,Apparel,Footwear,,Spring,296.94,365.44,6,39.0,2192.64,1781.64,411.0,18.74
TXN103815,Electronics,Headphones,West,Festive,1528.25,1649.67,8,33.0,13197.36,12226.0,971.36,7.36
TXN103816,Grocery,Dairy,Central,Winter,237.78,229.96,18,17.0,4139.28,4280.04,-140.76,-3.4
TXN103817,Electronics,Laptops,North,Winter,1459.82,1600.04,7,27.0,11200.28,10218.74,981.54,8.76
TXN103818,Electronics,Cameras,East,Monsoon,479.85,518.77,5,,2593.85,2399.25,194.6,7.5
TXN103819,Home & Kitchen,Furniture,West,Festive,436.93,429.31,5,77.0,2146.55,2184.65,-38.1,-1.77
TXN103820,Electronics,Headphones,West,Monsoon,2535.68,2771.35,7,39.0,19399.45,17749.76,1649.69,8.5
TXN103821,Grocery,Frozen Foods,West,Festive,115.0,121.99,15,9.0,1829.85,1725.0,104.85,5.73
TXN103822,Home & Kitchen,Furniture,West,Summer,223.82,247.2,6,90.0,1483.2,1342.92,140.28,9.46
TXN103823,Beauty & Personal Care,Skincare,South,Spring,120.64,146.35,6,42.0,878.1,723.84,154.26,17.57
TXN103824,Grocery,Beverages,East,Festive,483.63,512.61,12,6.0,6151.32,5803.56,347.76,5.65
TXN103825,Grocery,Frozen Foods,Central,Festive,236.23,245.87,23,10.0,5655.01,5433.29,221.72,3.92
TXN103826,Apparel,Footwear,East,Festive,264.47,315.05,6,94.0,1890.3,1586.82,303.48,16.05
TXN103827,Grocery,Snacks,Central,Monsoon,225.47,223.3,14,15.0,3126.2,3156.58,-30.38,-0.97
TXN103828,Grocery,Snacks,East,Monsoon,95.06,91.73,14,19.0,1284.22,1330.84,-46.62,-3.63
TXN103829,Apparel,Kids Wear,North,Winter,362.72,406.56,8,115.0,3252.48,2901.76,350.72,10.78
TXN103830,Electronics,Cameras,North,Summer,2537.14,2797.32,4,45.0,11189.28,10148.56,1040.72,9.3
TXN103831,Home & Kitchen,Furniture,East,Winter,434.24,534.45,7,59.0,3741.15,3039.68,701.47,18.75
TXN103832,Apparel,Men's Wear,South,Festive,20.17,26.05,7,,182.35,141.19,41.16,22.57
TXN103833,Electronics,Accessories,North,Winter,134.78,127.06,5,52.0,635.3,673.9,-38.6,-6.08
TXN103834,Electronics,Smartphones,Central,Monsoon,396.11,378.31,7,51.0,2648.17,2772.77,-124.6,-4.71
TXN103835,Apparel,Kids Wear,North,Festive,34.23,37.79,8,98.0,302.32,273.84,28.48,9.42
TXN103836,Electronics,Headphones,South,Festive,1806.47,1716.88,12,53.0,20602.56,21677.64,-1075.08,-5.22
TXN103837,Apparel,Winter Wear,South,Festive,456.72,597.28,10,74.0,5972.8,4567.2,1405.6,23.53
TXN103838,Electronics,Smartphones,West,Festive,1308.66,1407.95,5,29.0,7039.75,6543.3,496.45,7.05
TXN103839,Home & Kitchen,Appliances,Central,Festive,186.03,233.78,7,54.0,1636.46,1302.21,334.25,20.43
TXN103840,Grocery,Dairy,East,Summer,486.7,485.88,15,19.0,7288.2,7300.5,-12.3,-0.17
TXN103841,Apparel,Winter Wear,Central,Winter,466.57,613.3,5,45.0,3066.5,2332.85,733.65,23.92
TXN103842,Apparel,Women's Wear,North,Monsoon,154.05,179.21,7,102.0,1254.47,1078.35,176.12,14.04
TXN103843,Apparel,Footwear,East,Monsoon,385.91,488.16,9,44.0,4393.44,3473.19,920.25,20.95
TXN103844,Electronics,Accessories,North,Winter,2497.27,2455.8,5,53.0,12279.0,12486.35,-207.35,-1.69
TXN103845,Beauty & Personal Care,Skincare,Central,Winter,367.99,489.41,9,30.0,4404.69,3311.91,1092.78,24.81
TXN103846,Grocery,Beverages,East,Summer,410.57,447.5,15,4.0,6712.5,6158.55,553.95,8.25
TXN103847,Apparel,Women's Wear,South,Spring,56.59,70.55,5,114.0,352.75,282.95,69.8,19.79
TXN103848,Electronics,Accessories,South,Spring,2823.56,3016.75,6,39.0,18100.5,16941.36,1159.14,6.4
TXN103849,Grocery,Snacks,South,Summer,261.84,279.55,16,16.0,4472.8,4189.44,283.36,6.34
TXN103850,Grocery,Staples,Central,Summer,421.88,442.69,13,17.0,5754.97,5484.44,270.53,4.7
TXN103851,Apparel,Footwear,West,Festive,358.62,417.24,9,103.0,3755.16,3227.58,527.58,14.05
TXN103852,Electronics,Laptops,West,Festive,2334.22,2212.17,4,51.0,8848.68,9336.88,-488.2,-5.52
TXN103853,Electronics,Smartphones,West,Spring,1247.46,1402.04,9,25.0,12618.36,11227.14,1391.22,11.03
TXN103854,Grocery,Frozen Foods,South,Spring,161.29,175.04,20,7.0,3500.8,3225.8,275.0,7.86
TXN103855,Electronics,Accessories,East,Winter,2763.16,3088.18,11,47.0,33969.98,30394.76,3575.22,10.52
TXN103856,Apparel,Kids Wear,West,Monsoon,203.41,249.04,12,35.0,2988.48,2440.92,547.56,18.32
TXN103857,Apparel,Footwear,East,Festive,354.23,454.02,3,82.0,1362.06,1062.69,299.37,21.98
TXN103858,Apparel,Winter Wear,Central,Winter,266.28,339.07,5,33.0,1695.35,1331.4,363.95,21.47
TXN103859,Grocery,Beverages,Central,Monsoon,432.72,457.03,15,11.0,6855.45,6490.8,364.65,5.32
TXN103860,Home & Kitchen,Storage,North,Monsoon,184.14,201.18,12,93.0,2414.16,2209.68,204.48,8.47
TXN103861,Apparel,Kids Wear,West,Summer,275.26,309.68,6,119.0,1858.08,1651.56,206.52,11.11
TXN103862,Electronics,Cameras,Central,Monsoon,1123.73,1252.84,7,47.0,8769.88,7866.11,903.77,10.31
TXN103863,Electronics,Cameras,North,Winter,247.91,279.64,7,47.0,1957.48,1735.37,222.11,11.35
TXN103864,Beauty & Personal Care,Haircare,West,Monsoon,166.18,190.63,7,46.0,1334.41,1163.26,171.15,12.83
TXN103865,Beauty & Personal Care,Grooming,Central,Spring,99.64,113.79,9,44.0,1024.11,896.76,127.35,12.44
TXN103866,Beauty & Personal Care,Fragrances,West,Summer,162.02,220.06,9,27.0,1980.54,1458.18,522.36,26.37
TXN103867,Grocery,Beverages,North,Winter,92.76,96.87,16,6.0,1549.92,1484.16,65.76,4.24
TXN103868,Electronics,Cameras,East,Spring,2120.42,2352.92,4,41.0,9411.68,8481.68,930.0,9.88
TXN103869,Home & Kitchen,Appliances,East,Winter,87.63,100.92,9,96.0,908.28,788.67,119.61,13.17
TXN103870,Electronics,Laptops,South,Monsoon,2475.36,2554.18,6,69.0,15325.08,14852.16,472.92,3.09
TXN103871,Home & Kitchen,Cookware,West,Festive,185.83,217.03,7,58.0,1519.21,1300.81,218.4,14.38
TXN103872,Home & Kitchen,Appliances,East,Spring,196.44,233.59,6,59.0,1401.54,1178.64,222.9,15.9
TXN103873,Apparel,Winter Wear,West,Summer,197.9,234.53,6,100.0,1407.18,1187.4,219.78,15.62
TXN103874,Home & Kitchen,Furniture,South,Festive,149.18,177.15,8,87.0,1417.2,1193.44,223.76,15.79
TXN103875,Beauty & Personal Care,Skincare,West,Spring,259.25,319.36,9,25.0,2874.24,2333.25,540.99,18.82
TXN103876,Beauty & Personal Care,Haircare,West,Spring,102.15,129.84,4,24.0,519.36,408.6,110.76,21.33
TXN103877,Grocery,Staples,North,Festive,457.86,474.15,12,16.0,5689.8,5494.32,195.48,3.44
TXN103878,Apparel,Winter Wear,East,Winter,354.25,471.9,11,60.0,5190.9,3896.75,1294.15,24.93
TXN103879,Electronics,Headphones,South,Monsoon,2376.37,2472.91,4,49.0,9891.64,9505.48,386.16,3.9
TXN103880,Home & Kitchen,Cookware,West,Monsoon,291.99,308.39,5,95.0,1541.95,1459.95,82.0,5.32
TXN103881,Electronics,Accessories,North,Spring,2533.6,2835.77,7,30.0,19850.39,17735.2,2115.19,10.66
TXN103882,Grocery,Frozen Foods,West,Festive,214.02,224.85,15,11.0,3372.75,3210.3,162.45,4.82
TXN103883,Apparel,Footwear,West,Summer,143.77,172.3,5,115.0,861.5,718.85,142.65,16.56
TXN103884,Beauty & Personal Care,Makeup,Central,Winter,369.43,420.25,4,48.0,1681.0,1477.72,203.28,12.09
TXN103885,Grocery,Dairy,South,Spring,359.29,389.63,18,6.0,7013.34,6467.22,546.12,7.79
TXN103886,Grocery,Dairy,East,Winter,226.79,217.11,22,17.0,4776.42,4989.38,-212.96,-4.46
TXN103887,Apparel,Women's Wear,Central,Spring,319.49,383.66,7,49.0,2685.62,2236.43,449.19,16.73
TXN103888,Electronics,Headphones,East,Winter,517.25,569.62,9,55.0,5126.58,4655.25,471.33,9.19
TXN103889,Apparel,Footwear,West,Festive,421.8,580.22,5,34.0,2901.1,2109.0,792.1,27.3
TXN103890,Electronics,Headphones,North,Summer,984.96,1115.02,9,25.0,10035.18,8864.64,1170.54,11.66
TXN103891,Beauty & Personal Care,Makeup,West,Summer,201.47,251.08,5,44.0,1255.4,1007.35,248.05,19.76
TXN103892,Home & Kitchen,Cookware,East,Festive,283.45,337.63,8,57.0,2701.04,2267.6,433.44,16.05
TXN103893,Grocery,Staples,West,Spring,171.68,183.96,18,6.0,3311.28,3090.24,221.04,6.68
TXN103894,Grocery,Beverages,East,Spring,141.55,150.24,20,14.0,3004.8,2831.0,173.8,5.78
TXN103895,Apparel,Women's Wear,,Spring,320.06,389.07,8,73.0,3112.56,2560.48,552.08,17.74
TXN103896,Grocery,Snacks,North,Winter,251.27,271.7,22,9.0,5977.4,5527.94,449.46,7.52
TXN103897,Home & Kitchen,Appliances,South,Summer,447.59,533.35,6,67.0,3200.1,2685.54,514.56,16.08
TXN103898,Beauty & Personal Care,Grooming,South,Festive,32.85,45.83,5,37.0,229.15,164.25,64.9,28.32
TXN103899,Home & Kitchen,Furniture,South,Summer,307.78,312.3,8,98.0,2498.4,2462.24,36.16,1.45
TXN103900,Grocery,Dairy,West,Monsoon,356.04,370.38,13,3.0,4814.94,4628.52,186.42,3.87
TXN103901,Electronics,Accessories,South,Monsoon,417.58,393.88,8,58.0,3151.04,3340.64,-189.6,-6.02
TXN103902,Apparel,Winter Wear,North,Spring,29.28,35.81,8,86.0,286.48,234.24,52.24,18.24
TXN103903,Electronics,Accessories,East,Summer,518.18,556.5,3,26.0,1669.5,1554.54,114.96,6.89
TXN103904,Electronics,Smartphones,Central,Spring,886.37,993.52,10,47.0,9935.2,8863.7,1071.5,10.78
TXN103905,Home & Kitchen,Furniture,Central,Spring,104.07,130.59,8,63.0,1044.72,832.56,212.16,20.31
TXN103906,Home & Kitchen,Storage,Central,Winter,410.06,463.19,5,77.0,2315.95,2050.3,265.65,11.47
TXN103907,Home & Kitchen,Furniture,South,Summer,168.31,197.68,8,95.0,1581.44,1346.48,234.96,14.86
TXN103908,Apparel,Women's Wear,West,Summer,396.89,511.32,6,58.0,3067.92,2381.34,686.58,22.38
TXN103909,Grocery,Frozen Foods,North,Spring,14.73,13.54,14,19.0,189.56,206.22,-16.66,-8.79
TXN103910,Apparel,Footwear,North,Summer,247.89,276.74,4,88.0,1106.96,991.56,115.4,10.42
TXN103911,Grocery,Dairy,Central,Summer,29.8,30.48,17,18.0,518.16,506.6,11.56,2.23
TXN103912,Electronics,Smartphones,North,Summer,555.42,545.92,8,64.0,4367.36,4443.36,-76.0,-1.74
TXN103913,Electronics,Smartphones,East,Monsoon,1792.92,1880.4,6,56.0,11282.4,10757.52,524.88,4.65
TXN103914,Apparel,Footwear,North,Festive,350.31,447.78,8,92.0,3582.24,2802.48,779.76,21.77
TXN103915,Electronics,Smartphones,East,Summer,2237.59,2529.57,8,45.0,20236.56,17900.72,2335.84,11.54
TXN103916,Home & Kitchen,Appliances,South,Spring,362.23,419.13,4,68.0,1676.52,1448.92,227.6,13.58
TXN103917,Beauty & Personal Care,Haircare,East,Spring,209.01,260.77,8,26.0,2086.16,1672.08,414.08,19.85
TXN103918,Home & Kitchen,Decor,West,Spring,141.26,180.43,6,58.0,1082.58,847.56,235.02,21.71
TXN103919,Grocery,Staples,South,Spring,142.68,129.79,17,12.0,2206.43,2425.56,-219.13,-9.93
TXN103920,Home & Kitchen,Appliances,South,Festive,355.64,430.47,8,44.0,3443.76,2845.12,598.64,17.38
TXN103921,Electronics,Accessories,West,Summer,2185.99,2406.61,6,43.0,14439.66,13115.94,1323.72,9.17
TXN103922,Beauty & Personal Care,Fragrances,West,Festive,62.11,85.91,9,37.0,773.19,558.99,214.2,27.7
TXN103923,Beauty & Personal Care,Grooming,South,Winter,130.22,169.41,8,29.0,1355.28,1041.76,313.52,23.13
TXN103924,Home & Kitchen,Cookware,East,Festive,26.21,31.96,4,52.0,127.84,104.84,23.0,17.99
TXN103925,Home & Kitchen,Appliances,North,Winter,400.1,427.66,9,,3848.94,3600.9,248.04,6.44
TXN103926,Beauty & Personal Care,Haircare,Central,Monsoon,382.93,475.22,8,43.0,3801.76,3063.44,738.32,19.42
TXN103927,Beauty & Personal Care,Makeup,East,Spring,426.69,500.13,10,59.0,5001.3,4266.9,734.4,14.68
TXN103928,Home & Kitchen,Decor,West,Festive,265.45,305.9,5,56.0,1529.5,1327.25,202.25,13.22
TXN103929,Home & Kitchen,Storage,North,Festive,131.43,159.36,8,67.0,1274.88,1051.44,223.44,17.53
TXN103930,Electronics,Cameras,West,Summer,2811.1,3105.67,6,57.0,18634.02,16866.6,1767.42,9.48
TXN103931,Electronics,Headphones,West,Monsoon,2383.88,2605.99,7,31.0,18241.93,16687.16,1554.77,8.52
TXN103932,Grocery,Beverages,East,Winter,252.75,274.08,16,11.0,4385.28,4044.0,341.28,7.78
TXN103933,Apparel,Footwear,East,Winter,467.12,518.9,3,115.0,1556.7,1401.36,155.34,9.98
TXN103934,Grocery,Dairy,West,Festive,377.77,392.72,25,14.0,9818.0,9444.25,373.75,3.81
TXN103935,Grocery,Dairy,Central,Winter,219.92,239.5,21,10.0,5029.5,4618.32,411.18,8.18
TXN103936,Electronics,Laptops,South,Winter,2200.65,2203.03,9,54.0,19827.27,19805.85,21.42,0.11
TXN103937,Beauty & Personal Care,Fragrances,East,Spring,99.4,136.89,7,24.0,958.23,695.8,262.43,27.39
TXN103938,Electronics,Smartphones,North,Festive,2460.8,2620.88,7,27.0,18346.16,17225.6,1120.56,6.11
TXN103939,Apparel,Kids Wear,South,Summer,11.46,13.6,8,38.0,108.8,91.68,17.12,15.74
TXN103940,Electronics,Accessories,East,Monsoon,726.6,776.3,3,61.0,2328.9,2179.8,149.1,6.4
TXN103941,Grocery,Beverages,South,Spring,474.92,491.86,15,14.0,7377.9,7123.8,254.1,3.44
TXN103942,Home & Kitchen,Furniture,West,Spring,453.75,557.3,7,60.0,3901.1,3176.25,724.85,18.58
TXN103943,Apparel,Footwear,North,Monsoon,140.28,174.03,9,88.0,1566.27,1262.52,303.75,19.39
TXN103944,Electronics,Headphones,North,Festive,2368.4,2483.93,9,35.0,22355.37,21315.6,1039.77,4.65
TXN103945,Home & Kitchen,Storage,North,Spring,375.82,430.47,9,99.0,3874.23,3382.38,491.85,12.7
TXN103946,Grocery,Staples,West,Summer,460.95,455.58,15,13.0,6833.7,6914.25,-80.55,-1.18
TXN103947,Home & Kitchen,Furniture,West,Summer,395.7,430.96,9,,3878.64,3561.3,317.34,8.18
TXN103948,Beauty & Personal Care,Skincare,Central,Summer,360.47,497.9,10,35.0,4979.0,3604.7,1374.3,27.6
TXN103949,Home & Kitchen,Appliances,Central,Monsoon,93.77,111.34,6,57.0,668.04,562.62,105.42,15.78
TXN103950,Electronics,Laptops,South,Summer,681.1,698.11,10,64.0,6981.1,6811.0,170.1,2.44
TXN103951,Apparel,Women's Wear,South,Monsoon,162.39,200.04,7,,1400.28,1136.73,263.55,18.82
TXN103952,Apparel,Men's Wear,Central,Spring,450.67,590.56,8,37.0,4724.48,3605.36,1119.12,23.69
TXN103953,Home & Kitchen,Furniture,West,Festive,94.89,114.56,2,45.0,229.12,189.78,39.34,17.17
TXN103954,Electronics,Cameras,Central,Summer,1038.19,993.55,5,69.0,4967.75,5190.95,-223.2,-4.49
TXN103955,Beauty & Personal Care,Grooming,North,Festive,281.96,370.35,8,31.0,2962.8,2255.68,707.12,23.87
TXN103956,Home & Kitchen,Furniture,North,Spring,371.87,465.27,8,58.0,3722.16,2974.96,747.2,20.07
TXN103957,Apparel,Men's Wear,East,Summer,452.43,543.93,7,71.0,3807.51,3167.01,640.5,16.82
TXN103958,Grocery,Frozen Foods,East,Monsoon,108.72,105.42,18,14.0,1897.56,1956.96,-59.4,-3.13
TXN103959,Home & Kitchen,Cookware,North,Winter,380.24,461.32,8,41.0,3690.56,3041.92,648.64,17.58
TXN103960,Grocery,Beverages,South,Spring,86.01,91.34,15,3.0,1370.1,1290.15,79.95,5.84
TXN103961,Home & Kitchen,Furniture,South,Festive,154.91,190.94,5,48.0,954.7,774.55,180.15,18.87
TXN103962,Grocery,Beverages,East,Spring,100.38,106.14,15,6.0,1592.1,1505.7,86.4,5.43
TXN103963,Apparel,Men's Wear,East,Spring,172.69,227.59,9,118.0,2048.31,1554.21,494.1,24.12
TXN103964,Apparel,Footwear,South,Monsoon,272.3,352.52,4,44.0,1410.08,1089.2,320.88,22.76
TXN103965,Electronics,Cameras,West,Winter,2633.35,2915.49,5,46.0,14577.45,13166.75,1410.7,9.68
TXN103966,Apparel,Kids Wear,South,Festive,91.33,113.45,8,70.0,907.6,730.64,176.96,19.5
TXN103967,Grocery,Frozen Foods,Central,Winter,470.58,440.48,18,13.0,7928.64,8470.44,-541.8,-6.83
TXN103968,Electronics,Accessories,South,Summer,1008.01,1080.27,11,44.0,11882.97,11088.11,794.86,6.69
TXN103969,Beauty & Personal Care,Haircare,Central,Spring,433.76,479.28,11,52.0,5272.08,4771.36,500.72,9.5
TXN103970,Apparel,Men's Wear,South,Winter,101.84,125.57,12,55.0,1506.84,1222.08,284.76,18.9
TXN103971,Apparel,Winter Wear,North,Winter,440.99,585.06,5,51.0,2925.3,2204.95,720.35,24.62
TXN103972,Apparel,Kids Wear,West,Winter,303.2,374.69,4,41.0,1498.76,1212.8,285.96,19.08
TXN103973,Beauty & Personal Care,Fragrances,South,Monsoon,336.29,377.35,6,59.0,2264.1,2017.74,246.36,10.88
TXN103974,Electronics,Accessories,West,Monsoon,999.59,1134.24,9,30.0,10208.16,8996.31,1211.85,11.87
TXN103975,Electronics,Laptops,South,Monsoon,1069.29,1161.15,4,39.0,4644.6,4277.16,367.44,7.91
TXN103976,Home & Kitchen,Storage,North,Spring,383.88,473.88,8,67.0,3791.04,3071.04,720.0,18.99
TXN103977,Apparel,Men's Wear,West,Spring,395.98,498.88,8,56.0,3991.04,3167.84,823.2,20.63
TXN103978,Home & Kitchen,Appliances,South,Spring,31.37,39.17,11,55.0,430.87,345.07,85.8,19.91
TXN103979,Apparel,Kids Wear,West,Winter,499.41,645.15,8,54.0,5161.2,3995.28,1165.92,22.59
TXN103980,Electronics,Smartphones,Central,Monsoon,2727.42,2893.83,5,36.0,14469.15,13637.1,832.05,5.75
TXN103981,Apparel,Women's Wear,Central,Winter,92.87,114.11,6,55.0,684.66,557.22,127.44,18.61
TXN103982,Home & Kitchen,Furniture,Central,Festive,255.2,297.15,2,78.0,594.3,510.4,83.9,14.12
TXN103983,Home & Kitchen,Cookware,Central,Winter,390.74,448.51,5,81.0,2242.55,1953.7,288.85,12.88
TXN103984,Grocery,Beverages,East,Summer,490.84,526.11,21,14.0,11048.31,10307.64,740.67,6.7
TXN103985,Apparel,Kids Wear,North,Winter,494.64,602.39,6,52.0,3614.34,2967.84,646.5,17.89
TXN103986,Apparel,Footwear,South,Festive,339.88,437.27,7,107.0,3060.89,2379.16,681.73,22.27
TXN103987,Beauty & Personal Care,Grooming,West,Summer,246.67,313.13,2,41.0,626.26,493.34,132.92,21.22
TXN103988,Beauty & Personal Care,Grooming,East,Summer,369.56,459.83,14,45.0,6437.62,5173.84,1263.78,19.63
TXN103989,Apparel,Men's Wear,South,Monsoon,338.72,417.76,13,117.0,5430.88,4403.36,1027.52,18.92
TXN103990,Beauty & Personal Care,Haircare,Central,Winter,44.34,48.93,9,47.0,440.37,399.06,41.31,9.38
TXN103991,Electronics,Accessories,South,Winter,1661.41,1813.46,5,34.0,9067.3,8307.05,760.25,8.38
TXN103992,Apparel,Women's Wear,East,Festive,485.83,660.57,7,109.0,4623.99,3400.81,1223.18,26.45
TXN103993,Home & Kitchen,Storage,West,Festive,70.14,75.21,9,85.0,676.89,631.26,45.63,6.74
TXN103994,Home & Kitchen,Furniture,East,Winter,350.63,389.43,11,99.0,4283.73,3856.93,426.8,9.96
TXN103995,Home & Kitchen,Appliances,West,Spring,442.41,515.78,8,65.0,4126.24,3539.28,586.96,14.23
TXN103996,Grocery,Beverages,East,Spring,149.01,143.43,16,17.0,2294.88,2384.16,-89.28,-3.89
TXN103997,Grocery,Staples,Central,Summer,361.04,394.97,10,3.0,3949.7,3610.4,339.3,8.59
TXN103998,Electronics,Laptops,West,Summer,2877.76,3164.91,5,60.0,15824.55,14388.8,1435.75,9.07
TXN103999,Home & Kitchen,Storage,North,Winter,168.36,185.84,5,83.0,929.2,841.8,87.4,9.41
TXN104000,Home & Kitchen,Furniture,West,Spring,92.71,111.34,5,,556.7,463.55,93.15,16.73
TXN104001,Grocery,Snacks,South,Winter,186.73,180.64,26,18.0,4696.64,4854.98,-158.34,-3.37
TXN104002,Grocery,Staples,East,Monsoon,201.91,193.85,12,13.0,2326.2,2422.92,-96.72,-4.16
TXN104003,Home & Kitchen,Furniture,East,Spring,443.26,560.27,7,54.0,3921.89,3102.82,819.07,20.88
TXN104004,Grocery,Snacks,West,Winter,412.94,372.81,11,17.0,4100.91,4542.34,-441.43,-10.76
TXN104005,Home & Kitchen,Furniture,Central,Spring,252.12,300.99,8,96.0,2407.92,2016.96,390.96,16.24
TXN104006,Apparel,Winter Wear,West,Winter,374.34,487.55,4,43.0,1950.2,1497.36,452.84,23.22
TXN104007,Apparel,Winter Wear,North,Winter,87.76,105.13,6,53.0,630.78,526.56,104.22,16.52
TXN104008,Electronics,Laptops,Central,Summer,1061.59,1133.26,6,41.0,6799.56,6369.54,430.02,6.32
TXN104009,Beauty & Personal Care,Fragrances,South,Summer,162.61,205.73,8,28.0,1645.84,1300.88,344.96,20.96
TXN104010,Electronics,Cameras,West,Summer,2172.07,2108.07,6,62.0,12648.42,13032.42,-384.0,-3.04
TXN104011,Electronics,Accessories,West,Spring,1504.45,1529.22,7,55.0,10704.54,10531.15,173.39,1.62
TXN104012,Beauty & Personal Care,Fragrances,East,Festive,317.39,420.84,11,34.0,4629.24,3491.29,1137.95,24.58
TXN104013,Home & Kitchen,Appliances,South,Spring,290.81,343.79,8,70.0,2750.32,2326.48,423.84,15.41
TXN104014,Beauty & Personal Care,Fragrances,South,Monsoon,350.69,473.22,5,24.0,2366.1,1753.45,612.65,25.89
TXN104015,Electronics,Laptops,South,Winter,1404.22,1330.79,8,51.0,10646.32,11233.76,-587.44,-5.52
TXN104016,Grocery,Dairy,North,Spring,54.62,53.31,16,17.0,852.96,873.92,-20.96,-2.46
TXN104017,Home & Kitchen,Storage,East,Summer,206.73,263.92,8,48.0,2111.36,1653.84,457.52,21.67
TXN104018,Apparel,Footwear,South,Winter,133.35,159.79,9,89.0,1438.11,1200.15,237.96,16.55
TXN104019,Apparel,Women's Wear,East,Spring,138.57,172.43,8,116.0,1379.44,1108.56,270.88,19.64
TXN104020,Beauty & Personal Care,Fragrances,East,Summer,426.22,510.26,5,51.0,2551.3,2131.1,420.2,16.47
TXN104021,Electronics,Accessories,East,Winter,2254.79,2336.62,6,64.0,14019.72,13528.74,490.98,3.5
TXN104022,Apparel,Winter Wear,South,Monsoon,439.65,543.7,12,49.0,6524.4,5275.8,1248.6,19.14
TXN104023,Home & Kitchen,Appliances,East,Monsoon,443.38,544.39,4,65.0,2177.56,1773.52,404.04,18.55
TXN104024,Beauty & Personal Care,Skincare,North,Spring,14.77,18.33,9,47.0,164.97,132.93,32.04,19.42
TXN104025,Electronics,Cameras,West,Festive,983.36,1003.39,8,52.0,8027.12,7866.88,160.24,2.0
TXN104026,Apparel,Winter Wear,South,Monsoon,29.33,30.79,12,86.0,369.48,351.96,17.52,4.74
TXN104027,Grocery,Frozen Foods,South,Winter,31.33,31.95,10,13.0,319.5,313.3,6.2,1.94
TXN104028,Home & Kitchen,Appliances,South,Monsoon,90.35,115.04,4,50.0,460.16,361.4,98.76,21.46
TXN104029,Electronics,Smartphones,Central,Festive,553.61,521.93,10,58.0,5219.3,5536.1,-316.8,-6.07
TXN104030,Grocery,Beverages,East,Monsoon,169.38,164.96,18,15.0,2969.28,3048.84,-79.56,-2.68
TXN104031,Beauty & Personal Care,Fragrances,West,Spring,397.55,510.48,8,36.0,4083.84,3180.4,903.44,22.12
TXN104032,Home & Kitchen,Furniture,South,Winter,160.86,187.12,5,54.0,935.6,804.3,131.3,14.03
TXN104033,Apparel,Kids Wear,West,Summer,59.61,68.75,10,95.0,687.5,596.1,91.4,13.29
TXN104034,Electronics,Smartphones,South,Summer,1787.45,1755.99,3,53.0,5267.97,5362.35,-94.38,-1.79
TXN104035,Home & Kitchen,Appliances,Central,Festive,211.37,264.18,9,49.0,2377.62,1902.33,475.29,19.99
TXN104036,Electronics,Cameras,South,Monsoon,984.02,1002.97,6,54.0,6017.82,5904.12,113.7,1.89
TXN104037,Apparel,Winter Wear,South,Spring,444.26,497.52,6,83.0,2985.12,2665.56,319.56,10.71
TXN104038,Electronics,Accessories,East,Spring,2564.21,2730.77,8,49.0,21846.16,20513.68,1332.48,6.1
TXN104039,Electronics,Cameras,South,Winter,2127.1,2297.64,1,53.0,2297.64,2127.1,170.54,7.42
TXN104040,Home & Kitchen,Furniture,South,Winter,122.63,149.48,5,43.0,747.4,613.15,134.25,17.96
TXN104041,Home & Kitchen,Decor,East,Winter,309.99,389.36,6,66.0,2336.16,1859.94,476.22,20.38
TXN104042,Beauty & Personal Care,Grooming,North,Summer,335.02,410.26,7,44.0,2871.82,2345.14,526.68,18.34
TXN104043,Beauty & Personal Care,Grooming,North,Spring,237.91,310.72,5,31.0,1553.6,1189.55,364.05,23.43
TXN104044,Home & Kitchen,Storage,South,Festive,375.83,444.39,3,63.0,1333.17,1127.49,205.68,15.43
TXN104045,Grocery,Frozen Foods,Central,Festive,375.18,341.21,22,18.0,7506.62,8253.96,-747.34,-9.96
TXN104046,Beauty & Personal Care,Grooming,North,Winter,465.29,547.06,5,51.0,2735.3,2326.45,408.85,14.95
TXN104047,Home & Kitchen,Appliances,West,Spring,375.35,474.83,9,54.0,4273.47,3378.15,895.32,20.95
TXN104048,Electronics,Accessories,West,Summer,1705.91,1813.38,10,41.0,18133.8,17059.1,1074.7,5.93
TXN104049,Apparel,Footwear,South,Monsoon,442.51,558.89,7,47.0,3912.23,3097.57,814.66,20.82
TXN104050,Electronics,Laptops,South,Monsoon,344.16,379.9,6,45.0,2279.4,2064.96,214.44,9.41
TXN104051,Home & Kitchen,Decor,West,Festive,385.27,458.98,5,80.0,2294.9,1926.35,368.55,16.06
TXN104052,Apparel,Footwear,East,Summer,332.88,391.35,4,107.0,1565.4,1331.52,233.88,14.94
TXN104053,Apparel,Men's Wear,South,Spring,144.3,183.78,6,38.0,1102.68,865.8,236.88,21.48
TXN104054,Home & Kitchen,Cookware,Central,Spring,331.53,410.9,5,68.0,2054.5,1657.65,396.85,19.32
TXN104055,Home & Kitchen,Decor,West,Monsoon,245.97,263.43,3,72.0,790.29,737.91,52.38,6.63
TXN104056,Apparel,Kids Wear,West,Festive,166.63,191.98,7,117.0,1343.86,1166.41,177.45,13.2
TXN104057,Home & Kitchen,Furniture,Central,Winter,340.83,416.06,6,98.0,2496.36,2044.98,451.38,18.08
TXN104058,Electronics,Headphones,West,Winter,2162.37,2401.94,11,59.0,26421.34,23786.07,2635.27,9.97
TXN104059,Grocery,Dairy,East,Monsoon,29.28,28.44,15,18.0,426.6,439.2,-12.6,-2.95
TXN104060,Home & Kitchen,Storage,South,Winter,137.73,159.26,9,53.0,1433.34,1239.57,193.77,13.52
TXN104061,Apparel,Kids Wear,East,Spring,242.75,316.07,6,58.0,1896.42,1456.5,439.92,23.2
TXN104062,Apparel,Kids Wear,East,Summer,317.6,403.14,5,81.0,2015.7,1588.0,427.7,21.22
TXN104063,Electronics,Smartphones,East,Monsoon,335.84,378.36,7,25.0,2648.52,2350.88,297.64,11.24
TXN104064,Home & Kitchen,Appliances,Central,Monsoon,343.14,370.19,5,86.0,1850.95,1715.7,135.25,7.31
TXN104065,Electronics,Laptops,East,Winter,373.14,401.21,11,47.0,4413.31,4104.54,308.77,7.0
TXN104066,Home & Kitchen,Appliances,West,Festive,309.26,370.86,6,71.0,2225.16,1855.56,369.6,16.61
TXN104067,Apparel,Footwear,North,Festive,134.84,165.13,5,53.0,825.65,674.2,151.45,18.34
TXN104068,Beauty & Personal Care,Fragrances,South,Spring,401.67,478.84,2,43.0,957.68,803.34,154.34,16.12
TXN104069,Apparel,Winter Wear,East,Monsoon,148.07,189.63,9,75.0,1706.67,1332.63,374.04,21.92
TXN104070,Apparel,Footwear,Central,Festive,436.27,580.84,7,108.0,4065.88,3053.89,1011.99,24.89
TXN104071,Home & Kitchen,Cookware,South,Winter,97.0,122.51,5,61.0,612.55,485.0,127.55,20.82
TXN104072,Beauty & Personal Care,Grooming,Central,Festive,27.68,38.08,12,52.0,456.96,332.16,124.8,27.31
TXN104073,Beauty & Personal Care,Makeup,South,Monsoon,411.3,527.88,3,52.0,1583.64,1233.9,349.74,22.08
TXN104074,Apparel,Women's Wear,West,Festive,134.38,166.66,6,84.0,999.96,806.28,193.68,19.37
TXN104075,Apparel,Winter Wear,East,Monsoon,73.53,89.15,11,32.0,980.65,808.83,171.82,17.52
TXN104076,Home & Kitchen,Decor,East,Spring,386.75,465.14,8,78.0,3721.12,3094.0,627.12,16.85
TXN104077,Grocery,Dairy,Central,Spring,24.96,23.07,15,13.0,346.05,374.4,-28.35,-8.19
TXN104078,Electronics,Headphones,South,Summer,2887.48,2703.08,7,48.0,18921.56,20212.36,-1290.8,-6.82
TXN104079,Apparel,Winter Wear,Central,Festive,76.89,101.87,8,50.0,814.96,615.12,199.84,24.52
TXN104080,Beauty & Personal Care,Fragrances,North,Summer,488.37,680.49,5,36.0,3402.45,2441.85,960.6,28.23
TXN104081,Grocery,Staples,North,Winter,118.61,125.46,12,7.0,1505.52,1423.32,82.2,5.46
TXN104082,Beauty & Personal Care,Makeup,West,Monsoon,409.53,515.5,10,58.0,5155.0,4095.3,1059.7,20.56
TXN104083,Beauty & Personal Care,Grooming,East,Spring,434.25,602.72,5,30.0,3013.6,2171.25,842.35,27.95
TXN104084,Apparel,Kids Wear,East,Monsoon,432.11,511.62,5,109.0,2558.1,2160.55,397.55,15.54
TXN104085,Apparel,Women's Wear,Central,Monsoon,92.44,98.72,4,83.0,394.88,369.76,25.12,6.36
TXN104086,Grocery,Snacks,South,Festive,338.2,313.57,15,19.0,4703.55,5073.0,-369.45,-7.85
TXN104087,Apparel,Men's Wear,East,Spring,98.36,122.41,9,38.0,1101.69,885.24,216.45,19.65
TXN104088,Grocery,Dairy,North,Winter,371.63,364.14,19,17.0,6918.66,7060.97,-142.31,-2.06
TXN104089,Electronics,Accessories,Central,Winter,624.69,581.3,5,52.0,2906.5,3123.45,-216.95,-7.46
TXN104090,Apparel,Men's Wear,North,Monsoon,340.39,409.35,6,72.0,2456.1,2042.34,413.76,16.85
TXN104091,Apparel,Winter Wear,West,Summer,482.19,627.94,6,66.0,3767.64,2893.14,874.5,23.21
TXN104092,Home & Kitchen,Cookware,Central,Monsoon,477.01,530.34,3,93.0,1591.02,1431.03,159.99,10.06
TXN104093,Grocery,Beverages,Central,Winter,337.04,349.05,16,13.0,5584.8,5392.64,192.16,3.44
TXN104094,Apparel,Kids Wear,East,Festive,364.3,413.46,7,100.0,2894.22,2550.1,344.12,11.89
TXN104095,Beauty & Personal Care,Grooming,West,Spring,471.66,617.77,10,52.0,6177.7,4716.6,1461.1,23.65
TXN104096,Beauty & Personal Care,Grooming,Central,Winter,59.29,78.27,6,32.0,469.62,355.74,113.88,24.25
TXN104097,Electronics,Cameras,North,Festive,2281.96,2358.8,8,40.0,18870.4,18255.68,614.72,3.26
TXN104098,Electronics,Cameras,South,Winter,684.3,752.82,5,34.0,3764.1,3421.5,342.6,9.1
TXN104099,Electronics,Laptops,South,Summer,2553.94,2869.17,5,37.0,14345.85,12769.7,1576.15,10.99
TXN104100,Beauty & Personal Care,Grooming,East,Festive,236.45,303.06,5,35.0,1515.3,1182.25,333.05,21.98
TXN104101,Home & Kitchen,Storage,West,Festive,447.07,527.9,3,64.0,1583.7,1341.21,242.49,15.31
TXN104102,Beauty & Personal Care,Skincare,North,Monsoon,188.6,227.53,7,48.0,1592.71,1320.2,272.51,17.11
TXN104103,Grocery,Snacks,West,Spring,376.9,402.55,11,9.0,4428.05,4145.9,282.15,6.37
TXN104104,Beauty & Personal Care,Skincare,West,Monsoon,339.27,409.39,8,57.0,3275.12,2714.16,560.96,17.13
TXN104105,Electronics,Smartphones,East,Monsoon,2146.88,2430.04,9,35.0,21870.36,19321.92,2548.44,11.65
TXN104106,Grocery,Snacks,North,Monsoon,283.75,265.13,18,17.0,4772.34,5107.5,-335.16,-7.02
TXN104107,Grocery,Snacks,,Winter,344.55,360.33,17,,6125.61,5857.35,268.26,4.38
TXN104108,Electronics,Smartphones,West,Winter,1605.37,1781.12,5,38.0,8905.6,8026.85,878.75,9.87
TXN104109,Home & Kitchen,Appliances,East,Spring,479.86,568.06,5,75.0,2840.3,2399.3,441.0,15.53
TXN104110,Grocery,Beverages,East,Winter,479.43,502.22,16,14.0,8035.52,7670.88,364.64,4.54
TXN104111,Home & Kitchen,Appliances,East,Winter,82.53,103.41,6,43.0,620.46,495.18,125.28,20.19
TXN104112,Electronics,Cameras,West,Monsoon,1999.96,2194.94,7,31.0,15364.58,13999.72,1364.86,8.88
TXN104113,Home & Kitchen,Furniture,East,Monsoon,302.84,358.79,6,64.0,2152.74,1817.04,335.7,15.59
TXN104114,Beauty & Personal Care,Haircare,North,Festive,203.0,287.6,8,37.0,2300.8,1624.0,676.8,29.42
TXN104115,Apparel,Women's Wear,North,Spring,242.5,295.29,10,67.0,2952.9,2425.0,527.9,17.88
TXN104116,Apparel,Women's Wear,West,Festive,277.56,337.07,6,104.0,2022.42,1665.36,357.06,17.66
TXN104117,Home & Kitchen,Storage,West,Festive,73.39,91.21,10,70.0,912.1,733.9,178.2,19.54
TXN104118,Grocery,Beverages,South,Summer,139.05,149.64,20,18.0,2992.8,2781.0,211.8,7.08
TXN104119,Apparel,Women's Wear,Central,Summer,354.92,457.53,7,,3202.71,2484.44,718.27,22.43
TXN104120,Grocery,Snacks,West,Summer,104.84,109.1,19,9.0,2072.9,1991.96,80.94,3.9
TXN104121,Electronics,Smartphones,South,Winter,905.42,1001.58,11,30.0,11017.38,9959.62,1057.76,9.6
TXN104122,Electronics,Smartphones,North,Festive,565.14,598.98,4,46.0,2395.92,2260.56,135.36,5.65
TXN104123,Beauty & Personal Care,Grooming,South,Winter,128.08,167.91,7,24.0,1175.37,896.56,278.81,23.72
TXN104124,Grocery,Dairy,East,Festive,232.4,248.03,15,11.0,3720.45,3486.0,234.45,6.3
TXN104125,Electronics,Smartphones,Central,Spring,1655.35,1615.22,6,66.0,9691.32,9932.1,-240.78,-2.48
TXN104126,Grocery,Beverages,West,Summer,244.87,262.44,16,6.0,4199.04,3917.92,281.12,6.69
TXN104127,Electronics,Accessories,East,Winter,184.84,191.05,9,69.0,1719.45,1663.56,55.89,3.25
TXN104128,Apparel,Kids Wear,South,Winter,288.7,324.75,5,,1623.75,1443.5,180.25,11.1
TXN104129,Home & Kitchen,Storage,North,Festive,257.35,300.68,2,45.0,601.36,514.7,86.66,14.41
TXN104130,Apparel,Footwear,South,Monsoon,286.76,347.08,5,72.0,1735.4,1433.8,301.6,17.38
TXN104131,Electronics,Cameras,West,Spring,1455.84,1635.29,3,31.0,4905.87,4367.52,538.35,10.97
TXN104132,Apparel,Men's Wear,South,Summer,453.95,595.02,6,54.0,3570.12,2723.7,846.42,23.71
TXN104133,Grocery,Staples,Central,Festive,27.52,29.13,12,,349.56,330.24,19.32,5.53
TXN104134,Apparel,Winter Wear,South,Spring,488.52,627.51,9,68.0,5647.59,4396.68,1250.91,22.15
TXN104135,Beauty & Personal Care,Haircare,West,Monsoon,365.73,486.41,9,21.0,4377.69,3291.57,1086.12,24.81
TXN104136,Grocery,Staples,East,Festive,18.68,19.97,18,7.0,359.46,336.24,23.22,6.46
TXN104137,Grocery,Frozen Foods,East,Winter,117.17,126.07,15,,1891.05,1757.55,133.5,7.06
TXN104138,Apparel,Kids Wear,South,Summer,484.05,559.3,5,81.0,2796.5,2420.25,376.25,13.45
TXN104139,Apparel,Winter Wear,South,Winter,128.74,150.95,7,105.0,1056.65,901.18,155.47,14.71
TXN104140,Home & Kitchen,Cookware,South,Winter,431.55,454.81,12,78.0,5457.72,5178.6,279.12,5.11
TXN104141,Apparel,Men's Wear,South,Festive,448.73,540.26,5,54.0,2701.3,2243.65,457.65,16.94
TXN104142,Electronics,Accessories,North,Monsoon,1682.26,1898.67,5,29.0,9493.35,8411.3,1082.05,11.4
TXN104143,Apparel,Winter Wear,North,Winter,104.56,131.32,7,48.0,919.24,731.92,187.32,20.38
TXN104144,Electronics,Headphones,Central,Spring,1153.13,1286.81,5,29.0,6434.05,5765.65,668.4,10.39
TXN104145,Home & Kitchen,Furniture,East,Summer,479.66,515.02,8,73.0,4120.16,3837.28,282.88,6.87
TXN104146,Home & Kitchen,Appliances,South,Monsoon,10.34,10.46,10,99.0,104.6,103.4,1.2,1.15
TXN104147,Apparel,Kids Wear,East,Spring,484.83,611.38,4,41.0,2445.52,1939.32,506.2,20.7
TXN104148,Beauty & Personal Care,Haircare,South,Winter,12.39,17.05,9,22.0,153.45,111.51,41.94,27.33
TXN104149,Home & Kitchen,Cookware,South,Spring,481.82,538.98,2,81.0,1077.96,963.64,114.32,10.61
TXN104150,Grocery,Staples,South,Spring,48.34,51.43,13,7.0,668.59,628.42,40.17,6.01
TXN104151,Home & Kitchen,Cookware,South,Summer,424.68,471.08,3,96.0,1413.24,1274.04,139.2,9.85
TXN104152,Grocery,Frozen Foods,West,Monsoon,59.58,62.49,14,3.0,874.86,834.12,40.74,4.66
TXN104153,Electronics,Laptops,West,Summer,1439.24,1580.36,12,42.0,18964.32,17270.88,1693.44,8.93
TXN104154,Apparel,Winter Wear,South,Festive,184.44,225.29,6,,1351.74,1106.64,245.1,18.13
TXN104155,Home & Kitchen,Appliances,South,Monsoon,60.35,70.11,8,62.0,560.88,482.8,78.08,13.92
TXN104156,Electronics,Laptops,Central,Spring,2785.93,2745.74,4,51.0,10982.96,11143.72,-160.76,-1.46
TXN104157,Electronics,Accessories,North,Summer,1065.34,1186.02,7,42.0,8302.14,7457.38,844.76,10.18
TXN104158,Grocery,Staples,East,Festive,278.64,287.58,10,15.0,2875.8,2786.4,89.4,3.11
TXN104159,Grocery,Dairy,East,Monsoon,429.47,394.16,22,18.0,8671.52,9448.34,-776.82,-8.96
TXN104160,Electronics,Headphones,North,Monsoon,2067.68,2266.21,7,39.0,15863.47,14473.76,1389.71,8.76
TXN104161,Grocery,Dairy,Central,Spring,77.67,76.35,21,13.0,1603.35,1631.07,-27.72,-1.73
TXN104162,Apparel,Men's Wear,Central,Spring,429.62,563.85,6,56.0,3383.1,2577.72,805.38,23.81
TXN104163,Apparel,Men's Wear,North,Summer,130.93,163.61,9,42.0,1472.49,1178.37,294.12,19.97
TXN104164,Home & Kitchen,Appliances,South,Winter,187.68,228.55,9,83.0,2056.95,1689.12,367.83,17.88
TXN104165,Electronics,Accessories,Central,Monsoon,78.03,83.18,4,25.0,332.72,312.12,20.6,6.19
TXN104166,Grocery,Snacks,Central,Festive,164.09,175.33,19,11.0,3331.27,3117.71,213.56,6.41
TXN104167,Grocery,Frozen Foods,Central,Summer,86.88,85.89,18,14.0,1546.02,1563.84,-17.82,-1.15
TXN104168,Grocery,Dairy,South,Monsoon,333.55,323.66,12,16.0,3883.92,4002.6,-118.68,-3.06
TXN104169,Home & Kitchen,Furniture,East,Monsoon,246.92,289.7,7,89.0,2027.9,1728.44,299.46,14.77
TXN104170,Home & Kitchen,Decor,West,Summer,236.57,262.24,8,85.0,2097.92,1892.56,205.36,9.79
TXN104171,Beauty & Personal Care,Skincare,North,Festive,102.7,129.03,6,52.0,774.18,616.2,157.98,20.41
TXN104172,Apparel,Winter Wear,South,Summer,48.79,61.55,6,67.0,369.3,292.74,76.56,20.73
TXN104173,Apparel,Winter Wear,Central,Summer,469.97,630.08,4,56.0,2520.32,1879.88,640.44,25.41
TXN104174,Apparel,Footwear,North,Summer,46.14,55.38,13,,719.94,599.82,120.12,16.68
TXN104175,Grocery,Frozen Foods,North,Monsoon,167.79,179.93,13,5.0,2339.09,2181.27,157.82,6.75
TXN104176,Apparel,Men's Wear,Central,Spring,195.6,205.59,11,81.0,2261.49,2151.6,109.89,4.86
TXN104177,Grocery,Staples,East,Spring,266.61,282.71,11,6.0,3109.81,2932.71,177.1,5.69
TXN104178,Grocery,Frozen Foods,South,Spring,351.18,363.83,18,12.0,6548.94,6321.24,227.7,3.48
TXN104179,Electronics,Laptops,North,Spring,1016.63,1062.71,7,67.0,7438.97,7116.41,322.56,4.34
TXN104180,Apparel,Winter Wear,Central,Spring,407.92,450.1,8,86.0,3600.8,3263.36,337.44,9.37
TXN104181,Apparel,Footwear,North,Festive,189.29,246.59,6,35.0,1479.54,1135.74,343.8,23.24
TXN104182,Electronics,Headphones,South,Festive,2745.55,3046.64,4,46.0,12186.56,10982.2,1204.36,9.88
TXN104183,Grocery,Frozen Foods,North,Winter,107.42,105.71,21,12.0,2219.91,2255.82,-35.91,-1.62
TXN104184,Grocery,Staples,North,Monsoon,32.19,34.1,24,3.0,818.4,772.56,45.84,5.6
TXN104185,Home & Kitchen,Furniture,West,Winter,136.12,162.15,3,64.0,486.45,408.36,78.09,16.05
TXN104186,Electronics,Cameras,,Festive,2234.63,2474.4,5,36.0,12372.0,11173.15,1198.85,9.69
TXN104187,Electronics,Headphones,West,Summer,2362.95,2468.07,8,59.0,19744.56,18903.6,840.96,4.26
TXN104188,Home & Kitchen,Appliances,East,Spring,392.21,473.06,7,49.0,3311.42,2745.47,565.95,17.09
TXN104189,Apparel,Winter Wear,North,Festive,400.86,511.8,5,62.0,2559.0,2004.3,554.7,21.68
TXN104190,Apparel,Men's Wear,South,Festive,301.61,399.63,9,114.0,3596.67,2714.49,882.18,24.53
TXN104191,Electronics,Headphones,West,Festive,2753.99,3070.12,9,32.0,27631.08,24785.91,2845.17,10.3
TXN104192,Apparel,Kids Wear,East,Summer,83.76,111.87,6,91.0,671.22,502.56,168.66,25.13
TXN104193,Apparel,Footwear,Central,Spring,282.22,370.61,11,74.0,4076.71,3104.42,972.29,23.85
TXN104194,Beauty & Personal Care,Haircare,West,Festive,222.81,302.84,5,36.0,1514.2,1114.05,400.15,26.43
TXN104195,Beauty & Personal Care,Fragrances,Central,Monsoon,359.91,424.1,5,54.0,2120.5,1799.55,320.95,15.14
TXN104196,Apparel,Footwear,South,Spring,119.98,143.74,9,47.0,1293.66,1079.82,213.84,16.53
TXN104197,Grocery,Snacks,East,Festive,93.64,97.77,17,4.0,1662.09,1591.88,70.21,4.22
TXN104198,Grocery,Snacks,Central,Spring,108.48,105.23,15,19.0,1578.45,1627.2,-48.75,-3.09
TXN104199,Grocery,Snacks,North,Spring,175.89,185.86,13,3.0,2416.18,2286.57,129.61,5.36
TXN104200,Beauty & Personal Care,Skincare,Central,Summer,25.35,35.0,6,37.0,210.0,152.1,57.9,27.57
TXN104201,Apparel,Women's Wear,North,Monsoon,331.78,424.2,11,34.0,4666.2,3649.58,1016.62,21.79
TXN104202,Beauty & Personal Care,Haircare,West,Festive,28.37,34.91,12,47.0,418.92,340.44,78.48,18.73
TXN104203,Beauty & Personal Care,Skincare,West,Summer,487.23,596.2,6,54.0,3577.2,2923.38,653.82,18.28
TXN104204,Beauty & Personal Care,Makeup,West,Monsoon,336.08,437.09,6,38.0,2622.54,2016.48,606.06,23.11
TXN104205,Home & Kitchen,Appliances,West,Spring,456.49,565.77,9,47.0,5091.93,4108.41,983.52,19.32
TXN104206,Apparel,Women's Wear,Central,Festive,465.98,605.87,5,45.0,3029.35,2329.9,699.45,23.09
TXN104207,Electronics,Laptops,North,Monsoon,1666.05,1778.84,5,44.0,8894.2,8330.25,563.95,6.34
TXN104208,Grocery,Staples,Central,Winter,309.66,294.8,10,17.0,2948.0,3096.6,-148.6,-5.04
TXN104209,Electronics,Cameras,East,Spring,1441.14,1343.71,10,68.0,13437.1,14411.4,-974.3,-7.25
TXN104210,Grocery,Frozen Foods,West,Summer,411.62,395.13,15,15.0,5926.95,6174.3,-247.35,-4.17
TXN104211,Grocery,Staples,South,Spring,282.43,306.76,14,10.0,4294.64,3954.02,340.62,7.93
TXN104212,Apparel,Men's Wear,East,Monsoon,450.73,546.09,7,33.0,3822.63,3155.11,667.52,17.46
TXN104213,Electronics,Laptops,South,Monsoon,2930.46,2749.29,7,54.0,19245.03,20513.22,-1268.19,-6.59
TXN104214,Electronics,Smartphones,East,Summer,434.93,434.4,6,66.0,2606.4,2609.58,-3.18,-0.12
TXN104215,Electronics,Headphones,North,Spring,2616.84,2949.27,5,41.0,14746.35,13084.2,1662.15,11.27
TXN104216,Apparel,Winter Wear,Central,Summer,494.78,660.85,6,46.0,3965.1,2968.68,996.42,25.13
TXN104217,Home & Kitchen,Cookware,North,Spring,436.71,501.84,15,74.0,7527.6,6550.65,976.95,12.98
TXN104218,Apparel,Women's Wear,North,Festive,312.42,367.93,10,86.0,3679.3,3124.2,555.1,15.09
TXN104219,Apparel,Footwear,West,Spring,73.29,91.17,9,53.0,820.53,659.61,160.92,19.61
TXN104220,Apparel,Footwear,East,Spring,30.87,40.08,8,33.0,320.64,246.96,73.68,22.98
TXN104221,Apparel,Men's Wear,West,Monsoon,394.99,517.03,4,49.0,2068.12,1579.96,488.16,23.6
TXN104222,Grocery,Beverages,West,Festive,438.84,467.9,18,19.0,8422.2,7899.12,523.08,6.21
TXN104223,Grocery,Beverages,Central,Spring,375.28,356.3,15,19.0,5344.5,5629.2,-284.7,-5.33
TXN104224,Beauty & Personal Care,Makeup,West,Winter,70.33,87.03,2,22.0,174.06,140.66,33.4,19.19
TXN104225,Electronics,Accessories,South,Summer,2170.13,2250.49,8,50.0,18003.92,17361.04,642.88,3.57
TXN104226,Home & Kitchen,Furniture,North,Summer,43.25,47.19,10,96.0,471.9,432.5,39.4,8.35
TXN104227,Grocery,Beverages,West,Spring,321.14,330.32,16,19.0,5285.12,5138.24,146.88,2.78
TXN104228,Home & Kitchen,Cookware,South,Winter,256.83,286.99,6,92.0,1721.94,1540.98,180.96,10.51
TXN104229,Electronics,Cameras,Central,Festive,854.75,929.7,8,62.0,7437.6,6838.0,599.6,8.06
TXN104230,Apparel,Kids Wear,West,Monsoon,200.77,268.08,6,52.0,1608.48,1204.62,403.86,25.11
TXN104231,Electronics,Smartphones,South,Summer,1363.8,1506.5,8,43.0,12052.0,10910.4,1141.6,9.47
TXN104232,Home & Kitchen,Cookware,West,Summer,324.0,414.66,7,43.0,2902.62,2268.0,634.62,21.86
TXN104233,Grocery,Snacks,South,Spring,204.82,221.19,13,9.0,2875.47,2662.66,212.81,7.4
TXN104234,Apparel,Men's Wear,East,Spring,378.38,459.22,7,99.0,3214.54,2648.66,565.88,17.6
TXN104235,Beauty & Personal Care,Skincare,South,Monsoon,197.76,243.4,7,48.0,1703.8,1384.32,319.48,18.75
TXN104236,Apparel,Footwear,East,Monsoon,212.39,271.92,9,68.0,2447.28,1911.51,535.77,21.89
TXN104237,Home & Kitchen,Storage,South,Spring,487.63,612.09,9,53.0,5508.81,4388.67,1120.14,20.33
TXN104238,Grocery,Staples,Central,Spring,205.03,198.18,16,15.0,3170.88,3280.48,-109.6,-3.46
TXN104239,Electronics,Headphones,North,Monsoon,1820.55,1975.43,6,67.0,11852.58,10923.3,929.28,7.84
TXN104240,Electronics,Accessories,Central,Winter,2890.42,2984.03,7,56.0,20888.21,20232.94,655.27,3.14
TXN104241,Beauty & Personal Care,Grooming,West,Monsoon,125.19,151.08,11,41.0,1661.88,1377.09,284.79,17.14
TXN104242,Grocery,Staples,Central,Monsoon,54.28,48.85,14,17.0,683.9,759.92,-76.02,-11.12
TXN104243,Apparel,Kids Wear,North,Monsoon,250.36,318.13,4,66.0,1272.52,1001.44,271.08,21.3
TXN104244,Electronics,Accessories,West,Winter,2532.42,2628.8,8,60.0,21030.4,20259.36,771.04,3.67
TXN104245,Apparel,Footwear,South,Festive,243.3,310.05,8,44.0,2480.4,1946.4,534.0,21.53
TXN104246,Home & Kitchen,Decor,East,Festive,130.91,133.21,9,90.0,1198.89,1178.19,20.7,1.73
TXN104247,Grocery,Dairy,East,Festive,100.87,108.5,20,12.0,2170.0,2017.4,152.6,7.03
TXN104248,Home & Kitchen,Furniture,Central,Winter,237.13,272.76,8,42.0,2182.08,1897.04,285.04,13.06
TXN104249,Home & Kitchen,Storage,South,Monsoon,477.16,581.01,6,85.0,3486.06,2862.96,623.1,17.87
TXN104250,Apparel,Kids Wear,South,Festive,368.85,449.55,6,103.0,2697.3,2213.1,484.2,17.95
TXN104251,Electronics,Smartphones,South,Monsoon,2669.91,3039.97,5,46.0,15199.85,13349.55,1850.3,12.17
TXN104252,Apparel,Women's Wear,Central,Spring,57.17,72.19,5,54.0,360.95,285.85,75.1,20.81
TXN104253,Grocery,Frozen Foods,East,Festive,466.75,503.61,16,4.0,8057.76,7468.0,589.76,7.32
TXN104254,Grocery,Staples,Central,Summer,426.41,399.45,15,14.0,5991.75,6396.15,-404.4,-6.75
TXN104255,Home & Kitchen,Cookware,North,Spring,189.55,242.05,5,47.0,1210.25,947.75,262.5,21.69
TXN104256,Apparel,Men's Wear,West,Summer,111.14,139.2,5,39.0,696.0,555.7,140.3,20.16
TXN104257,Electronics,Headphones,Central,Summer,2394.07,2612.58,7,33.0,18288.06,16758.49,1529.57,8.36
TXN104258,Electronics,Headphones,West,Monsoon,537.51,571.61,7,46.0,4001.27,3762.57,238.7,5.97
TXN104259,Electronics,Smartphones,West,Festive,1182.82,1295.12,3,38.0,3885.36,3548.46,336.9,8.67
TXN104260,Grocery,Staples,Central,Festive,300.0,315.76,16,7.0,5052.16,4800.0,252.16,4.99
TXN104261,Electronics,Cameras,Central,Summer,2969.6,3326.66,5,47.0,16633.3,14848.0,1785.3,10.73
TXN104262,Apparel,Winter Wear,Central,Winter,77.16,96.01,5,60.0,480.05,385.8,94.25,19.63
TXN104263,Grocery,Snacks,Central,Spring,494.65,509.49,13,16.0,6623.37,6430.45,192.92,2.91
TXN104264,Apparel,Kids Wear,West,Monsoon,54.34,59.36,10,99.0,593.6,543.4,50.2,8.46
TXN104265,Home & Kitchen,Cookware,West,Festive,63.14,73.02,9,45.0,657.18,568.26,88.92,13.53
TXN104266,Beauty & Personal Care,Skincare,Central,Monsoon,398.18,535.11,8,36.0,4280.88,3185.44,1095.44,25.59
TXN104267,Beauty & Personal Care,Fragrances,North,Spring,419.2,463.52,5,59.0,2317.6,2096.0,221.6,9.56
TXN104268,Electronics,Headphones,Central,Monsoon,264.8,284.66,10,45.0,2846.6,2648.0,198.6,6.98
TXN104269,Home & Kitchen,Cookware,Central,Monsoon,257.74,313.59,9,64.0,2822.31,2319.66,502.65,17.81
TXN104270,Apparel,Men's Wear,East,Monsoon,356.62,397.74,5,101.0,1988.7,1783.1,205.6,10.34
TXN104271,Grocery,Beverages,Central,Summer,54.64,50.24,15,19.0,753.6,819.6,-66.0,-8.76
TXN104272,Grocery,Frozen Foods,South,Summer,110.36,120.72,14,11.0,1690.08,1545.04,145.04,8.58
TXN104273,Grocery,Dairy,Central,Festive,299.09,324.62,11,5.0,3570.82,3289.99,280.83,7.86
TXN104274,Apparel,Kids Wear,East,Winter,13.04,16.08,12,52.0,192.96,156.48,36.48,18.91
TXN104275,Electronics,Accessories,West,Festive,2726.81,2831.96,7,68.0,19823.72,19087.67,736.05,3.71
TXN104276,Home & Kitchen,Cookware,Central,Monsoon,414.74,530.28,9,45.0,4772.52,3732.66,1039.86,21.79
TXN104277,Electronics,Accessories,South,Spring,923.64,963.03,8,49.0,7704.24,7389.12,315.12,4.09
TXN104278,Electronics,Accessories,West,Winter,893.36,998.96,5,25.0,4994.8,4466.8,528.0,10.57
TXN104279,Apparel,Men's Wear,South,Winter,487.73,645.83,5,48.0,3229.15,2438.65,790.5,24.48
TXN104280,Beauty & Personal Care,Makeup,South,Festive,185.62,248.94,5,37.0,1244.7,928.1,316.6,25.44
TXN104281,Electronics,Accessories,South,Monsoon,1208.57,1338.45,6,25.0,8030.7,7251.42,779.28,9.7
TXN104282,Apparel,Kids Wear,South,Spring,255.01,327.46,9,36.0,2947.14,2295.09,652.05,22.12
TXN104283,Grocery,Frozen Foods,Central,Winter,267.46,287.24,16,10.0,4595.84,4279.36,316.48,6.89
TXN104284,Home & Kitchen,Storage,East,Festive,248.72,265.99,7,94.0,1861.93,1741.04,120.89,6.49
TXN104285,Home & Kitchen,Cookware,South,Spring,130.98,164.92,12,60.0,1979.04,1571.76,407.28,20.58
TXN104286,Home & Kitchen,Cookware,North,Monsoon,94.16,102.12,8,96.0,816.96,753.28,63.68,7.79
TXN104287,Apparel,Men's Wear,Central,Monsoon,448.22,550.38,7,102.0,3852.66,3137.54,715.12,18.56
TXN104288,Apparel,Women's Wear,East,Monsoon,21.26,26.66,10,55.0,266.6,212.6,54.0,20.26
TXN104289,Home & Kitchen,Appliances,North,Winter,494.17,631.93,8,45.0,5055.44,3953.36,1102.08,21.8
TXN104290,Home & Kitchen,Storage,Central,Monsoon,274.48,332.45,10,55.0,3324.5,2744.8,579.7,17.44
TXN104291,Beauty & Personal Care,Fragrances,East,Winter,232.36,247.56,6,59.0,1485.36,1394.16,91.2,6.14
TXN104292,Home & Kitchen,Storage,East,Festive,91.37,106.27,5,63.0,531.35,456.85,74.5,14.02
TXN104293,Electronics,Cameras,Central,Monsoon,693.75,667.74,4,63.0,2670.96,2775.0,-104.04,-3.9
TXN104294,Electronics,Headphones,South,Winter,416.67,468.74,4,45.0,1874.96,1666.68,208.28,11.11
TXN104295,Grocery,Frozen Foods,South,Monsoon,94.58,95.92,12,16.0,1151.04,1134.96,16.08,1.4
TXN104296,Home & Kitchen,Cookware,Central,Summer,205.84,239.73,5,57.0,1198.65,1029.2,169.45,14.14
TXN104297,Grocery,Frozen Foods,North,Festive,288.7,306.0,11,9.0,3366.0,3175.7,190.3,5.65
TXN104298,Beauty & Personal Care,Skincare,North,Monsoon,90.99,124.92,13,30.0,1623.96,1182.87,441.09,27.16
TXN104299,Electronics,Headphones,South,Winter,2678.69,2878.32,11,44.0,31661.52,29465.59,2195.93,6.94
TXN104300,Grocery,Dairy,East,Spring,447.15,479.85,8,4.0,3838.8,3577.2,261.6,6.81
TXN104301,Grocery,Dairy,North,Spring,322.03,351.75,16,8.0,5628.0,5152.48,475.52,8.45
TXN104302,Apparel,Winter Wear,East,Winter,311.94,376.03,12,93.0,4512.36,3743.28,769.08,17.04
TXN104303,Electronics,Smartphones,North,Festive,327.56,304.47,5,58.0,1522.35,1637.8,-115.45,-7.58
TXN104304,Beauty & Personal Care,Haircare,Central,Spring,43.64,56.91,8,55.0,455.28,349.12,106.16,23.32
TXN104305,Home & Kitchen,Storage,North,Summer,428.73,529.57,9,49.0,4766.13,3858.57,907.56,19.04
TXN104306,Grocery,Beverages,Central,Monsoon,462.26,457.74,22,18.0,10070.28,10169.72,-99.44,-0.99
TXN104307,Electronics,Cameras,East,Monsoon,1053.0,1168.76,3,44.0,3506.28,3159.0,347.28,9.9
TXN104308,Electronics,Laptops,Central,Monsoon,1668.61,1770.78,7,41.0,12395.46,11680.27,715.19,5.77
TXN104309,Grocery,Dairy,South,Monsoon,359.74,374.29,14,18.0,5240.06,5036.36,203.7,3.89
TXN104310,Home & Kitchen,Furniture,East,Spring,422.81,490.3,7,43.0,3432.1,2959.67,472.43,13.77
TXN104311,Apparel,Footwear,North,Festive,190.26,256.71,7,73.0,1796.97,1331.82,465.15,25.89
TXN104312,Grocery,Snacks,West,Monsoon,413.84,412.07,12,17.0,4944.84,4966.08,-21.24,-0.43
TXN104313,Home & Kitchen,Cookware,East,Spring,164.81,202.29,8,45.0,1618.32,1318.48,299.84,18.53
TXN104314,Electronics,Laptops,South,Winter,2905.71,2966.97,6,57.0,17801.82,17434.26,367.56,2.06
TXN104315,Home & Kitchen,Storage,South,Monsoon,294.09,362.04,7,61.0,2534.28,2058.63,475.65,18.77
TXN104316,Grocery,Snacks,Central,Winter,454.07,467.83,18,15.0,8420.94,8173.26,247.68,2.94
TXN104317,Beauty & Personal Care,Fragrances,South,Winter,317.8,386.34,11,54.0,4249.74,3495.8,753.94,17.74
TXN104318,Grocery,Frozen Foods,Central,Winter,165.84,179.78,17,7.0,3056.26,2819.28,236.98,7.75
TXN104319,Apparel,Kids Wear,South,Summer,55.0,63.63,6,101.0,381.78,330.0,51.78,13.56
TXN104320,Electronics,Laptops,,Monsoon,2817.25,3181.62,7,28.0,22271.34,19720.75,2550.59,11.45
TXN104321,Home & Kitchen,Decor,South,Festive,112.7,132.62,9,55.0,1193.58,1014.3,179.28,15.02
TXN104322,Grocery,Beverages,South,Summer,166.2,181.64,14,11.0,2542.96,2326.8,216.16,8.5
TXN104323,Electronics,Smartphones,South,Summer,2679.18,3033.65,8,30.0,24269.2,21433.44,2835.76,11.68
TXN104324,Home & Kitchen,Decor,North,Winter,267.15,317.87,4,44.0,1271.48,1068.6,202.88,15.96
TXN104325,Apparel,Kids Wear,West,Summer,64.45,73.05,8,100.0,584.4,515.6,68.8,11.77
TXN104326,Beauty & Personal Care,Makeup,West,Monsoon,51.21,62.68,5,31.0,313.4,256.05,57.35,18.3
TXN104327,Beauty & Personal Care,Fragrances,South,Spring,409.48,496.54,8,48.0,3972.32,3275.84,696.48,17.53
TXN104328,Beauty & Personal Care,Grooming,South,Summer,56.33,74.87,8,34.0,598.96,450.64,148.32,24.76
TXN104329,Grocery,Staples,West,Spring,42.59,41.4,13,15.0,538.2,553.67,-15.47,-2.87
TXN104330,Beauty & Personal Care,Makeup,East,Summer,362.98,408.22,5,48.0,2041.1,1814.9,226.2,11.08
TXN104331,Home & Kitchen,Cookware,East,Summer,381.09,461.82,5,99.0,2309.1,1905.45,403.65,17.48
TXN104332,Apparel,Women's Wear,East,Summer,367.48,491.0,11,56.0,5401.0,4042.28,1358.72,25.16
TXN104333,Apparel,Winter Wear,North,Winter,36.66,40.26,9,103.0,362.34,329.94,32.4,8.94
TXN104334,Electronics,Accessories,East,Winter,823.47,927.99,6,34.0,5567.94,4940.82,627.12,11.26
TXN104335,Grocery,Staples,South,Winter,362.67,398.09,17,5.0,6767.53,6165.39,602.14,8.9
TXN104336,Home & Kitchen,Appliances,Central,Festive,272.49,339.47,6,65.0,2036.82,1634.94,401.88,19.73
TXN104337,Grocery,Beverages,West,Festive,496.27,488.05,18,15.0,8784.9,8932.86,-147.96,-1.68
TXN104338,Beauty & Personal Care,Makeup,North,Spring,330.01,372.33,6,53.0,2233.98,1980.06,253.92,11.37
TXN104339,Grocery,Frozen Foods,Central,Summer,342.25,319.95,13,17.0,4159.35,4449.25,-289.9,-6.97
TXN104340,Electronics,Smartphones,South,Summer,1931.48,1784.99,5,55.0,8924.95,9657.4,-732.45,-8.21
TXN104341,Electronics,Headphones,South,Spring,929.68,973.72,8,69.0,7789.76,7437.44,352.32,4.52
TXN104342,Grocery,Frozen Foods,West,Spring,277.54,258.2,16,16.0,4131.2,4440.64,-309.44,-7.49
TXN104343,Apparel,Men's Wear,South,Monsoon,411.92,524.82,7,60.0,3673.74,2883.44,790.3,21.51
TXN104344,Beauty & Personal Care,Makeup,West,Monsoon,396.65,509.46,6,41.0,3056.76,2379.9,676.86,22.14
TXN104345,Home & Kitchen,Decor,South,Winter,35.81,40.61,11,75.0,446.71,393.91,52.8,11.82
TXN104346,Beauty & Personal Care,Haircare,North,Festive,445.75,600.24,4,43.0,2400.96,1783.0,617.96,25.74
TXN104347,Grocery,Snacks,East,Summer,452.81,484.03,10,5.0,4840.3,4528.1,312.2,6.45
TXN104348,Grocery,Dairy,South,Festive,283.15,295.77,13,14.0,3845.01,3680.95,164.06,4.27
TXN104349,Home & Kitchen,Decor,East,Winter,406.63,438.34,7,81.0,3068.38,2846.41,221.97,7.23
TXN104350,Grocery,Dairy,East,Monsoon,110.24,115.13,18,10.0,2072.34,1984.32,88.02,4.25
TXN104351,Electronics,Cameras,West,Festive,1009.57,1097.42,5,45.0,5487.1,5047.85,439.25,8.01
TXN104352,Apparel,Winter Wear,West,Festive,407.58,461.31,6,,2767.86,2445.48,322.38,11.65
TXN104353,Beauty & Personal Care,Fragrances,South,Monsoon,424.87,578.92,5,29.0,2894.6,2124.35,770.25,26.61
TXN104354,Beauty & Personal Care,Skincare,South,Spring,397.19,504.29,7,41.0,3530.03,2780.33,749.7,21.24
TXN104355,Home & Kitchen,Furniture,South,Summer,423.9,493.45,5,41.0,2467.25,2119.5,347.75,14.09
TXN104356,Apparel,Winter Wear,North,Spring,350.58,464.75,6,98.0,2788.5,2103.48,685.02,24.57
TXN104357,Electronics,Accessories,East,Winter,1914.73,2061.72,7,54.0,14432.04,13403.11,1028.93,7.13
TXN104358,Electronics,Smartphones,South,Monsoon,2329.13,2521.67,8,41.0,20173.36,18633.04,1540.32,7.64
TXN104359,Electronics,Headphones,East,Winter,2850.28,3137.31,3,67.0,9411.93,8550.84,861.09,9.15
TXN104360,Electronics,Laptops,West,Spring,1441.8,1429.81,6,50.0,8578.86,8650.8,-71.94,-0.84
TXN104361,Grocery,Frozen Foods,North,Spring,462.72,504.86,14,10.0,7068.04,6478.08,589.96,8.35
TXN104362,Apparel,Kids Wear,North,Summer,307.46,372.37,5,104.0,1861.85,1537.3,324.55,17.43
TXN104363,Apparel,Men's Wear,West,Winter,331.75,417.2,13,87.0,5423.6,4312.75,1110.85,20.48
TXN104364,Home & Kitchen,Decor,West,Summer,169.29,206.71,5,60.0,1033.55,846.45,187.1,18.1
TXN104365,Home & Kitchen,Furniture,South,Winter,496.73,620.0,5,58.0,3100.0,2483.65,616.35,19.88
TXN104366,Electronics,Headphones,North,Winter,1272.06,1378.85,5,28.0,6894.25,6360.3,533.95,7.74
TXN104367,Electronics,Cameras,East,Monsoon,763.13,824.49,14,31.0,11542.86,10683.82,859.04,7.44
TXN104368,Apparel,Women's Wear,Central,Monsoon,478.75,581.33,8,65.0,4650.64,3830.0,820.64,17.65
TXN104369,Beauty & Personal Care,Makeup,North,Winter,186.2,215.09,4,49.0,860.36,744.8,115.56,13.43
TXN104370,Apparel,Footwear,Central,Summer,333.01,408.75,4,40.0,1635.0,1332.04,302.96,18.53
TXN104371,Home & Kitchen,Furniture,North,Monsoon,39.25,46.81,8,55.0,374.48,314.0,60.48,16.15
TXN104372,Beauty & Personal Care,Makeup,West,Spring,13.17,16.77,8,30.0,134.16,105.36,28.8,21.47
TXN104373,Grocery,Dairy,Central,Spring,29.58,31.39,11,9.0,345.29,325.38,19.91,5.77
TXN104374,Apparel,Kids Wear,Central,Festive,275.35,374.55,4,35.0,1498.2,1101.4,396.8,26.49
TXN104375,Beauty & Personal Care,Fragrances,Central,Summer,211.46,268.25,7,41.0,1877.75,1480.22,397.53,21.17
TXN104376,Grocery,Snacks,Central,Monsoon,136.08,143.34,13,11.0,1863.42,1769.04,94.38,5.06
TXN104377,Apparel,Men's Wear,East,Summer,417.62,496.04,8,30.0,3968.32,3340.96,627.36,15.81
TXN104378,Apparel,Men's Wear,Central,Spring,262.03,331.4,7,72.0,2319.8,1834.21,485.59,20.93
TXN104379,Grocery,Dairy,North,Winter,78.15,85.96,20,8.0,1719.2,1563.0,156.2,9.09
TXN104380,Grocery,Snacks,North,Summer,225.65,246.14,14,10.0,3445.96,3159.1,286.86,8.32
TXN104381,Electronics,Smartphones,East,Spring,1628.54,1801.4,10,45.0,18014.0,16285.4,1728.6,9.6
TXN104382,Home & Kitchen,Cookware,North,Festive,29.81,31.21,7,73.0,218.47,208.67,9.8,4.49
TXN104383,Grocery,Snacks,North,Summer,129.34,134.77,15,3.0,2021.55,1940.1,81.45,4.03
TXN104384,Home & Kitchen,Decor,East,Summer,335.72,423.7,13,62.0,5508.1,4364.36,1143.74,20.76
TXN104385,Grocery,Dairy,South,Spring,414.26,442.61,15,11.0,6639.15,6213.9,425.25,6.41
TXN104386,Grocery,Staples,West,Winter,15.07,16.5,12,7.0,198.0,180.84,17.16,8.67
TXN104387,Grocery,Dairy,Central,Festive,439.39,413.71,17,13.0,7033.07,7469.63,-436.56,-6.21
TXN104388,Grocery,Frozen Foods,East,Spring,295.56,309.09,12,6.0,3709.08,3546.72,162.36,4.38
TXN104389,Home & Kitchen,Storage,Central,Summer,160.64,202.11,6,44.0,1212.66,963.84,248.82,20.52
TXN104390,Grocery,Dairy,North,Summer,458.56,500.08,11,6.0,5500.88,5044.16,456.72,8.3
TXN104391,Electronics,Smartphones,Central,Summer,1999.63,1995.15,5,62.0,9975.75,9998.15,-22.4,-0.22
TXN104392,Electronics,Accessories,North,Winter,1639.05,1680.65,2,64.0,3361.3,3278.1,83.2,2.48
TXN104393,Grocery,Snacks,South,Winter,336.73,309.07,19,19.0,5872.33,6397.87,-525.54,-8.95
TXN104394,Apparel,Footwear,Central,Winter,337.37,377.59,9,91.0,3398.31,3036.33,361.98,10.65
TXN104395,Beauty & Personal Care,Haircare,South,Spring,22.11,27.01,9,32.0,243.09,198.99,44.1,18.14
TXN104396,Grocery,Dairy,East,Summer,150.67,165.48,18,9.0,2978.64,2712.06,266.58,8.95
TXN104397,Beauty & Personal Care,Haircare,West,Summer,353.64,422.95,9,41.0,3806.55,3182.76,623.79,16.39
TXN104398,Grocery,Staples,East,Winter,160.67,162.17,14,19.0,2270.38,2249.38,21.0,0.92
TXN104399,Apparel,Men's Wear,Central,Festive,336.03,435.6,8,55.0,3484.8,2688.24,796.56,22.86
TXN104400,Home & Kitchen,Cookware,Central,Spring,452.63,550.48,8,55.0,4403.84,3621.04,782.8,17.78
TXN104401,Electronics,Smartphones,South,Summer,2481.21,2686.36,7,30.0,18804.52,17368.47,1436.05,7.64
TXN104402,Grocery,Staples,North,Winter,147.29,154.4,21,11.0,3242.4,3093.09,149.31,4.6
TXN104403,Apparel,Kids Wear,Central,Spring,68.24,83.36,5,59.0,416.8,341.2,75.6,18.14
TXN104404,Beauty & Personal Care,Haircare,South,Winter,106.1,126.11,6,49.0,756.66,636.6,120.06,15.87
TXN104405,Apparel,Men's Wear,East,Spring,231.93,261.23,6,112.0,1567.38,1391.58,175.8,11.22
TXN104406,Home & Kitchen,Decor,North,Summer,458.42,575.84,11,52.0,6334.24,5042.62,1291.62,20.39
TXN104407,Electronics,Cameras,North,Summer,236.76,263.42,8,47.0,2107.36,1894.08,213.28,10.12
TXN104408,Grocery,Staples,East,Monsoon,167.9,176.07,15,8.0,2641.05,2518.5,122.55,4.64
TXN104409,Apparel,Men's Wear,West,Winter,11.94,15.87,8,119.0,126.96,95.52,31.44,24.76
TXN104410,Electronics,Headphones,North,Festive,1786.09,1917.03,7,28.0,13419.21,12502.63,916.58,6.83
TXN104411,Grocery,Snacks,West,Summer,155.64,167.94,12,10.0,2015.28,1867.68,147.6,7.32
TXN104412,Home & Kitchen,Furniture,West,Monsoon,157.47,188.73,5,60.0,943.65,787.35,156.3,16.56
TXN104413,Electronics,Accessories,South,Monsoon,2094.23,2383.34,8,31.0,19066.72,16753.84,2312.88,12.13
TXN104414,Electronics,Smartphones,West,Spring,2537.8,2654.95,4,54.0,10619.8,10151.2,468.6,4.41
TXN104415,Apparel,Kids Wear,East,Spring,23.04,29.96,3,48.0,89.88,69.12,20.76,23.1
TXN104416,Grocery,Snacks,North,Monsoon,273.4,254.11,10,16.0,2541.1,2734.0,-192.9,-7.59
TXN104417,Grocery,Staples,Central,Spring,395.02,424.6,13,3.0,5519.8,5135.26,384.54,6.97
TXN104418,Electronics,Cameras,Central,Winter,2383.23,2687.45,7,27.0,18812.15,16682.61,2129.54,11.32
TXN104419,Grocery,Beverages,East,Winter,469.31,460.77,21,15.0,9676.17,9855.51,-179.34,-1.85
TXN104420,Electronics,Accessories,West,Festive,1109.92,1197.84,12,31.0,14374.08,13319.04,1055.04,7.34
TXN104421,Apparel,Women's Wear,North,Spring,408.18,484.12,7,108.0,3388.84,2857.26,531.58,15.69
TXN104422,Apparel,Kids Wear,Central,Festive,172.67,229.32,5,60.0,1146.6,863.35,283.25,24.7
TXN104423,Grocery,Staples,East,Summer,472.49,467.37,14,17.0,6543.18,6614.86,-71.68,-1.1
TXN104424,Grocery,Snacks,North,Monsoon,318.97,294.17,14,18.0,4118.38,4465.58,-347.2,-8.43
TXN104425,Apparel,Men's Wear,South,Festive,194.67,232.47,8,78.0,1859.76,1557.36,302.4,16.26
TXN104426,Electronics,Cameras,South,Summer,2309.64,2484.28,7,40.0,17389.96,16167.48,1222.48,7.03
TXN104427,Home & Kitchen,Cookware,North,Spring,264.37,276.44,5,80.0,1382.2,1321.85,60.35,4.37
TXN104428,Apparel,Women's Wear,North,Spring,401.18,512.71,8,32.0,4101.68,3209.44,892.24,21.75
TXN104429,Home & Kitchen,Appliances,Central,Festive,378.04,464.89,5,78.0,2324.45,1890.2,434.25,18.68
TXN104430,Beauty & Personal Care,Skincare,South,Summer,385.13,507.54,8,43.0,4060.32,3081.04,979.28,24.12
TXN104431,Beauty & Personal Care,Fragrances,West,Monsoon,435.18,475.65,5,41.0,2378.25,2175.9,202.35,8.51
TXN104432,Grocery,Dairy,East,Festive,376.18,387.16,12,19.0,4645.92,4514.16,131.76,2.84
TXN104433,Grocery,Dairy,West,Festive,410.94,430.0,13,13.0,5590.0,5342.22,247.78,4.43
TXN104434,Apparel,Kids Wear,East,Summer,462.19,557.59,5,93.0,2787.95,2310.95,477.0,17.11
TXN104435,Home & Kitchen,Decor,East,Winter,426.77,492.55,7,92.0,3447.85,2987.39,460.46,13.35
TXN104436,Electronics,Headphones,Central,Summer,2587.75,2716.05,4,,10864.2,10351.0,513.2,4.72
TXN104437,Apparel,Winter Wear,South,Summer,415.71,539.95,6,38.0,3239.7,2494.26,745.44,23.01
TXN104438,Beauty & Personal Care,Haircare,North,Spring,274.97,304.98,5,54.0,1524.9,1374.85,150.05,9.84
TXN104439,Apparel,Kids Wear,West,Festive,335.65,422.19,6,37.0,2533.14,2013.9,519.24,20.5
TXN104440,Home & Kitchen,Decor,South,Spring,14.44,18.23,8,63.0,145.84,115.52,30.32,20.79
TXN104441,Beauty & Personal Care,Makeup,Central,Summer,410.95,455.89,9,57.0,4103.01,3698.55,404.46,9.86
TXN104442,Apparel,Footwear,Central,Monsoon,356.12,439.84,8,59.0,3518.72,2848.96,669.76,19.03
TXN104443,Electronics,Accessories,North,Festive,1400.59,1505.25,10,30.0,15052.5,14005.9,1046.6,6.95
TXN104444,Electronics,Smartphones,East,Summer,2561.42,2580.44,7,58.0,18063.08,17929.94,133.14,0.74
TXN104445,Electronics,Headphones,Central,Festive,1140.59,1241.17,10,35.0,12411.7,11405.9,1005.8,8.1
TXN104446,Home & Kitchen,Appliances,North,Winter,95.75,115.7,10,65.0,1157.0,957.5,199.5,17.24
TXN104447,Home & Kitchen,Furniture,East,Summer,308.66,330.46,7,97.0,2313.22,2160.62,152.6,6.6
TXN104448,Electronics,Headphones,West,Spring,2720.76,3059.01,15,30.0,45885.15,40811.4,5073.75,11.06
TXN104449,Beauty & Personal Care,Grooming,East,Summer,88.97,121.53,6,21.0,729.18,533.82,195.36,26.79
TXN104450,Apparel,Winter Wear,East,Spring,492.53,574.26,8,92.0,4594.08,3940.24,653.84,14.23
TXN104451,Home & Kitchen,Decor,South,Summer,246.65,292.65,2,58.0,585.3,493.3,92.0,15.72
TXN104452,Home & Kitchen,Decor,East,Festive,359.58,417.51,4,80.0,1670.04,1438.32,231.72,13.88
TXN104453,Apparel,Women's Wear,South,Monsoon,390.68,496.76,5,71.0,2483.8,1953.4,530.4,21.35
TXN104454,Home & Kitchen,Storage,South,Summer,208.25,218.34,7,92.0,1528.38,1457.75,70.63,4.62
TXN104455,Electronics,Headphones,West,Summer,2694.66,2578.6,8,58.0,20628.8,21557.28,-928.48,-4.5
TXN104456,Grocery,Snacks,West,Spring,52.63,57.32,15,5.0,859.8,789.45,70.35,8.18
TXN104457,Grocery,Snacks,East,Spring,102.86,108.5,16,9.0,1736.0,1645.76,90.24,5.2
TXN104458,Apparel,Footwear,North,Monsoon,234.66,298.34,9,90.0,2685.06,2111.94,573.12,21.34
TXN104459,Home & Kitchen,Appliances,North,Winter,264.53,306.3,10,43.0,3063.0,2645.3,417.7,13.64
TXN104460,Grocery,Snacks,West,Festive,300.99,314.28,12,10.0,3771.36,3611.88,159.48,4.23
TXN104461,Electronics,Cameras,West,Festive,2834.31,2795.49,10,65.0,27954.9,28343.1,-388.2,-1.39
TXN104462,Beauty & Personal Care,Fragrances,East,Festive,349.64,440.48,9,58.0,3964.32,3146.76,817.56,20.62
TXN104463,Home & Kitchen,Storage,West,Summer,434.01,515.9,10,62.0,5159.0,4340.1,818.9,15.87
TXN104464,Home & Kitchen,Furniture,South,Spring,52.31,61.16,3,92.0,183.48,156.93,26.55,14.47
TXN104465,Home & Kitchen,Appliances,West,Winter,232.6,264.25,9,80.0,2378.25,2093.4,284.85,11.98
TXN104466,Beauty & Personal Care,Haircare,Central,Summer,141.66,169.5,6,52.0,1017.0,849.96,167.04,16.42
TXN104467,Electronics,Smartphones,North,Festive,2311.99,2196.88,9,,19771.92,20807.91,-1035.99,-5.24
TXN104468,Electronics,Cameras,West,Monsoon,2829.09,3199.23,9,31.0,28793.07,25461.81,3331.26,11.57
TXN104469,Apparel,Men's Wear,East,Summer,316.52,387.49,6,69.0,2324.94,1899.12,425.82,18.32
TXN104470,Home & Kitchen,Decor,North,Winter,472.14,575.61,8,63.0,4604.88,3777.12,827.76,17.98
TXN104471,Home & Kitchen,Furniture,South,Monsoon,178.52,216.97,12,82.0,2603.64,2142.24,461.4,17.72
TXN104472,Home & Kitchen,Furniture,West,Spring,124.16,151.0,13,78.0,1963.0,1614.08,348.92,17.77
TXN104473,Grocery,Frozen Foods,North,Monsoon,20.84,21.04,19,19.0,399.76,395.96,3.8,0.95
TXN104474,Home & Kitchen,Appliances,North,Festive,319.08,342.37,4,91.0,1369.48,1276.32,93.16,6.8
TXN104475,Electronics,Cameras,North,Winter,1679.77,1768.28,9,65.0,15914.52,15117.93,796.59,5.01
TXN104476,Apparel,Women's Wear,North,Monsoon,266.52,324.24,7,83.0,2269.68,1865.64,404.04,17.8
TXN104477,Grocery,Staples,West,Spring,447.36,466.06,9,6.0,4194.54,4026.24,168.3,4.01
TXN104478,Home & Kitchen,Cookware,West,Summer,491.07,508.52,7,74.0,3559.64,3437.49,122.15,3.43
TXN104479,Grocery,Frozen Foods,West,Winter,179.67,173.75,14,19.0,2432.5,2515.38,-82.88,-3.41
TXN104480,Beauty & Personal Care,Grooming,Central,Monsoon,358.16,392.63,5,55.0,1963.15,1790.8,172.35,8.78
TXN104481,Electronics,Smartphones,East,Winter,912.56,999.44,6,25.0,5996.64,5475.36,521.28,8.69
TXN104482,Home & Kitchen,Storage,South,Summer,368.04,432.89,7,60.0,3030.23,2576.28,453.95,14.98
TXN104483,Grocery,Frozen Foods,North,Festive,448.99,472.87,13,13.0,6147.31,5836.87,310.44,5.05
TXN104484,Beauty & Personal Care,Grooming,North,Spring,400.78,543.61,7,,3805.27,2805.46,999.81,26.27
TXN104485,Home & Kitchen,Cookware,East,Festive,448.12,508.97,4,86.0,2035.88,1792.48,243.4,11.96
TXN104486,Electronics,Accessories,East,Festive,1573.38,1547.39,10,48.0,15473.9,15733.8,-259.9,-1.68
TXN104487,Grocery,Dairy,North,Summer,389.22,411.82,15,19.0,6177.3,5838.3,339.0,5.49
TXN104488,Beauty & Personal Care,Grooming,Central,Monsoon,416.15,466.04,10,44.0,4660.4,4161.5,498.9,10.71
TXN104489,Home & Kitchen,Cookware,West,Spring,222.33,270.46,7,66.0,1893.22,1556.31,336.91,17.8
TXN104490,Home & Kitchen,Furniture,East,Spring,292.7,363.27,7,56.0,2542.89,2048.9,493.99,19.43
TXN104491,Home & Kitchen,Appliances,South,Festive,164.97,191.72,7,92.0,1342.04,1154.79,187.25,13.95
TXN104492,Grocery,Dairy,West,Monsoon,253.2,273.14,19,15.0,5189.66,4810.8,378.86,7.3
TXN104493,Beauty & Personal Care,Makeup,West,Winter,390.72,526.61,6,27.0,3159.66,2344.32,815.34,25.8
TXN104494,Apparel,Kids Wear,West,Monsoon,348.96,379.59,5,107.0,1897.95,1744.8,153.15,8.07
TXN104495,Beauty & Personal Care,Makeup,Central,Monsoon,396.49,450.33,5,49.0,2251.65,1982.45,269.2,11.96
TXN104496,Apparel,Men's Wear,South,Winter,167.28,204.02,8,111.0,1632.16,1338.24,293.92,18.01
TXN104497,Grocery,Snacks,East,Spring,371.24,403.76,14,9.0,5652.64,5197.36,455.28,8.05
TXN104498,Apparel,Kids Wear,North,Winter,167.44,212.63,9,59.0,1913.67,1506.96,406.71,21.25
TXN104499,Apparel,Kids Wear,South,Monsoon,80.13,103.18,5,35.0,515.9,400.65,115.25,22.34
TXN104500,Electronics,Smartphones,Central,Monsoon,2025.36,1962.83,7,50.0,13739.81,14177.52,-437.71,-3.19
TXN104501,Apparel,Women's Wear,South,Summer,171.45,198.31,7,95.0,1388.17,1200.15,188.02,13.54
TXN104502,Apparel,Women's Wear,East,Winter,172.54,183.93,9,108.0,1655.37,1552.86,102.51,6.19
TXN104503,Electronics,Cameras,North,Winter,2431.69,2377.92,8,65.0,19023.36,19453.52,-430.16,-2.26
TXN104504,Home & Kitchen,Storage,East,Winter,64.61,66.59,7,78.0,466.13,452.27,13.86,2.97
TXN104505,Apparel,Winter Wear,Central,Summer,285.85,342.88,10,74.0,3428.8,2858.5,570.3,16.63
TXN104506,Electronics,Smartphones,West,Festive,1183.88,1140.16,3,68.0,3420.48,3551.64,-131.16,-3.83
TXN104507,Grocery,Dairy,West,Summer,459.07,483.26,18,16.0,8698.68,8263.26,435.42,5.01
TXN104508,Apparel,Men's Wear,West,Monsoon,19.13,24.38,10,38.0,243.8,191.3,52.5,21.53
TXN104509,Apparel,Men's Wear,South,Spring,63.13,71.84,7,91.0,502.88,441.91,60.97,12.12
TXN104510,Home & Kitchen,Decor,South,Festive,107.76,117.13,6,97.0,702.78,646.56,56.22,8.0
TXN104511,Beauty & Personal Care,Makeup,Central,Festive,44.15,58.75,10,30.0,587.5,441.5,146.0,24.85
TXN104512,Grocery,Beverages,,Spring,345.85,351.64,19,15.0,6681.16,6571.15,110.01,1.65
TXN104513,Electronics,Accessories,East,Festive,2363.79,2568.81,7,47.0,17981.67,16546.53,1435.14,7.98
TXN104514,Electronics,Accessories,Central,Summer,2077.75,2052.14,8,53.0,16417.12,16622.0,-204.88,-1.25
TXN104515,Apparel,Men's Wear,Central,Summer,31.6,40.08,5,39.0,200.4,158.0,42.4,21.16
TXN104516,Electronics,Accessories,North,Winter,1647.0,1654.49,8,59.0,13235.92,13176.0,59.92,0.45
TXN104517,Home & Kitchen,Cookware,Central,Spring,495.41,600.1,3,72.0,1800.3,1486.23,314.07,17.45
TXN104518,Beauty & Personal Care,Haircare,South,Summer,14.65,20.11,10,37.0,201.1,146.5,54.6,27.15
TXN104519,Home & Kitchen,Storage,East,Summer,126.0,150.09,9,57.0,1350.81,1134.0,216.81,16.05
TXN104520,Beauty & Personal Care,Haircare,South,Spring,107.11,119.09,9,55.0,1071.81,963.99,107.82,10.06
TXN104521,Home & Kitchen,Storage,South,Festive,441.39,489.23,6,84.0,2935.38,2648.34,287.04,9.78
TXN104522,Home & Kitchen,Decor,Central,Spring,394.02,471.76,8,40.0,3774.08,3152.16,621.92,16.48
TXN104523,Electronics,Cameras,Central,Festive,1128.23,1079.72,5,66.0,5398.6,5641.15,-242.55,-4.49
TXN104524,Electronics,Laptops,South,Winter,1956.3,2116.71,9,29.0,19050.39,17606.7,1443.69,7.58
TXN104525,Electronics,Laptops,North,Summer,2028.5,2217.83,6,53.0,13306.98,12171.0,1135.98,8.54
TXN104526,Beauty & Personal Care,Grooming,South,Spring,318.99,382.63,7,43.0,2678.41,2232.93,445.48,16.63
TXN104527,Electronics,Headphones,West,Spring,2225.31,2139.38,5,56.0,10696.9,11126.55,-429.65,-4.02
TXN104528,Grocery,Frozen Foods,Central,Winter,16.9,18.38,19,11.0,349.22,321.1,28.12,8.05
TXN104529,Apparel,Men's Wear,Central,Summer,347.52,404.63,5,92.0,2023.15,1737.6,285.55,14.11
TXN104530,Apparel,Men's Wear,West,Monsoon,55.28,62.57,12,114.0,750.84,663.36,87.48,11.65
TXN104531,Apparel,Men's Wear,Central,Festive,369.87,436.95,3,99.0,1310.85,1109.61,201.24,15.35
TXN104532,Grocery,Beverages,West,Festive,70.07,72.47,18,15.0,1304.46,1261.26,43.2,3.31
TXN104533,Electronics,Laptops,Central,Spring,2197.63,2360.23,6,40.0,14161.38,13185.78,975.6,6.89
TXN104534,Home & Kitchen,Appliances,West,Winter,257.99,324.67,7,70.0,2272.69,1805.93,466.76,20.54
TXN104535,Electronics,Smartphones,South,Winter,1057.41,1105.55,8,50.0,8844.4,8459.28,385.12,4.35
TXN104536,Grocery,Snacks,North,Spring,63.87,67.32,16,4.0,1077.12,1021.92,55.2,5.12
TXN104537,Grocery,Beverages,South,Spring,99.97,103.87,22,17.0,2285.14,2199.34,85.8,3.75
TXN104538,Grocery,Staples,South,Summer,401.37,398.41,15,15.0,5976.15,6020.55,-44.4,-0.74
TXN104539,Home & Kitchen,Furniture,East,Festive,22.69,24.54,7,87.0,171.78,158.83,12.95,7.54
TXN104540,Electronics,Headphones,West,Winter,263.57,278.55,8,66.0,2228.4,2108.56,119.84,5.38
TXN104541,Electronics,Headphones,West,Festive,1980.82,2136.64,5,26.0,10683.2,9904.1,779.1,7.29
TXN104542,Home & Kitchen,Appliances,South,Monsoon,408.73,409.34,12,84.0,4912.08,4904.76,7.32,0.15
TXN104543,Electronics,Laptops,West,Festive,2290.22,2371.0,8,30.0,18968.0,18321.76,646.24,3.41
TXN104544,Apparel,Winter Wear,West,Festive,309.41,423.29,6,75.0,2539.74,1856.46,683.28,26.9
TXN104545,Electronics,Smartphones,North,Festive,2577.47,2616.0,5,65.0,13080.0,12887.35,192.65,1.47
TXN104546,Apparel,Kids Wear,South,Monsoon,13.77,16.89,8,72.0,135.12,110.16,24.96,18.47
TXN104547,Electronics,Accessories,North,Winter,219.05,243.98,4,40.0,975.92,876.2,99.72,10.22
TXN104548,Home & Kitchen,Decor,East,Spring,28.95,36.44,8,47.0,291.52,231.6,59.92,20.55
TXN104549,Electronics,Smartphones,Central,Spring,2396.41,2690.47,6,36.0,16142.82,14378.46,1764.36,10.93
TXN104550,Beauty & Personal Care,Fragrances,East,Monsoon,329.65,443.52,5,43.0,2217.6,1648.25,569.35,25.67
TXN104551,Electronics,Headphones,Central,Winter,930.37,956.99,3,56.0,2870.97,2791.11,79.86,2.78
TXN104552,Home & Kitchen,Decor,South,Winter,177.01,193.32,3,93.0,579.96,531.03,48.93,8.44
TXN104553,Electronics,Headphones,South,Festive,1270.83,1391.68,8,39.0,11133.44,10166.64,966.8,8.68
TXN104554,Beauty & Personal Care,Fragrances,South,Summer,173.46,197.87,14,52.0,2770.18,2428.44,341.74,12.34
TXN104555,Beauty & Personal Care,Grooming,North,Winter,195.87,242.66,8,58.0,1941.28,1566.96,374.32,19.28
TXN104556,Apparel,Footwear,East,Winter,231.68,259.19,9,116.0,2332.71,2085.12,247.59,10.61
TXN104557,Grocery,Snacks,Central,Summer,475.66,442.86,22,13.0,9742.92,10464.52,-721.6,-7.41
TXN104558,Apparel,Men's Wear,East,Festive,134.61,168.86,7,101.0,1182.02,942.27,239.75,20.28
TXN104559,Apparel,Kids Wear,North,Spring,329.28,391.83,4,32.0,1567.32,1317.12,250.2,15.96
TXN104560,Grocery,Snacks,West,Summer,396.69,382.41,11,16.0,4206.51,4363.59,-157.08,-3.73
TXN104561,Grocery,Snacks,East,Monsoon,405.16,427.2,18,11.0,7689.6,7292.88,396.72,5.16
TXN104562,Electronics,Cameras,Central,Festive,678.04,667.63,6,53.0,4005.78,4068.24,-62.46,-1.56
TXN104563,Electronics,Accessories,East,Monsoon,1999.63,2129.27,9,44.0,19163.43,17996.67,1166.76,6.09
TXN104564,Apparel,Footwear,Central,Festive,442.14,597.24,5,53.0,2986.2,2210.7,775.5,25.97
TXN104565,Beauty & Personal Care,Makeup,East,Winter,160.33,197.05,7,29.0,1379.35,1122.31,257.04,18.63
TXN104566,Apparel,Men's Wear,East,Festive,227.75,295.55,10,57.0,2955.5,2277.5,678.0,22.94
TXN104567,Home & Kitchen,Appliances,Central,Festive,302.21,351.58,5,64.0,1757.9,1511.05,246.85,14.04
TXN104568,Electronics,Laptops,South,Winter,1415.83,1464.22,6,52.0,8785.32,8494.98,290.34,3.3
TXN104569,Apparel,Women's Wear,West,Festive,489.66,608.42,3,85.0,1825.26,1468.98,356.28,19.52
TXN104570,Home & Kitchen,Decor,South,Winter,138.53,164.41,4,64.0,657.64,554.12,103.52,15.74
TXN104571,Electronics,Accessories,East,Winter,2289.78,2347.77,7,69.0,16434.39,16028.46,405.93,2.47
TXN104572,Apparel,Men's Wear,Central,Monsoon,191.93,233.03,8,79.0,1864.24,1535.44,328.8,17.64
TXN104573,Beauty & Personal Care,Haircare,South,Festive,372.12,521.6,8,35.0,4172.8,2976.96,1195.84,28.66
TXN104574,Grocery,Frozen Foods,North,Monsoon,111.25,119.38,11,17.0,1313.18,1223.75,89.43,6.81
TXN104575,Home & Kitchen,Furniture,North,Spring,129.55,141.57,4,91.0,566.28,518.2,48.08,8.49
TXN104576,Apparel,Men's Wear,Central,Winter,428.87,489.72,11,114.0,5386.92,4717.57,669.35,12.43
TXN104577,Electronics,Headphones,South,Spring,1676.71,1909.96,6,43.0,11459.76,10060.26,1399.5,12.21
TXN104578,Home & Kitchen,Decor,Central,Winter,391.63,448.05,9,77.0,4032.45,3524.67,507.78,12.59
TXN104579,Apparel,Men's Wear,North,Winter,494.0,633.85,7,96.0,4436.95,3458.0,978.95,22.06
TXN104580,Electronics,Cameras,Central,Festive,2530.95,2805.68,7,41.0,19639.76,17716.65,1923.11,9.79
TXN104581,Apparel,Men's Wear,Central,Spring,10.89,12.04,7,88.0,84.28,76.23,8.05,9.55
TXN104582,Apparel,Women's Wear,East,Winter,26.96,36.23,6,49.0,217.38,161.76,55.62,25.59
TXN104583,Apparel,Men's Wear,North,Winter,212.82,272.84,9,106.0,2455.56,1915.38,540.18,22.0
TXN104584,Electronics,Accessories,East,Winter,2190.24,2141.02,4,52.0,8564.08,8760.96,-196.88,-2.3
TXN104585,Apparel,Men's Wear,Central,Festive,450.99,539.05,9,42.0,4851.45,4058.91,792.54,16.34
TXN104586,Grocery,Staples,West,Summer,388.59,424.71,11,11.0,4671.81,4274.49,397.32,8.5
TXN104587,Grocery,Beverages,East,Summer,184.41,199.81,16,10.0,3196.96,2950.56,246.4,7.71
TXN104588,Home & Kitchen,Cookware,West,Winter,494.53,571.37,7,83.0,3999.59,3461.71,537.88,13.45
TXN104589,Home & Kitchen,Decor,Central,Winter,495.78,586.06,8,86.0,4688.48,3966.24,722.24,15.4
TXN104590,Apparel,Winter Wear,West,Summer,96.63,100.97,4,100.0,403.88,386.52,17.36,4.3
TXN104591,Beauty & Personal Care,Skincare,Central,Winter,212.13,259.17,4,42.0,1036.68,848.52,188.16,18.15
TXN104592,Grocery,Staples,West,Winter,234.02,236.44,17,17.0,4019.48,3978.34,41.14,1.02
TXN104593,Apparel,Women's Wear,West,Spring,58.68,60.07,8,88.0,480.56,469.44,11.12,2.31
TXN104594,Grocery,Frozen Foods,North,Summer,375.0,368.54,19,14.0,7002.26,7125.0,-122.74,-1.75
TXN104595,Grocery,Dairy,South,Winter,397.54,430.12,11,4.0,4731.32,4372.94,358.38,7.57
TXN104596,Home & Kitchen,Appliances,West,Monsoon,286.9,334.22,6,86.0,2005.32,1721.4,283.92,14.16
TXN104597,Apparel,Footwear,West,Monsoon,350.99,469.56,12,46.0,5634.72,4211.88,1422.84,25.25
TXN104598,Apparel,Kids Wear,West,Festive,159.91,208.83,5,48.0,1044.15,799.55,244.6,23.43
TXN104599,Apparel,Men's Wear,South,Summer,237.96,306.44,8,36.0,2451.52,1903.68,547.84,22.35
TXN104600,Grocery,Frozen Foods,Central,Spring,53.54,58.01,16,4.0,928.16,856.64,71.52,7.71
TXN104601,Grocery,Snacks,West,Spring,269.92,266.97,17,15.0,4538.49,4588.64,-50.15,-1.1
TXN104602,Home & Kitchen,Cookware,North,Spring,182.98,221.08,7,67.0,1547.56,1280.86,266.7,17.23
TXN104603,Electronics,Accessories,Central,Spring,1331.42,1498.37,8,,11986.96,10651.36,1335.6,11.14
TXN104604,Apparel,Women's Wear,South,Festive,259.23,292.2,4,116.0,1168.8,1036.92,131.88,11.28
TXN104605,Home & Kitchen,Decor,North,Festive,88.5,103.99,7,60.0,727.93,619.5,108.43,14.9
TXN104606,Apparel,Footwear,East,Summer,364.41,441.57,7,,3090.99,2550.87,540.12,17.47
TXN104607,Electronics,Accessories,Central,Spring,883.07,950.58,11,35.0,10456.38,9713.77,742.61,7.1
TXN104608,Home & Kitchen,Storage,West,Festive,454.11,535.63,16,42.0,8570.08,7265.76,1304.32,15.22
TXN104609,Apparel,Men's Wear,Central,Monsoon,148.52,165.92,13,77.0,2156.96,1930.76,226.2,10.49
TXN104610,Apparel,Winter Wear,West,Monsoon,67.9,90.38,6,48.0,542.28,407.4,134.88,24.87
TXN104611,Grocery,Snacks,North,Monsoon,199.08,218.31,6,4.0,1309.86,1194.48,115.38,8.81
TXN104612,Grocery,Staples,East,Winter,114.77,116.96,18,13.0,2105.28,2065.86,39.42,1.87
TXN104613,Home & Kitchen,Decor,Central,Summer,463.88,581.65,9,64.0,5234.85,4174.92,1059.93,20.25
TXN104614,Home & Kitchen,Cookware,North,Summer,358.84,389.01,8,97.0,3112.08,2870.72,241.36,7.76
TXN104615,Electronics,Headphones,,Festive,2269.51,2435.88,7,36.0,17051.16,15886.57,1164.59,6.83
TXN104616,Apparel,Women's Wear,North,Monsoon,206.63,274.27,5,111.0,1371.35,1033.15,338.2,24.66
TXN104617,Apparel,Men's Wear,Central,Spring,144.29,155.46,9,115.0,1399.14,1298.61,100.53,7.19
TXN104618,Home & Kitchen,Appliances,North,Monsoon,398.47,461.51,6,62.0,2769.06,2390.82,378.24,13.66
TXN104619,Electronics,Laptops,North,Festive,2078.25,2050.95,6,59.0,12305.7,12469.5,-163.8,-1.33
TXN104620,Electronics,Laptops,North,Winter,1577.62,1722.68,10,28.0,17226.8,15776.2,1450.6,8.42
TXN104621,Beauty & Personal Care,Haircare,East,Winter,309.53,337.68,10,50.0,3376.8,3095.3,281.5,8.34
TXN104622,Home & Kitchen,Storage,West,Festive,331.36,382.7,9,57.0,3444.3,2982.24,462.06,13.42
TXN104623,Apparel,Footwear,North,Spring,180.29,226.88,5,,1134.4,901.45,232.95,20.54
TXN104624,Beauty & Personal Care,Grooming,Central,Winter,243.79,287.6,8,59.0,2300.8,1950.32,350.48,15.23
TXN104625,Beauty & Personal Care,Grooming,East,Winter,60.05,64.99,2,59.0,129.98,120.1,9.88,7.6
TXN104626,Electronics,Accessories,South,Winter,2608.03,2581.92,5,52.0,12909.6,13040.15,-130.55,-1.01
TXN104627,Grocery,Frozen Foods,Central,Summer,168.86,178.73,13,11.0,2323.49,2195.18,128.31,5.52
TXN104628,Apparel,Winter Wear,East,Monsoon,387.95,513.01,6,50.0,3078.06,2327.7,750.36,24.38
TXN104629,Apparel,Kids Wear,North,Festive,164.18,186.74,11,92.0,2054.14,1805.98,248.16,12.08
TXN104630,Grocery,Frozen Foods,South,Summer,377.5,402.46,17,11.0,6841.82,6417.5,424.32,6.2
TXN104631,Apparel,Footwear,East,Monsoon,246.76,305.77,8,65.0,2446.16,1974.08,472.08,19.3
TXN104632,Electronics,Laptops,West,Winter,1474.85,1635.47,8,45.0,13083.76,11798.8,1284.96,9.82
TXN104633,Home & Kitchen,Furniture,West,Monsoon,448.57,542.92,5,48.0,2714.6,2242.85,471.75,17.38
TXN104634,Electronics,Headphones,Central,Summer,2948.77,2811.82,5,55.0,14059.1,14743.85,-684.75,-4.87
TXN104635,Apparel,Men's Wear,East,Festive,228.69,285.58,6,46.0,1713.48,1372.14,341.34,19.92
TXN104636,Beauty & Personal Care,Haircare,North,Summer,274.49,353.39,3,28.0,1060.17,823.47,236.7,22.33
TXN104637,Apparel,Footwear,North,Monsoon,105.21,125.76,12,99.0,1509.12,1262.52,246.6,16.34
TXN104638,Apparel,Women's Wear,Central,Festive,96.81,121.91,8,43.0,975.28,774.48,200.8,20.59
TXN104639,Grocery,Snacks,South,Monsoon,158.52,171.08,18,5.0,3079.44,2853.36,226.08,7.34
TXN104640,Grocery,Snacks,West,Festive,257.89,239.84,13,15.0,3117.92,3352.57,-234.65,-7.53
TXN104641,Grocery,Dairy,East,Winter,261.99,275.39,11,7.0,3029.29,2881.89,147.4,4.87
TXN104642,Beauty & Personal Care,Haircare,South,Winter,160.17,202.08,9,20.0,1818.72,1441.53,377.19,20.74
TXN104643,Beauty & Personal Care,Skincare,East,Winter,201.64,257.49,8,20.0,2059.92,1613.12,446.8,21.69
TXN104644,Electronics,Accessories,West,Winter,756.32,800.66,10,58.0,8006.6,7563.2,443.4,5.54
TXN104645,Apparel,Winter Wear,North,Festive,265.98,327.81,8,56.0,2622.48,2127.84,494.64,18.86
TXN104646,Electronics,Laptops,West,Monsoon,2787.22,2929.34,10,64.0,29293.4,27872.2,1421.2,4.85
TXN104647,Apparel,Men's Wear,West,Festive,157.14,215.51,8,44.0,1724.08,1257.12,466.96,27.08
TXN104648,Home & Kitchen,Cookware,West,Summer,168.91,181.71,9,98.0,1635.39,1520.19,115.2,7.04
TXN104649,Grocery,Dairy,South,Spring,170.13,184.14,14,11.0,2577.96,2381.82,196.14,7.61
TXN104650,Apparel,Winter Wear,North,Monsoon,458.08,592.81,8,38.0,4742.48,3664.64,1077.84,22.73
TXN104651,Home & Kitchen,Cookware,North,Spring,465.49,538.27,6,59.0,3229.62,2792.94,436.68,13.52
TXN104652,Home & Kitchen,Appliances,West,Spring,163.62,207.39,6,47.0,1244.34,981.72,262.62,21.11
TXN104653,Apparel,Men's Wear,West,Summer,495.02,612.5,7,38.0,4287.5,3465.14,822.36,19.18
TXN104654,Apparel,Footwear,South,Winter,158.72,189.2,5,74.0,946.0,793.6,152.4,16.11
TXN104655,Electronics,Smartphones,Central,Spring,2529.47,2479.86,3,50.0,7439.58,7588.41,-148.83,-2.0
TXN104656,Electronics,Accessories,West,Winter,1720.48,1736.45,7,61.0,12155.15,12043.36,111.79,0.92
TXN104657,Home & Kitchen,Cookware,West,Spring,492.79,581.3,4,88.0,2325.2,1971.16,354.04,15.23
TXN104658,Apparel,Men's Wear,East,Monsoon,455.5,603.34,3,32.0,1810.02,1366.5,443.52,24.5
TXN104659,Electronics,Accessories,Central,Spring,2843.47,3083.75,6,51.0,18502.5,17060.82,1441.68,7.79
TXN104660,Home & Kitchen,Furniture,North,Spring,274.91,319.5,12,68.0,3834.0,3298.92,535.08,13.96
TXN104661,Electronics,Headphones,East,Monsoon,1040.08,1005.35,7,59.0,7037.45,7280.56,-243.11,-3.45
TXN104662,Grocery,Beverages,Central,Monsoon,480.27,488.28,17,18.0,8300.76,8164.59,136.17,1.64
TXN104663,Grocery,Snacks,North,Festive,191.5,200.21,14,9.0,2802.94,2681.0,121.94,4.35
TXN104664,Beauty & Personal Care,Makeup,East,Winter,35.91,45.21,11,36.0,497.31,395.01,102.3,20.57
TXN104665,Apparel,Footwear,South,Summer,323.67,375.57,9,89.0,3380.13,2913.03,467.1,13.82
TXN104666,Beauty & Personal Care,Skincare,Central,Winter,150.79,175.88,5,42.0,879.4,753.95,125.45,14.27
TXN104667,Home & Kitchen,Appliances,East,Monsoon,26.53,28.58,12,88.0,342.96,318.36,24.6,7.17
TXN104668,Apparel,Kids Wear,Central,Summer,408.57,494.78,7,95.0,3463.46,2859.99,603.47,17.42
TXN104669,Grocery,Beverages,Central,Festive,484.05,453.31,17,13.0,7706.27,8228.85,-522.58,-6.78
TXN104670,Electronics,Cameras,Central,Winter,679.39,721.26,7,32.0,5048.82,4755.73,293.09,5.81
TXN104671,Home & Kitchen,Storage,West,Winter,290.51,366.36,4,77.0,1465.44,1162.04,303.4,20.7
TXN104672,Home & Kitchen,Storage,North,Spring,57.74,62.33,6,86.0,373.98,346.44,27.54,7.36
TXN104673,Electronics,Laptops,West,Winter,1119.37,1090.89,7,67.0,7636.23,7835.59,-199.36,-2.61
TXN104674,Home & Kitchen,Decor,East,Summer,405.63,464.44,10,86.0,4644.4,4056.3,588.1,12.66
TXN104675,Electronics,Laptops,West,Festive,2549.23,2822.87,6,40.0,16937.22,15295.38,1641.84,9.69
TXN104676,Electronics,Cameras,West,Summer,2433.35,2741.76,10,38.0,27417.6,24333.5,3084.1,11.25
TXN104677,Beauty & Personal Care,Skincare,West,Spring,259.77,326.51,7,38.0,2285.57,1818.39,467.18,20.44
TXN104678,Apparel,Winter Wear,South,Winter,493.5,610.6,9,50.0,5495.4,4441.5,1053.9,19.18
TXN104679,Apparel,Men's Wear,West,Summer,116.03,149.48,7,41.0,1046.36,812.21,234.15,22.38
TXN104680,Home & Kitchen,Storage,North,Winter,266.55,304.7,6,86.0,1828.2,1599.3,228.9,12.52
TXN104681,Beauty & Personal Care,Haircare,East,Summer,486.44,632.64,9,47.0,5693.76,4377.96,1315.8,23.11
TXN104682,Beauty & Personal Care,Skincare,East,Winter,169.55,222.51,9,28.0,2002.59,1525.95,476.64,23.8
TXN104683,Apparel,Winter Wear,South,Summer,329.8,441.57,8,46.0,3532.56,2638.4,894.16,25.31
TXN104684,Apparel,Men's Wear,West,Spring,111.14,135.64,6,74.0,813.84,666.84,147.0,18.06
TXN104685,Electronics,Smartphones,West,Spring,1513.21,1608.04,8,32.0,12864.32,12105.68,758.64,5.9
TXN104686,Home & Kitchen,Cookware,South,Monsoon,35.31,41.64,8,60.0,333.12,282.48,50.64,15.2
TXN104687,Apparel,Women's Wear,South,Summer,263.91,353.34,7,38.0,2473.38,1847.37,626.01,25.31
TXN104688,Electronics,Accessories,East,Festive,298.95,280.83,5,50.0,1404.15,1494.75,-90.6,-6.45
TXN104689,Apparel,Kids Wear,East,Monsoon,229.88,246.52,6,113.0,1479.12,1379.28,99.84,6.75
TXN104690,Beauty & Personal Care,Haircare,North,Monsoon,20.16,25.08,6,48.0,150.48,120.96,29.52,19.62
TXN104691,Electronics,Headphones,West,Monsoon,1267.68,1356.21,7,52.0,9493.47,8873.76,619.71,6.53
TXN104692,Grocery,Snacks,South,Winter,359.53,383.5,23,9.0,8820.5,8269.19,551.31,6.25
TXN104693,Apparel,Winter Wear,Central,Summer,396.26,490.55,9,99.0,4414.95,3566.34,848.61,19.22
TXN104694,Apparel,Men's Wear,West,Winter,10.54,12.68,9,81.0,114.12,94.86,19.26,16.88
TXN104695,Grocery,Snacks,Central,Summer,448.36,487.94,13,11.0,6343.22,5828.68,514.54,8.11
TXN104696,Apparel,Winter Wear,North,Winter,393.84,456.83,10,109.0,4568.3,3938.4,629.9,13.79
TXN104697,Electronics,Headphones,East,Winter,496.72,558.67,10,38.0,5586.7,4967.2,619.5,11.09
TXN104698,Home & Kitchen,Furniture,South,Festive,67.91,79.09,6,53.0,474.54,407.46,67.08,14.14
TXN104699,Home & Kitchen,Decor,South,Winter,104.95,120.67,11,92.0,1327.37,1154.45,172.92,13.03
TXN104700,Apparel,Winter Wear,North,Winter,220.29,256.06,6,77.0,1536.36,1321.74,214.62,13.97
TXN104701,Apparel,Kids Wear,South,Summer,400.75,473.26,9,,4259.34,3606.75,652.59,15.32
TXN104702,Home & Kitchen,Storage,North,Summer,426.55,492.58,9,86.0,4433.22,3838.95,594.27,13.4
TXN104703,Apparel,Women's Wear,South,Winter,419.05,503.14,8,61.0,4025.12,3352.4,672.72,16.71
TXN104704,Beauty & Personal Care,Makeup,East,Monsoon,428.23,599.03,6,26.0,3594.18,2569.38,1024.8,28.51
TXN104705,Grocery,Staples,West,Monsoon,288.49,275.47,21,16.0,5784.87,6058.29,-273.42,-4.73
TXN104706,Apparel,Kids Wear,East,Winter,228.75,301.29,7,57.0,2109.03,1601.25,507.78,24.08
TXN104707,Beauty & Personal Care,Makeup,East,Summer,384.08,480.42,9,21.0,4323.78,3456.72,867.06,20.05
TXN104708,Home & Kitchen,Appliances,Central,Festive,152.1,181.77,5,49.0,908.85,760.5,148.35,16.32
TXN104709,Home & Kitchen,Furniture,North,Summer,447.97,495.35,5,78.0,2476.75,2239.85,236.9,9.56
TXN104710,Beauty & Personal Care,Skincare,Central,Festive,386.57,446.9,8,46.0,3575.2,3092.56,482.64,13.5
TXN104711,Grocery,Snacks,West,Monsoon,403.15,411.75,16,14.0,6588.0,6450.4,137.6,2.09
TXN104712,Electronics,Accessories,East,Spring,1908.63,2163.64,6,41.0,12981.84,11451.78,1530.06,11.79
TXN104713,Apparel,Winter Wear,East,Festive,117.34,150.15,6,52.0,900.9,704.04,196.86,21.85
TXN104714,Grocery,Frozen Foods,Central,Festive,122.09,110.34,19,13.0,2096.46,2319.71,-223.25,-10.65
TXN104715,Beauty & Personal Care,Makeup,Central,Spring,372.49,471.62,8,44.0,3772.96,2979.92,793.04,21.02
TXN104716,Electronics,Laptops,North,Winter,376.94,401.46,6,36.0,2408.76,2261.64,147.12,6.11
TXN104717,Electronics,Headphones,South,Festive,1639.63,1700.49,6,46.0,10202.94,9837.78,365.16,3.58
TXN104718,Grocery,Beverages,Central,Winter,71.54,70.09,8,16.0,560.72,572.32,-11.6,-2.07
TXN104719,Electronics,Headphones,South,Winter,81.21,89.36,6,37.0,536.16,487.26,48.9,9.12
TXN104720,Beauty & Personal Care,Fragrances,North,Summer,294.5,371.09,4,46.0,1484.36,1178.0,306.36,20.64
TXN104721,Apparel,Men's Wear,South,Spring,201.61,235.64,11,91.0,2592.04,2217.71,374.33,14.44
TXN104722,Apparel,Footwear,West,Summer,414.09,508.48,3,74.0,1525.44,1242.27,283.17,18.56
TXN104723,Electronics,Laptops,East,Monsoon,2070.37,2265.82,11,39.0,24924.02,22774.07,2149.95,8.63
TXN104724,Home & Kitchen,Storage,South,Spring,359.82,413.09,15,90.0,6196.35,5397.3,799.05,12.9
TXN104725,Grocery,Frozen Foods,Central,Festive,416.49,441.65,16,13.0,7066.4,6663.84,402.56,5.7
TXN104726,Beauty & Personal Care,Makeup,East,Monsoon,55.37,76.83,10,37.0,768.3,553.7,214.6,27.93
TXN104727,Home & Kitchen,Cookware,South,Monsoon,452.86,553.76,5,90.0,2768.8,2264.3,504.5,18.22
TXN104728,Apparel,Winter Wear,East,Spring,456.27,575.83,8,67.0,4606.64,3650.16,956.48,20.76
TXN104729,Apparel,Footwear,West,Spring,84.83,112.25,5,66.0,561.25,424.15,137.1,24.43
TXN104730,Beauty & Personal Care,Skincare,North,Winter,280.71,371.16,5,50.0,1855.8,1403.55,452.25,24.37
TXN104731,Home & Kitchen,Cookware,Central,Spring,26.12,31.63,5,76.0,158.15,130.6,27.55,17.42
TXN104732,Grocery,Beverages,,Festive,212.17,223.08,15,5.0,3346.2,3182.55,163.65,4.89
TXN104733,Electronics,Accessories,Central,Summer,2200.33,2423.79,7,64.0,16966.53,15402.31,1564.22,9.22
TXN104734,Home & Kitchen,Decor,South,Festive,184.53,236.12,7,44.0,1652.84,1291.71,361.13,21.85
TXN104735,Home & Kitchen,Storage,East,Winter,257.67,305.7,6,52.0,1834.2,1546.02,288.18,15.71
TXN104736,Home & Kitchen,Appliances,Central,Winter,122.79,135.46,6,89.0,812.76,736.74,76.02,9.35
TXN104737,Beauty & Personal Care,Makeup,East,Summer,224.73,274.29,6,20.0,1645.74,1348.38,297.36,18.07
TXN104738,Grocery,Dairy,West,Spring,246.51,252.29,16,17.0,4036.64,3944.16,92.48,2.29
TXN104739,Grocery,Frozen Foods,South,Monsoon,412.36,413.54,14,19.0,5789.56,5773.04,16.52,0.29
TXN104740,Home & Kitchen,Storage,Central,Festive,80.12,95.05,5,47.0,475.25,400.6,74.65,15.71
TXN104741,Grocery,Dairy,Central,Winter,462.85,483.57,15,6.0,7253.55,6942.75,310.8,4.28
TXN104742,Grocery,Staples,North,Spring,19.26,20.18,21,5.0,423.78,404.46,19.32,4.56
TXN104743,Home & Kitchen,Furniture,East,Winter,85.12,100.68,8,84.0,805.44,680.96,124.48,15.45
TXN104744,Electronics,Headphones,East,Monsoon,492.98,485.32,4,55.0,1941.28,1971.92,-30.64,-1.58
TXN104745,Electronics,Headphones,East,Summer,941.32,1066.68,8,27.0,8533.44,7530.56,1002.88,11.75
TXN104746,Apparel,Winter Wear,Central,Winter,20.86,26.53,6,74.0,159.18,125.16,34.02,21.37
TXN104747,Electronics,Accessories,West,Spring,2339.87,2488.74,6,39.0,14932.44,14039.22,893.22,5.98
TXN104748,Home & Kitchen,Decor,South,Monsoon,87.54,97.82,7,76.0,684.74,612.78,71.96,10.51
TXN104749,Apparel,Women's Wear,East,Festive,188.75,201.53,6,99.0,1209.18,1132.5,76.68,6.34
TXN104750,Electronics,Laptops,South,Winter,2961.92,3167.57,4,69.0,12670.28,11847.68,822.6,6.49
TXN104751,Beauty & Personal Care,Skincare,West,Spring,94.3,107.97,10,43.0,1079.7,943.0,136.7,12.66
TXN104752,Home & Kitchen,Decor,West,Summer,342.58,417.77,10,42.0,4177.7,3425.8,751.9,18.0
TXN104753,Electronics,Smartphones,West,Summer,1926.91,1934.03,8,48.0,15472.24,15415.28,56.96,0.37
TXN104754,Apparel,Women's Wear,East,Summer,472.63,559.22,5,65.0,2796.1,2363.15,432.95,15.48
TXN104755,Beauty & Personal Care,Skincare,West,Summer,480.18,601.85,5,52.0,3009.25,2400.9,608.35,20.22
TXN104756,Home & Kitchen,Cookware,South,Festive,414.44,474.45,4,78.0,1897.8,1657.76,240.04,12.65
TXN104757,Grocery,Dairy,North,Spring,357.89,354.75,11,17.0,3902.25,3936.79,-34.54,-0.89
TXN104758,Grocery,Snacks,West,Summer,448.53,413.37,14,19.0,5787.18,6279.42,-492.24,-8.51
TXN104759,Electronics,Laptops,South,Spring,2007.1,2148.03,7,34.0,15036.21,14049.7,986.51,6.56
TXN104760,Beauty & Personal Care,Skincare,East,Monsoon,173.28,233.86,8,39.0,1870.88,1386.24,484.64,25.9
TXN104761,Grocery,Staples,South,Spring,121.44,129.75,17,12.0,2205.75,2064.48,141.27,6.4
TXN104762,Grocery,Frozen Foods,South,Monsoon,497.61,531.46,15,8.0,7971.9,7464.15,507.75,6.37
TXN104763,Home & Kitchen,Cookware,East,Festive,147.56,151.0,9,86.0,1359.0,1328.04,30.96,2.28
TXN104764,Grocery,Staples,South,Spring,383.35,378.18,11,17.0,4159.98,4216.85,-56.87,-1.37
TXN104765,Beauty & Personal Care,Makeup,West,Spring,453.87,606.31,6,22.0,3637.86,2723.22,914.64,25.14
TXN104766,Beauty & Personal Care,Grooming,West,Monsoon,188.47,258.16,6,22.0,1548.96,1130.82,418.14,26.99
TXN104767,Apparel,Women's Wear,North,Summer,59.2,67.76,5,112.0,338.8,296.0,42.8,12.63
TXN104768,Home & Kitchen,Appliances,North,Monsoon,115.53,128.56,12,87.0,1542.72,1386.36,156.36,10.14
TXN104769,Beauty & Personal Care,Skincare,North,Winter,459.12,574.04,6,42.0,3444.24,2754.72,689.52,20.02
TXN104770,Beauty & Personal Care,Makeup,North,Winter,39.74,52.1,9,48.0,468.9,357.66,111.24,23.72
TXN104771,Electronics,Accessories,East,Summer,2563.45,2539.49,4,51.0,10157.96,10253.8,-95.84,-0.94
TXN104772,Home & Kitchen,Decor,East,Summer,19.57,24.55,10,67.0,245.5,195.7,49.8,20.29
TXN104773,Apparel,Kids Wear,West,Summer,91.26,120.65,7,38.0,844.55,638.82,205.73,24.36
TXN104774,Apparel,Kids Wear,Central,Spring,62.06,77.15,8,67.0,617.2,496.48,120.72,19.56
TXN104775,Beauty & Personal Care,Makeup,Central,Festive,411.98,504.76,4,58.0,2019.04,1647.92,371.12,18.38
TXN104776,Electronics,Accessories,Central,Winter,276.11,268.92,9,67.0,2420.28,2484.99,-64.71,-2.67
TXN104777,Grocery,Dairy,South,Summer,38.44,35.83,12,12.0,429.96,461.28,-31.32,-7.28
TXN104778,Beauty & Personal Care,Grooming,South,Spring,466.69,650.02,2,40.0,1300.04,933.38,366.66,28.2
TXN104779,Electronics,Smartphones,West,Summer,1079.72,1049.87,13,61.0,13648.31,14036.36,-388.05,-2.84
TXN104780,Grocery,Dairy,South,Summer,456.32,497.6,14,6.0,6966.4,6388.48,577.92,8.3
TXN104781,Electronics,Laptops,Central,Monsoon,1247.36,1274.39,7,59.0,8920.73,8731.52,189.21,2.12
TXN104782,Grocery,Dairy,North,Monsoon,367.19,398.33,20,4.0,7966.6,7343.8,622.8,7.82
TXN104783,Grocery,Frozen Foods,North,Winter,279.63,302.92,11,5.0,3332.12,3075.93,256.19,7.69
TXN104784,Apparel,Winter Wear,West,Monsoon,58.87,79.08,9,49.0,711.72,529.83,181.89,25.56
TXN104785,Grocery,Dairy,West,Festive,160.74,175.63,22,3.0,3863.86,3536.28,327.58,8.48
TXN104786,Apparel,Winter Wear,East,Winter,396.64,416.04,5,80.0,2080.2,1983.2,97.0,4.66
TXN104787,Beauty & Personal Care,Fragrances,West,Summer,210.34,233.46,2,50.0,466.92,420.68,46.24,9.9
TXN104788,Home & Kitchen,Storage,West,Winter,437.41,536.08,9,45.0,4824.72,3936.69,888.03,18.41
TXN104789,Grocery,Beverages,West,Summer,317.52,306.56,14,14.0,4291.84,4445.28,-153.44,-3.58
TXN104790,Electronics,Accessories,West,Spring,2553.65,2893.11,5,39.0,14465.55,12768.25,1697.3,11.73
TXN104791,Apparel,Women's Wear,West,Spring,405.72,540.12,11,48.0,5941.32,4462.92,1478.4,24.88
TXN104792,Home & Kitchen,Cookware,North,Winter,35.25,41.84,6,90.0,251.04,211.5,39.54,15.75
TXN104793,Beauty & Personal Care,Fragrances,South,Winter,288.9,363.22,9,47.0,3268.98,2600.1,668.88,20.46
TXN104794,Electronics,Cameras,Central,Festive,1237.02,1285.66,9,40.0,11570.94,11133.18,437.76,3.78
TXN104795,Apparel,Winter Wear,North,Monsoon,97.3,124.9,5,85.0,624.5,486.5,138.0,22.1
TXN104796,Grocery,Frozen Foods,North,Spring,400.67,432.67,13,3.0,5624.71,5208.71,416.0,7.4
TXN104797,Home & Kitchen,Cookware,North,Summer,293.07,310.18,7,77.0,2171.26,2051.49,119.77,5.52
TXN104798,Electronics,Smartphones,North,Festive,2250.19,2387.11,6,45.0,14322.66,13501.14,821.52,5.74
TXN104799,Home & Kitchen,Appliances,South,Monsoon,448.25,573.35,6,,3440.1,2689.5,750.6,21.82
TXN104800,Electronics,Headphones,Central,Festive,2392.5,2497.4,4,28.0,9989.6,9570.0,419.6,4.2
TXN104801,Apparel,Footwear,East,Festive,316.92,367.39,4,76.0,1469.56,1267.68,201.88,13.74
TXN104802,Electronics,Smartphones,South,Spring,522.15,524.78,7,60.0,3673.46,3655.05,18.41,0.5
TXN104803,Apparel,Men's Wear,North,Summer,440.8,528.33,9,75.0,4754.97,3967.2,787.77,16.57
TXN104804,Apparel,Men's Wear,South,Festive,485.82,611.02,7,113.0,4277.14,3400.74,876.4,20.49
TXN104805,Home & Kitchen,Storage,North,Winter,137.16,148.54,12,96.0,1782.48,1645.92,136.56,7.66
TXN104806,Electronics,Headphones,North,Spring,1475.15,1640.64,8,42.0,13125.12,11801.2,1323.92,10.09
TXN104807,Electronics,Cameras,South,Winter,654.43,719.35,4,38.0,2877.4,2617.72,259.68,9.02
TXN104808,Home & Kitchen,Storage,East,Winter,43.51,50.56,9,52.0,455.04,391.59,63.45,13.94
TXN104809,Grocery,Frozen Foods,South,Monsoon,95.56,99.53,16,11.0,1592.48,1528.96,63.52,3.99
TXN104810,Grocery,Dairy,East,Spring,309.45,288.75,10,12.0,2887.5,3094.5,-207.0,-7.17
TXN104811,Grocery,Frozen Foods,Central,Spring,80.48,83.52,17,18.0,1419.84,1368.16,51.68,3.64
TXN104812,Home & Kitchen,Decor,South,Festive,388.45,399.05,6,80.0,2394.3,2330.7,63.6,2.66
TXN104813,Electronics,Cameras,South,Summer,1052.06,1162.93,10,67.0,11629.3,10520.6,1108.7,9.53
TXN104814,Apparel,Footwear,West,Summer,157.67,187.67,8,107.0,1501.36,1261.36,240.0,15.99
TXN104815,Grocery,Beverages,West,Festive,216.37,237.31,13,9.0,3085.03,2812.81,272.22,8.82
TXN104816,Beauty & Personal Care,Haircare,South,Spring,149.44,202.75,5,33.0,1013.75,747.2,266.55,26.29
TXN104817,Home & Kitchen,Decor,North,Monsoon,480.85,549.87,9,96.0,4948.83,4327.65,621.18,12.55
TXN104818,Home & Kitchen,Storage,Central,Monsoon,359.66,392.42,4,89.0,1569.68,1438.64,131.04,8.35
TXN104819,Beauty & Personal Care,Haircare,North,Winter,239.46,327.77,2,27.0,655.54,478.92,176.62,26.94
TXN104820,Apparel,Men's Wear,East,Winter,464.07,584.59,9,50.0,5261.31,4176.63,1084.68,20.62
TXN104821,Home & Kitchen,Cookware,North,Winter,145.9,151.61,5,92.0,758.05,729.5,28.55,3.77
TXN104822,Apparel,Women's Wear,North,Summer,353.75,457.31,8,49.0,3658.48,2830.0,828.48,22.65
TXN104823,Home & Kitchen,Appliances,North,Winter,49.19,57.7,7,90.0,403.9,344.33,59.57,14.75
TXN104824,Home & Kitchen,Appliances,West,Festive,100.79,111.98,9,92.0,1007.82,907.11,100.71,9.99
TXN104825,Electronics,Smartphones,West,Winter,2510.52,2446.73,11,67.0,26914.03,27615.72,-701.69,-2.61
TXN104826,Beauty & Personal Care,Skincare,South,Monsoon,166.61,217.26,8,23.0,1738.08,1332.88,405.2,23.31
TXN104827,Electronics,Accessories,Central,Monsoon,177.42,196.35,4,53.0,785.4,709.68,75.72,9.64
TXN104828,Home & Kitchen,Storage,South,Summer,379.49,436.61,8,42.0,3492.88,3035.92,456.96,13.08
TXN104829,Grocery,Frozen Foods,Central,Spring,130.08,129.54,17,12.0,2202.18,2211.36,-9.18,-0.42
TXN104830,Grocery,Staples,South,Spring,459.96,486.65,19,5.0,9246.35,8739.24,507.11,5.48
TXN104831,Beauty & Personal Care,Fragrances,East,Spring,287.95,363.04,6,26.0,2178.24,1727.7,450.54,20.68
TXN104832,Electronics,Smartphones,West,Spring,1340.72,1435.11,6,31.0,8610.66,8044.32,566.34,6.58
TXN104833,Apparel,Men's Wear,Central,Monsoon,156.1,184.51,5,112.0,922.55,780.5,142.05,15.4
TXN104834,Apparel,Men's Wear,Central,Monsoon,486.75,594.14,9,108.0,5347.26,4380.75,966.51,18.07
TXN104835,Grocery,Frozen Foods,West,Festive,445.85,482.44,17,3.0,8201.48,7579.45,622.03,7.58
TXN104836,Beauty & Personal Care,Haircare,West,Summer,36.99,49.34,6,30.0,296.04,221.94,74.1,25.03
TXN104837,Grocery,Beverages,West,Monsoon,150.48,161.23,14,19.0,2257.22,2106.72,150.5,6.67
TXN104838,Electronics,Laptops,South,Festive,2187.93,2290.77,6,46.0,13744.62,13127.58,617.04,4.49
TXN104839,Home & Kitchen,Cookware,Central,Spring,127.91,132.01,2,83.0,264.02,255.82,8.2,3.11
TXN104840,Beauty & Personal Care,Skincare,East,Monsoon,264.98,345.81,4,31.0,1383.24,1059.92,323.32,23.37
TXN104841,Electronics,Laptops,West,Winter,970.1,1043.05,3,38.0,3129.15,2910.3,218.85,6.99
TXN104842,Beauty & Personal Care,Skincare,East,Winter,372.4,428.88,13,56.0,5575.44,4841.2,734.24,13.17
TXN104843,Apparel,Men's Wear,Central,Festive,23.03,27.36,8,90.0,218.88,184.24,34.64,15.83
TXN104844,Apparel,Women's Wear,West,Winter,416.48,483.7,7,92.0,3385.9,2915.36,470.54,13.9
TXN104845,Apparel,Winter Wear,East,Monsoon,301.14,376.1,10,77.0,3761.0,3011.4,749.6,19.93
TXN104846,Apparel,Kids Wear,East,Monsoon,259.01,339.0,6,70.0,2034.0,1554.06,479.94,23.6
TXN104847,Home & Kitchen,Cookware,South,Winter,278.42,353.35,8,70.0,2826.8,2227.36,599.44,21.21
TXN104848,Grocery,Dairy,North,Spring,47.84,52.43,22,6.0,1153.46,1052.48,100.98,8.75
TXN104849,Apparel,Kids Wear,Central,Spring,357.05,455.68,5,66.0,2278.4,1785.25,493.15,21.64
TXN104850,Home & Kitchen,Cookware,West,Festive,174.4,189.94,6,91.0,1139.64,1046.4,93.24,8.18
TXN104851,Electronics,Headphones,Central,Festive,1422.55,1513.04,9,47.0,13617.36,12802.95,814.41,5.98
TXN104852,Home & Kitchen,Furniture,Central,Monsoon,398.52,427.62,5,79.0,2138.1,1992.6,145.5,6.81
TXN104853,Beauty & Personal Care,Skincare,South,Festive,357.46,455.32,12,22.0,5463.84,4289.52,1174.32,21.49
TXN104854,Beauty & Personal Care,Skincare,South,Monsoon,112.6,143.71,4,41.0,574.84,450.4,124.44,21.65
TXN104855,Grocery,Frozen Foods,North,Monsoon,468.31,494.35,10,5.0,4943.5,4683.1,260.4,5.27
TXN104856,Beauty & Personal Care,Grooming,South,Winter,308.61,382.93,8,39.0,3063.44,2468.88,594.56,19.41
TXN104857,Grocery,Snacks,South,Summer,284.09,300.74,21,5.0,6315.54,5965.89,349.65,5.54
TXN104858,Beauty & Personal Care,Haircare,West,Festive,239.37,340.57,9,33.0,3065.13,2154.33,910.8,29.71
TXN104859,Apparel,Footwear,West,Monsoon,318.31,418.36,6,54.0,2510.16,1909.86,600.3,23.91
TXN104860,Beauty & Personal Care,Grooming,West,Spring,293.57,350.71,5,47.0,1753.55,1467.85,285.7,16.29
TXN104861,Home & Kitchen,Appliances,West,Spring,78.76,98.53,6,44.0,591.18,472.56,118.62,20.06
TXN104862,Electronics,Accessories,West,Monsoon,832.52,927.96,8,46.0,7423.68,6660.16,763.52,10.28
TXN104863,Apparel,Kids Wear,East,Summer,344.04,426.19,9,88.0,3835.71,3096.36,739.35,19.28
TXN104864,Home & Kitchen,Storage,South,Festive,357.58,457.7,5,55.0,2288.5,1787.9,500.6,21.87
TXN104865,Electronics,Laptops,West,Festive,1225.24,1360.38,8,29.0,10883.04,9801.92,1081.12,9.93
TXN104866,Electronics,Cameras,South,Festive,598.65,562.84,4,53.0,2251.36,2394.6,-143.24,-6.36
TXN104867,Home & Kitchen,Appliances,West,Summer,291.4,362.74,6,51.0,2176.44,1748.4,428.04,19.67
TXN104868,Apparel,Men's Wear,East,Spring,266.18,348.06,10,74.0,3480.6,2661.8,818.8,23.52
TXN104869,Apparel,Women's Wear,South,Winter,197.5,239.73,5,114.0,1198.65,987.5,211.15,17.62
TXN104870,Beauty & Personal Care,Makeup,South,Monsoon,352.2,458.6,5,32.0,2293.0,1761.0,532.0,23.2
TXN104871,Electronics,Cameras,East,Summer,2206.77,2340.59,9,44.0,21065.31,19860.93,1204.38,5.72
TXN104872,Electronics,Accessories,East,Monsoon,2630.29,2945.66,6,32.0,17673.96,15781.74,1892.22,10.71
TXN104873,Grocery,Dairy,North,Festive,119.82,130.9,17,7.0,2225.3,2036.94,188.36,8.46
TXN104874,Apparel,Footwear,West,Monsoon,476.97,560.07,6,96.0,3360.42,2861.82,498.6,14.84
TXN104875,Beauty & Personal Care,Skincare,North,Spring,358.94,475.62,7,23.0,3329.34,2512.58,816.76,24.53
TXN104876,Apparel,Winter Wear,Central,Summer,201.35,238.96,7,109.0,1672.72,1409.45,263.27,15.74
TXN104877,Electronics,Laptops,Central,Spring,152.34,166.57,7,33.0,1165.99,1066.38,99.61,8.54
TXN104878,Grocery,Beverages,West,Summer,115.5,120.73,19,19.0,2293.87,2194.5,99.37,4.33
TXN104879,Apparel,Footwear,North,Festive,155.82,204.27,6,64.0,1225.62,934.92,290.7,23.72
TXN104880,Home & Kitchen,Cookware,East,Spring,464.92,559.17,8,85.0,4473.36,3719.36,754.0,16.86
TXN104881,Home & Kitchen,Storage,West,Summer,108.67,125.11,10,51.0,1251.1,1086.7,164.4,13.14
TXN104882,Grocery,Staples,North,Winter,80.31,75.27,11,12.0,827.97,883.41,-55.44,-6.7
TXN104883,Grocery,Frozen Foods,West,Festive,158.69,169.66,17,6.0,2884.22,2697.73,186.49,6.47
TXN104884,Apparel,Men's Wear,East,Summer,213.0,270.75,6,56.0,1624.5,1278.0,346.5,21.33
TXN104885,Home & Kitchen,Cookware,North,Festive,169.83,199.76,6,86.0,1198.56,1018.98,179.58,14.98
TXN104886,Apparel,Winter Wear,North,Summer,310.67,357.86,7,80.0,2505.02,2174.69,330.33,13.19
TXN104887,Home & Kitchen,Appliances,Central,Winter,464.2,493.96,7,71.0,3457.72,3249.4,208.32,6.02
TXN104888,Beauty & Personal Care,Skincare,Central,Winter,429.81,576.42,8,23.0,4611.36,3438.48,1172.88,25.43
TXN104889,Beauty & Personal Care,Grooming,North,Winter,281.99,370.63,7,54.0,2594.41,1973.93,620.48,23.92
TXN104890,Grocery,Staples,West,Monsoon,389.82,410.37,14,6.0,5745.18,5457.48,287.7,5.01
TXN104891,Grocery,Frozen Foods,Central,Monsoon,477.44,524.0,16,4.0,8384.0,7639.04,744.96,8.89
TXN104892,Apparel,Men's Wear,South,Festive,327.36,405.48,6,59.0,2432.88,1964.16,468.72,19.27
TXN104893,Electronics,Cameras,North,Festive,1460.56,1523.58,11,66.0,16759.38,16066.16,693.22,4.14
TXN104894,Beauty & Personal Care,Haircare,East,Summer,452.57,550.63,9,42.0,4955.67,4073.13,882.54,17.81
TXN104895,Beauty & Personal Care,Makeup,North,Spring,424.62,584.37,6,33.0,3506.22,2547.72,958.5,27.34
TXN104896,Apparel,Men's Wear,Central,Spring,191.59,236.39,10,98.0,2363.9,1915.9,448.0,18.95
TXN104897,Home & Kitchen,Appliances,East,Summer,320.04,329.35,3,99.0,988.05,960.12,27.93,2.83
TXN104898,Apparel,Winter Wear,Central,Festive,427.19,576.83,13,74.0,7498.79,5553.47,1945.32,25.94
TXN104899,Apparel,Footwear,Central,Monsoon,260.68,309.12,9,49.0,2782.08,2346.12,435.96,15.67
TXN104900,Electronics,Smartphones,North,Spring,1387.67,1366.69,7,49.0,9566.83,9713.69,-146.86,-1.54
TXN104901,Apparel,Men's Wear,West,Monsoon,288.34,362.89,3,37.0,1088.67,865.02,223.65,20.54
TXN104902,Home & Kitchen,Furniture,West,Monsoon,354.78,353.47,8,82.0,2827.76,2838.24,-10.48,-0.37
TXN104903,Apparel,Winter Wear,South,Summer,163.86,178.94,2,105.0,357.88,327.72,30.16,8.43
TXN104904,Electronics,Smartphones,Central,Spring,2103.95,2295.84,7,52.0,16070.88,14727.65,1343.23,8.36
TXN104905,Grocery,Dairy,North,Summer,420.41,410.03,11,17.0,4510.33,4624.51,-114.18,-2.53
TXN104906,Home & Kitchen,Cookware,West,Monsoon,81.52,100.82,5,53.0,504.1,407.6,96.5,19.14
TXN104907,Electronics,Headphones,Central,Festive,2768.95,2913.8,4,31.0,11655.2,11075.8,579.4,4.97
TXN104908,Beauty & Personal Care,Skincare,North,Summer,69.57,86.74,1,45.0,86.74,69.57,17.17,19.79
TXN104909,Electronics,Headphones,South,Monsoon,2689.93,3026.97,9,31.0,27242.73,24209.37,3033.36,11.13
TXN104910,Apparel,Footwear,Central,Festive,484.87,637.46,6,57.0,3824.76,2909.22,915.54,23.94
TXN104911,Electronics,Laptops,Central,Summer,1832.0,1846.98,5,58.0,9234.9,9160.0,74.9,0.81
TXN104912,Home & Kitchen,Furniture,West,Festive,404.57,446.22,8,94.0,3569.76,3236.56,333.2,9.33
TXN104913,Electronics,Cameras,East,Monsoon,707.83,778.66,6,32.0,4671.96,4246.98,424.98,9.1
TXN104914,Grocery,Dairy,Central,Monsoon,281.06,306.62,13,8.0,3986.06,3653.78,332.28,8.34
TXN104915,Electronics,Smartphones,Central,Festive,2373.02,2582.56,3,30.0,7747.68,7119.06,628.62,8.11
TXN104916,Grocery,Snacks,East,Festive,144.18,152.72,17,7.0,2596.24,2451.06,145.18,5.59
TXN104917,Grocery,Snacks,South,Summer,475.49,500.22,15,4.0,7503.3,7132.35,370.95,4.94
TXN104918,Grocery,Frozen Foods,Central,Festive,480.44,517.25,10,11.0,5172.5,4804.4,368.1,7.12
TXN104919,Electronics,Laptops,West,Winter,1925.09,2185.66,5,45.0,10928.3,9625.45,1302.85,11.92
TXN104920,Home & Kitchen,Storage,West,Spring,257.58,304.7,5,67.0,1523.5,1287.9,235.6,15.46
TXN104921,Home & Kitchen,Appliances,North,Summer,342.45,355.29,5,94.0,1776.45,1712.25,64.2,3.61
TXN104922,Apparel,Kids Wear,South,Summer,51.11,66.72,6,51.0,400.32,306.66,93.66,23.4
TXN104923,Electronics,Cameras,North,Summer,1165.33,1156.33,9,62.0,10406.97,10487.97,-81.0,-0.78
TXN104924,Grocery,Snacks,East,Spring,40.93,39.52,16,13.0,632.32,654.88,-22.56,-3.57
TXN104925,Apparel,Women's Wear,South,Summer,345.35,401.23,6,91.0,2407.38,2072.1,335.28,13.93
TXN104926,Home & Kitchen,Storage,East,Festive,76.17,78.08,9,80.0,702.72,685.53,17.19,2.45
TXN104927,Home & Kitchen,Appliances,South,Winter,95.33,120.88,8,51.0,967.04,762.64,204.4,21.14
TXN104928,Apparel,Women's Wear,North,Spring,86.0,106.51,5,48.0,532.55,430.0,102.55,19.26
TXN104929,Beauty & Personal Care,Makeup,South,Winter,136.27,188.03,7,34.0,1316.21,953.89,362.32,27.53
TXN104930,Apparel,Women's Wear,North,Winter,255.97,309.11,11,92.0,3400.21,2815.67,584.54,17.19
TXN104931,Apparel,Kids Wear,North,Spring,471.74,519.52,5,119.0,2597.6,2358.7,238.9,9.2
TXN104932,Apparel,Kids Wear,South,Spring,163.69,211.6,7,35.0,1481.2,1145.83,335.37,22.64
TXN104933,Beauty & Personal Care,Skincare,North,Festive,484.52,599.71,7,51.0,4197.97,3391.64,806.33,19.21
TXN104934,Grocery,Frozen Foods,East,Festive,338.81,353.34,16,3.0,5653.44,5420.96,232.48,4.11
TXN104935,Grocery,Snacks,North,Summer,498.51,476.78,12,15.0,5721.36,5982.12,-260.76,-4.56
TXN104936,Apparel,Kids Wear,East,Festive,206.35,273.72,13,62.0,3558.36,2682.55,875.81,24.61
TXN104937,Apparel,Women's Wear,North,Festive,465.12,555.2,9,97.0,4996.8,4186.08,810.72,16.22
TXN104938,Beauty & Personal Care,Makeup,Central,Festive,281.61,381.68,8,53.0,3053.44,2252.88,800.56,26.22
TXN104939,Apparel,Footwear,South,Winter,188.45,230.57,5,94.0,1152.85,942.25,210.6,18.27
TXN104940,Electronics,Headphones,West,Monsoon,2168.75,2321.16,8,31.0,18569.28,17350.0,1219.28,6.57
TXN104941,Apparel,Men's Wear,East,Summer,399.58,509.0,8,92.0,4072.0,3196.64,875.36,21.5
TXN104942,Grocery,Beverages,Central,Monsoon,420.97,443.01,20,4.0,8860.2,8419.4,440.8,4.98
TXN104943,Apparel,Men's Wear,Central,Spring,351.94,412.63,6,83.0,2475.78,2111.64,364.14,14.71
TXN104944,Electronics,Headphones,South,Winter,1674.4,1886.33,7,28.0,13204.31,11720.8,1483.51,11.24
TXN104945,Grocery,Frozen Foods,Central,Winter,359.3,375.32,14,3.0,5254.48,5030.2,224.28,4.27
TXN104946,Grocery,Frozen Foods,West,Festive,245.46,269.39,14,5.0,3771.46,3436.44,335.02,8.88
TXN104947,Electronics,Cameras,South,Monsoon,1467.59,1489.46,7,51.0,10426.22,10273.13,153.09,1.47
TXN104948,Apparel,Footwear,Central,Festive,57.62,69.32,6,83.0,415.92,345.72,70.2,16.88
TXN104949,Home & Kitchen,Decor,East,Spring,199.62,247.26,6,60.0,1483.56,1197.72,285.84,19.27
TXN104950,Home & Kitchen,Appliances,North,Winter,349.35,434.09,5,64.0,2170.45,1746.75,423.7,19.52
TXN104951,Grocery,Beverages,West,Summer,422.44,451.02,13,3.0,5863.26,5491.72,371.54,6.34
TXN104952,Grocery,Snacks,East,Winter,151.02,162.53,14,10.0,2275.42,2114.28,161.14,7.08
TXN104953,Home & Kitchen,Storage,East,Winter,186.01,207.16,5,98.0,1035.8,930.05,105.75,10.21
TXN104954,Electronics,Smartphones,South,Summer,1251.99,1423.05,7,43.0,9961.35,8763.93,1197.42,12.02
TXN104955,Electronics,Headphones,East,Monsoon,653.54,631.77,6,66.0,3790.62,3921.24,-130.62,-3.45
TXN104956,Home & Kitchen,Storage,West,Winter,465.8,525.34,4,74.0,2101.36,1863.2,238.16,11.33
TXN104957,Apparel,Winter Wear,East,Spring,436.36,574.27,5,65.0,2871.35,2181.8,689.55,24.01
TXN104958,Electronics,Accessories,West,Monsoon,2778.19,3122.86,7,41.0,21860.02,19447.33,2412.69,11.04
TXN104959,Electronics,Laptops,East,Spring,2821.67,3072.06,6,33.0,18432.36,16930.02,1502.34,8.15
TXN104960,Beauty & Personal Care,Fragrances,Central,Winter,473.82,617.92,5,39.0,3089.6,2369.1,720.5,23.32
TXN104961,Electronics,Cameras,South,Spring,2603.39,2816.59,4,36.0,11266.36,10413.56,852.8,7.57
TXN104962,Grocery,Snacks,South,Festive,170.72,156.9,20,16.0,3138.0,3414.4,-276.4,-8.81
TXN104963,Apparel,Winter Wear,East,Spring,448.05,604.44,6,43.0,3626.64,2688.3,938.34,25.87
TXN104964,Apparel,Winter Wear,West,Festive,12.95,14.83,4,111.0,59.32,51.8,7.52,12.68
TXN104965,Home & Kitchen,Furniture,South,Summer,300.38,334.1,10,87.0,3341.0,3003.8,337.2,10.09
TXN104966,Home & Kitchen,Decor,West,Winter,404.94,447.03,7,85.0,3129.21,2834.58,294.63,9.42
TXN104967,Apparel,Men's Wear,North,Summer,270.12,350.22,11,73.0,3852.42,2971.32,881.1,22.87
TXN104968,Apparel,Men's Wear,East,Festive,92.77,111.83,5,52.0,559.15,463.85,95.3,17.04
TXN104969,Home & Kitchen,Storage,West,Festive,133.67,147.03,4,99.0,588.12,534.68,53.44,9.09
TXN104970,Home & Kitchen,Furniture,North,Monsoon,428.83,455.34,8,72.0,3642.72,3430.64,212.08,5.82
TXN104971,Beauty & Personal Care,Makeup,Central,Winter,407.47,525.62,6,,3153.72,2444.82,708.9,22.48
TXN104972,Grocery,Dairy,South,Festive,27.5,29.4,13,5.0,382.2,357.5,24.7,6.46
TXN104973,Grocery,Beverages,North,Spring,170.63,171.8,10,19.0,1718.0,1706.3,11.7,0.68
TXN104974,Home & Kitchen,Storage,North,Summer,216.9,276.58,4,42.0,1106.32,867.6,238.72,21.58
TXN104975,Electronics,Laptops,Central,Summer,2363.41,2650.48,3,28.0,7951.44,7090.23,861.21,10.83
TXN104976,Apparel,Winter Wear,,Winter,453.27,549.59,8,53.0,4396.72,3626.16,770.56,17.53
TXN104977,Home & Kitchen,Storage,South,Summer,273.43,320.56,9,98.0,2885.04,2460.87,424.17,14.7
TXN104978,Beauty & Personal Care,Grooming,Central,Summer,408.05,561.45,4,32.0,2245.8,1632.2,613.6,27.32
TXN104979,Beauty & Personal Care,Makeup,Central,Monsoon,191.92,225.68,7,46.0,1579.76,1343.44,236.32,14.96
TXN104980,Grocery,Beverages,West,Festive,80.38,73.81,6,16.0,442.86,482.28,-39.42,-8.9
TXN104981,Electronics,Accessories,East,Monsoon,2753.54,2952.93,6,35.0,17717.58,16521.24,1196.34,6.75
TXN104982,Beauty & Personal Care,Grooming,North,Festive,247.58,347.23,1,24.0,347.23,247.58,99.65,28.7
TXN104983,Beauty & Personal Care,Haircare,South,Winter,422.56,498.01,4,47.0,1992.04,1690.24,301.8,15.15
TXN104984,Apparel,Winter Wear,South,Festive,434.01,531.22,6,113.0,3187.32,2604.06,583.26,18.3
TXN104985,Grocery,Staples,Central,Festive,390.1,427.35,10,8.0,4273.5,3901.0,372.5,8.72
TXN104986,Apparel,Footwear,North,Monsoon,206.21,247.81,5,102.0,1239.05,1031.05,208.0,16.79
TXN104987,Beauty & Personal Care,Grooming,Central,Winter,19.07,25.93,6,31.0,155.58,114.42,41.16,26.46
TXN104988,Grocery,Frozen Foods,Central,Winter,348.65,372.33,16,6.0,5957.28,5578.4,378.88,6.36
TXN104989,Home & Kitchen,Cookware,North,Summer,140.53,162.84,4,42.0,651.36,562.12,89.24,13.7
TXN104990,Electronics,Smartphones,North,Summer,353.24,379.22,4,39.0,1516.88,1412.96,103.92,6.85
TXN104991,Apparel,Kids Wear,East,Festive,274.0,344.29,7,41.0,2410.03,1918.0,492.03,20.42
TXN104992,Home & Kitchen,Appliances,South,Summer,253.77,305.62,8,68.0,2444.96,2030.16,414.8,16.97
TXN104993,Grocery,Frozen Foods,East,Winter,498.38,495.22,17,18.0,8418.74,8472.46,-53.72,-0.64
TXN104994,Beauty & Personal Care,Makeup,East,Winter,496.75,600.35,5,52.0,3001.75,2483.75,518.0,17.26
TXN104995,Grocery,Dairy,South,Spring,250.67,230.5,19,14.0,4379.5,4762.73,-383.23,-8.75
TXN104996,Grocery,Snacks,West,Festive,314.18,332.57,19,5.0,6318.83,5969.42,349.41,5.53
TXN104997,Electronics,Accessories,North,Winter,2474.93,2777.4,4,28.0,11109.6,9899.72,1209.88,10.89
TXN104998,Grocery,Frozen Foods,North,Summer,213.72,206.24,13,13.0,2681.12,2778.36,-97.24,-3.63
TXN104999,Home & Kitchen,Cookware,South,Monsoon,317.55,384.1,9,54.0,3456.9,2857.95,598.95,17.33
TXN105000,Electronics,Cameras,Central,Summer,76.54,85.68,9,52.0,771.12,688.86,82.26,10.67
TXN105001,Home & Kitchen,Decor,North,Monsoon,178.75,210.95,8,77.0,1687.6,1430.0,257.6,15.26
TXN105002,Home & Kitchen,Storage,West,Winter,389.67,389.8,6,97.0,2338.8,2338.02,0.78,0.03
TXN105003,Electronics,Accessories,West,Festive,1889.63,1966.73,4,27.0,7866.92,7558.52,308.4,3.92
TXN105004,Electronics,Cameras,North,Festive,2030.76,2198.45,8,26.0,17587.6,16246.08,1341.52,7.63
TXN105005,Grocery,Snacks,West,Spring,472.01,510.99,18,13.0,9197.82,8496.18,701.64,7.63
TXN105006,Electronics,Laptops,Central,Monsoon,2447.86,2684.86,9,27.0,24163.74,22030.74,2133.0,8.83
TXN105007,Electronics,Headphones,Central,Summer,1683.44,1750.57,4,64.0,7002.28,6733.76,268.52,3.83
TXN105008,Apparel,Footwear,South,Summer,448.54,572.09,8,64.0,4576.72,3588.32,988.4,21.6
TXN105009,Home & Kitchen,Cookware,Central,Monsoon,335.42,429.14,3,58.0,1287.42,1006.26,281.16,21.84
TXN105010,Grocery,Beverages,West,Festive,360.88,376.06,9,4.0,3384.54,3247.92,136.62,4.04
TXN105011,Electronics,Headphones,North,Winter,2576.93,2666.64,5,52.0,13333.2,12884.65,448.55,3.36
TXN105012,Beauty & Personal Care,Haircare,East,Festive,273.81,380.35,5,23.0,1901.75,1369.05,532.7,28.01
TXN105013,Electronics,Cameras,West,Winter,777.84,837.8,6,30.0,5026.8,4667.04,359.76,7.16
TXN105014,Beauty & Personal Care,Grooming,West,Festive,229.14,311.34,6,28.0,1868.04,1374.84,493.2,26.4
TXN105015,Apparel,Winter Wear,West,Monsoon,333.12,400.73,9,70.0,3606.57,2998.08,608.49,16.87
TXN105016,Home & Kitchen,Decor,South,Spring,294.32,328.98,8,92.0,2631.84,2354.56,277.28,10.54
TXN105017,Home & Kitchen,Storage,East,Monsoon,302.29,362.82,6,52.0,2176.92,1813.74,363.18,16.68
TXN105018,Beauty & Personal Care,Grooming,East,Festive,38.46,45.27,6,55.0,271.62,230.76,40.86,15.04
TXN105019,Electronics,Headphones,East,Festive,1581.18,1588.88,8,55.0,12711.04,12649.44,61.6,0.48
TXN105020,Home & Kitchen,Appliances,Central,Monsoon,88.82,104.38,4,48.0,417.52,355.28,62.24,14.91
TXN105021,Home & Kitchen,Decor,South,Festive,363.75,401.79,5,97.0,2008.95,1818.75,190.2,9.47
TXN105022,Apparel,Footwear,West,Festive,283.64,318.08,12,90.0,3816.96,3403.68,413.28,10.83
TXN105023,Apparel,Men's Wear,North,Spring,300.95,394.82,10,32.0,3948.2,3009.5,938.7,23.78
TXN105024,Home & Kitchen,Furniture,North,Spring,47.5,57.42,6,66.0,344.52,285.0,59.52,17.28
TXN105025,Grocery,Frozen Foods,South,Summer,85.46,92.6,13,9.0,1203.8,1110.98,92.82,7.71
TXN105026,Grocery,Staples,West,Winter,115.04,120.6,11,3.0,1326.6,1265.44,61.16,4.61
TXN105027,Grocery,Frozen Foods,South,Festive,178.0,162.83,12,14.0,1953.96,2136.0,-182.04,-9.32
TXN105028,Home & Kitchen,Appliances,East,Spring,21.12,21.91,9,79.0,197.19,190.08,7.11,3.61
TXN105029,Grocery,Dairy,South,Spring,291.51,299.0,26,18.0,7774.0,7579.26,194.74,2.51
TXN105030,Beauty & Personal Care,Grooming,West,Winter,113.89,140.55,7,29.0,983.85,797.23,186.62,18.97
TXN105031,Grocery,Snacks,South,Winter,181.67,191.88,20,5.0,3837.6,3633.4,204.2,5.32
TXN105032,Home & Kitchen,Decor,West,Monsoon,223.52,253.36,7,94.0,1773.52,1564.64,208.88,11.78
TXN105033,Apparel,Footwear,East,Spring,282.21,354.07,7,118.0,2478.49,1975.47,503.02,20.3
TXN105034,Apparel,Footwear,Central,Summer,381.52,467.56,6,56.0,2805.36,2289.12,516.24,18.4
TXN105035,Apparel,Kids Wear,Central,Summer,188.15,228.65,8,40.0,1829.2,1505.2,324.0,17.71
TXN105036,Grocery,Snacks,East,Festive,244.32,257.78,21,14.0,5413.38,5130.72,282.66,5.22
TXN105037,Beauty & Personal Care,Skincare,North,Festive,223.19,311.74,9,28.0,2805.66,2008.71,796.95,28.41
TXN105038,Home & Kitchen,Cookware,North,Summer,99.69,109.03,8,86.0,872.24,797.52,74.72,8.57
TXN105039,Grocery,Beverages,South,Festive,68.62,67.56,15,14.0,1013.4,1029.3,-15.9,-1.57
TXN105040,Apparel,Winter Wear,West,Summer,112.1,141.12,4,73.0,564.48,448.4,116.08,20.56
TXN105041,Home & Kitchen,Storage,West,Summer,416.4,514.52,8,79.0,4116.16,3331.2,784.96,19.07
TXN105042,Grocery,Staples,West,Spring,464.83,483.91,11,4.0,5323.01,5113.13,209.88,3.94
TXN105043,Apparel,Kids Wear,West,Summer,17.56,21.8,8,100.0,174.4,140.48,33.92,19.45
TXN105044,Home & Kitchen,Furniture,South,Summer,219.28,252.92,9,40.0,2276.28,1973.52,302.76,13.3
TXN105045,Home & Kitchen,Furniture,East,Summer,340.55,370.56,12,74.0,4446.72,4086.6,360.12,8.1
TXN105046,Apparel,Kids Wear,Central,Spring,72.29,75.45,12,76.0,905.4,867.48,37.92,4.19
TXN105047,Grocery,Snacks,East,Spring,164.33,170.92,14,6.0,2392.88,2300.62,92.26,3.86
TXN105048,Electronics,Laptops,West,Summer,256.0,275.16,10,45.0,2751.6,2560.0,191.6,6.96
TXN105049,Apparel,Women's Wear,North,Summer,393.92,447.98,10,87.0,4479.8,3939.2,540.6,12.07
TXN105050,Grocery,Snacks,North,Winter,132.36,129.97,14,16.0,1819.58,1853.04,-33.46,-1.84
TXN105051,Apparel,Footwear,North,Monsoon,164.23,217.32,7,35.0,1521.24,1149.61,371.63,24.43
TXN105052,Grocery,Staples,North,Festive,423.64,457.9,17,6.0,7784.3,7201.88,582.42,7.48
TXN105053,Electronics,Laptops,South,Monsoon,1772.54,1904.54,11,46.0,20949.94,19497.94,1452.0,6.93
TXN105054,Home & Kitchen,Appliances,Central,Spring,492.3,620.43,5,46.0,3102.15,2461.5,640.65,20.65
TXN105055,Beauty & Personal Care,Haircare,,Festive,24.74,34.0,14,59.0,476.0,346.36,129.64,27.24
TXN105056,Beauty & Personal Care,Makeup,Central,Festive,45.01,54.69,9,49.0,492.21,405.09,87.12,17.7
TXN105057,Electronics,Accessories,North,Spring,2975.42,3179.84,6,45.0,19079.04,17852.52,1226.52,6.43
TXN105058,Home & Kitchen,Storage,East,Winter,216.99,265.06,4,52.0,1060.24,867.96,192.28,18.14
TXN105059,Grocery,Dairy,Central,Monsoon,230.59,242.82,15,6.0,3642.3,3458.85,183.45,5.04
TXN105060,Electronics,Headphones,West,Monsoon,2678.13,2661.8,7,55.0,18632.6,18746.91,-114.31,-0.61
TXN105061,Electronics,Cameras,West,Spring,2192.76,2218.42,6,51.0,13310.52,13156.56,153.96,1.16
TXN105062,Apparel,Women's Wear,North,Festive,102.65,114.32,2,116.0,228.64,205.3,23.34,10.21
TXN105063,Home & Kitchen,Storage,Central,Festive,412.96,456.9,7,98.0,3198.3,2890.72,307.58,9.62
TXN105064,Grocery,Dairy,South,Summer,24.2,26.54,20,11.0,530.8,484.0,46.8,8.82
TXN105065,Apparel,Winter Wear,South,Winter,219.28,245.78,7,108.0,1720.46,1534.96,185.5,10.78
TXN105066,Beauty & Personal Care,Fragrances,East,Summer,52.97,69.69,4,24.0,278.76,211.88,66.88,23.99
TXN105067,Home & Kitchen,Appliances,North,Festive,121.01,152.61,7,64.0,1068.27,847.07,221.2,20.71
TXN105068,Apparel,Footwear,North,Monsoon,256.58,264.89,3,111.0,794.67,769.74,24.93,3.14
TXN105069,Apparel,Women's Wear,West,Monsoon,183.17,219.16,8,108.0,1753.28,1465.36,287.92,16.42
TXN105070,Home & Kitchen,Appliances,West,Monsoon,432.91,470.76,9,92.0,4236.84,3896.19,340.65,8.04
TXN105071,Apparel,Women's Wear,West,Spring,380.06,396.92,7,85.0,2778.44,2660.42,118.02,4.25
TXN105072,Electronics,Laptops,North,Festive,1874.8,1822.35,3,53.0,5467.05,5624.4,-157.35,-2.88
TXN105073,Electronics,Cameras,West,Summer,863.2,912.38,8,63.0,7299.04,6905.6,393.44,5.39
TXN105074,Home & Kitchen,Cookware,East,Monsoon,152.33,161.43,4,75.0,645.72,609.32,36.4,5.64
TXN105075,Home & Kitchen,Decor,West,Festive,316.66,351.29,3,94.0,1053.87,949.98,103.89,9.86
TXN105076,Electronics,Laptops,East,Spring,1277.75,1395.46,4,34.0,5581.84,5111.0,470.84,8.44
TXN105077,Grocery,Snacks,North,Spring,459.38,443.79,13,17.0,5769.27,5971.94,-202.67,-3.51
TXN105078,Home & Kitchen,Decor,South,Spring,227.82,231.55,6,79.0,1389.3,1366.92,22.38,1.61
TXN105079,Apparel,Footwear,South,Festive,15.98,18.7,7,110.0,130.9,111.86,19.04,14.55
TXN105080,Grocery,Snacks,West,Winter,131.06,140.91,18,3.0,2536.38,2359.08,177.3,6.99
TXN105081,Electronics,Headphones,West,Winter,1361.04,1506.97,9,30.0,13562.73,12249.36,1313.37,9.68
TXN105082,Grocery,Snacks,North,Summer,73.0,78.62,12,17.0,943.44,876.0,67.44,7.15
TXN105083,Grocery,Beverages,West,Winter,84.28,91.42,15,5.0,1371.3,1264.2,107.1,7.81
TXN105084,Apparel,Footwear,West,Winter,117.7,144.71,10,61.0,1447.1,1177.0,270.1,18.66
TXN105085,Electronics,Headphones,North,Spring,2996.25,3187.6,11,31.0,35063.6,32958.75,2104.85,6.0
TXN105086,Grocery,Frozen Foods,West,Spring,454.29,427.69,12,13.0,5132.28,5451.48,-319.2,-6.22
TXN105087,Apparel,Winter Wear,South,Spring,296.95,332.17,2,91.0,664.34,593.9,70.44,10.6
TXN105088,Beauty & Personal Care,Haircare,West,Monsoon,87.98,120.45,5,33.0,602.25,439.9,162.35,26.96
TXN105089,Electronics,Smartphones,South,Monsoon,2529.27,2753.9,7,43.0,19277.3,17704.89,1572.41,8.16
TXN105090,Apparel,Footwear,East,Spring,106.85,109.57,4,99.0,438.28,427.4,10.88,2.48
TXN105091,Grocery,Snacks,South,Festive,160.25,168.12,12,11.0,2017.44,1923.0,94.44,4.68
TXN105092,Home & Kitchen,Decor,West,Festive,178.08,213.59,10,68.0,2135.9,1780.8,355.1,16.63
TXN105093,Beauty & Personal Care,Makeup,South,Festive,492.54,616.75,4,44.0,2467.0,1970.16,496.84,20.14
TXN105094,Apparel,Kids Wear,Central,Winter,304.62,357.57,3,91.0,1072.71,913.86,158.85,14.81
TXN105095,Beauty & Personal Care,Skincare,East,Spring,303.88,359.85,8,51.0,2878.8,2431.04,447.76,15.55
TXN105096,Grocery,Beverages,East,Monsoon,364.0,392.4,17,8.0,6670.8,6188.0,482.8,7.24
TXN105097,Apparel,Women's Wear,East,Spring,498.61,632.16,6,88.0,3792.96,2991.66,801.3,21.13
TXN105098,Grocery,Dairy,South,Festive,18.1,19.7,11,11.0,216.7,199.1,17.6,8.12
TXN105099,Home & Kitchen,Decor,South,Winter,287.05,327.12,8,96.0,2616.96,2296.4,320.56,12.25
TXN105100,Apparel,Kids Wear,South,Monsoon,490.13,620.2,7,76.0,4341.4,3430.91,910.49,20.97
TXN105101,Home & Kitchen,Storage,East,Festive,269.94,318.91,5,63.0,1594.55,1349.7,244.85,15.36
TXN105102,Electronics,Headphones,North,Spring,1722.95,1641.21,9,69.0,14770.89,15506.55,-735.66,-4.98
TXN105103,Electronics,Smartphones,South,Festive,353.68,372.9,8,37.0,2983.2,2829.44,153.76,5.15
TXN105104,Electronics,Smartphones,Central,Winter,2285.42,2595.38,8,32.0,20763.04,18283.36,2479.68,11.94
TXN105105,Electronics,Smartphones,Central,Summer,1807.53,1981.75,9,27.0,17835.75,16267.77,1567.98,8.79
TXN105106,Home & Kitchen,Decor,North,Spring,146.33,165.91,4,85.0,663.64,585.32,78.32,11.8
TXN105107,Beauty & Personal Care,Haircare,East,Winter,441.58,591.63,7,23.0,4141.41,3091.06,1050.35,25.36
TXN105108,Electronics,Accessories,North,Winter,2635.76,2853.75,8,46.0,22830.0,21086.08,1743.92,7.64
TXN105109,Grocery,Staples,North,Monsoon,100.23,106.13,17,11.0,1804.21,1703.91,100.3,5.56
TXN105110,Electronics,Accessories,West,Winter,592.67,658.02,11,35.0,7238.22,6519.37,718.85,9.93
TXN105111,Beauty & Personal Care,Fragrances,West,Festive,285.41,344.75,5,59.0,1723.75,1427.05,296.7,17.21
TXN105112,Beauty & Personal Care,Grooming,East,Festive,344.67,384.65,9,49.0,3461.85,3102.03,359.82,10.39
TXN105113,Apparel,Kids Wear,North,Festive,150.5,191.03,9,60.0,1719.27,1354.5,364.77,21.22
TXN105114,Beauty & Personal Care,Skincare,North,Winter,241.9,324.53,11,38.0,3569.83,2660.9,908.93,25.46
TXN105115,Beauty & Personal Care,Fragrances,North,Monsoon,31.62,40.75,8,26.0,326.0,252.96,73.04,22.4
TXN105116,Apparel,Winter Wear,Central,Summer,475.0,592.13,6,101.0,3552.78,2850.0,702.78,19.78
TXN105117,Grocery,Dairy,North,Festive,37.55,39.87,18,,717.66,675.9,41.76,5.82
TXN105118,Home & Kitchen,Storage,South,Spring,482.17,582.38,2,53.0,1164.76,964.34,200.42,17.21
TXN105119,Home & Kitchen,Appliances,Central,Spring,180.88,210.46,8,40.0,1683.68,1447.04,236.64,14.05
TXN105120,Apparel,Men's Wear,East,Festive,92.54,107.76,11,103.0,1185.36,1017.94,167.42,14.12
TXN105121,Electronics,Smartphones,South,Winter,290.95,284.7,5,65.0,1423.5,1454.75,-31.25,-2.2
TXN105122,Electronics,Laptops,South,Summer,886.03,897.86,9,62.0,8080.74,7974.27,106.47,1.32
TXN105123,Beauty & Personal Care,Fragrances,South,Spring,207.27,273.3,6,54.0,1639.8,1243.62,396.18,24.16
TXN105124,Grocery,Snacks,Central,Spring,183.07,168.21,11,14.0,1850.31,2013.77,-163.46,-8.83
TXN105125,Grocery,Snacks,South,Summer,357.85,374.92,25,14.0,9373.0,8946.25,426.75,4.55
TXN105126,Apparel,Women's Wear,South,Festive,219.7,277.01,5,60.0,1385.05,1098.5,286.55,20.69
TXN105127,Beauty & Personal Care,Makeup,Central,Monsoon,462.01,537.7,8,58.0,4301.6,3696.08,605.52,14.08
TXN105128,Grocery,Dairy,North,Monsoon,86.51,93.47,19,7.0,1775.93,1643.69,132.24,7.45
TXN105129,Grocery,Frozen Foods,East,Spring,351.21,376.34,19,11.0,7150.46,6672.99,477.47,6.68
TXN105130,Home & Kitchen,Cookware,West,Winter,62.38,75.93,3,51.0,227.79,187.14,40.65,17.85
TXN105131,Home & Kitchen,Cookware,East,Summer,102.79,111.07,4,83.0,444.28,411.16,33.12,7.45
TXN105132,Beauty & Personal Care,Skincare,South,Summer,168.09,217.66,3,41.0,652.98,504.27,148.71,22.77
TXN105133,Grocery,Staples,Central,Spring,198.26,208.97,16,3.0,3343.52,3172.16,171.36,5.13
TXN105134,Beauty & Personal Care,Makeup,North,Summer,201.06,265.25,10,22.0,2652.5,2010.6,641.9,24.2
TXN105135,Home & Kitchen,Furniture,North,Festive,178.15,191.09,6,99.0,1146.54,1068.9,77.64,6.77
TXN105136,Electronics,Cameras,Central,Monsoon,2145.96,2135.66,8,57.0,17085.28,17167.68,-82.4,-0.48
TXN105137,Home & Kitchen,Storage,East,Summer,427.38,431.54,7,88.0,3020.78,2991.66,29.12,0.96
TXN105138,Home & Kitchen,Decor,South,Festive,240.75,302.18,6,63.0,1813.08,1444.5,368.58,20.33
TXN105139,Beauty & Personal Care,Makeup,South,Monsoon,44.19,53.63,8,46.0,429.04,353.52,75.52,17.6
TXN105140,Home & Kitchen,Cookware,South,Spring,356.47,415.89,4,59.0,1663.56,1425.88,237.68,14.29
TXN105141,Apparel,Winter Wear,West,Winter,37.6,44.91,6,38.0,269.46,225.6,43.86,16.28
TXN105142,Electronics,Accessories,South,Festive,2584.15,2786.98,9,,25082.82,23257.35,1825.47,7.28
TXN105143,Home & Kitchen,Storage,South,Monsoon,124.09,145.84,8,76.0,1166.72,992.72,174.0,14.91
TXN105144,Electronics,Laptops,North,Summer,319.06,342.04,4,35.0,1368.16,1276.24,91.92,6.72
TXN105145,Beauty & Personal Care,Skincare,West,Winter,76.86,96.13,9,22.0,865.17,691.74,173.43,20.05
TXN105146,Apparel,Footwear,East,Summer,227.61,296.0,10,54.0,2960.0,2276.1,683.9,23.1
TXN105147,Grocery,Staples,Central,Festive,446.45,465.27,9,9.0,4187.43,4018.05,169.38,4.04
TXN105148,Electronics,Cameras,North,Monsoon,745.75,745.06,8,62.0,5960.48,5966.0,-5.52,-0.09
TXN105149,Beauty & Personal Care,Fragrances,East,Spring,332.89,402.81,8,53.0,3222.48,2663.12,559.36,17.36
TXN105150,Home & Kitchen,Cookware,South,Winter,178.42,226.9,5,70.0,1134.5,892.1,242.4,21.37
TXN105151,Grocery,Dairy,West,Monsoon,222.06,226.73,15,14.0,3400.95,3330.9,70.05,2.06
TXN105152,Grocery,Frozen Foods,West,Festive,118.45,128.62,17,18.0,2186.54,2013.65,172.89,7.91
TXN105153,Home & Kitchen,Cookware,East,Festive,207.78,256.23,10,42.0,2562.3,2077.8,484.5,18.91
TXN105154,Home & Kitchen,Appliances,West,Summer,146.86,149.93,7,96.0,1049.51,1028.02,21.49,2.05
TXN105155,Beauty & Personal Care,Makeup,North,Festive,454.16,564.66,5,,2823.3,2270.8,552.5,19.57
TXN105156,Apparel,Men's Wear,Central,Festive,77.67,97.4,6,35.0,584.4,466.02,118.38,20.26
TXN105157,Grocery,Beverages,Central,Festive,230.18,235.42,22,13.0,5179.24,5063.96,115.28,2.23
TXN105158,Electronics,Accessories,East,Festive,1526.94,1566.32,6,30.0,9397.92,9161.64,236.28,2.51
TXN105159,Grocery,Snacks,North,Spring,292.57,291.71,22,17.0,6417.62,6436.54,-18.92,-0.29
TXN105160,Grocery,Dairy,West,Festive,123.31,117.88,17,17.0,2003.96,2096.27,-92.31,-4.61
TXN105161,Apparel,Women's Wear,Central,Festive,45.77,54.98,7,101.0,384.86,320.39,64.47,16.75
TXN105162,Apparel,Men's Wear,South,Winter,62.53,76.41,10,58.0,764.1,625.3,138.8,18.17
TXN105163,Beauty & Personal Care,Fragrances,North,Spring,255.47,305.19,9,41.0,2746.71,2299.23,447.48,16.29
TXN105164,Electronics,Headphones,Central,Spring,2996.0,3245.48,4,29.0,12981.92,11984.0,997.92,7.69
TXN105165,Beauty & Personal Care,Makeup,South,Winter,37.31,43.92,6,55.0,263.52,223.86,39.66,15.05
TXN105166,Beauty & Personal Care,Haircare,South,Winter,61.03,77.38,8,34.0,619.04,488.24,130.8,21.13
TXN105167,Grocery,Beverages,North,Winter,245.51,237.9,15,13.0,3568.5,3682.65,-114.15,-3.2
TXN105168,Beauty & Personal Care,Makeup,East,Monsoon,273.64,333.08,4,57.0,1332.32,1094.56,237.76,17.85
TXN105169,Electronics,Headphones,South,Festive,1291.78,1428.8,5,31.0,7144.0,6458.9,685.1,9.59
TXN105170,Electronics,Cameras,West,Spring,2945.64,2918.59,7,67.0,20430.13,20619.48,-189.35,-0.93
TXN105171,Electronics,Cameras,North,Winter,2056.2,2160.61,6,67.0,12963.66,12337.2,626.46,4.83
TXN105172,Electronics,Accessories,South,Winter,2142.68,2441.6,5,38.0,12208.0,10713.4,1494.6,12.24
TXN105173,Apparel,Footwear,South,Festive,341.13,419.75,7,117.0,2938.25,2387.91,550.34,18.73
TXN105174,Apparel,Men's Wear,Central,Monsoon,315.5,403.02,9,49.0,3627.18,2839.5,787.68,21.72
TXN105175,Apparel,Men's Wear,East,Summer,299.39,353.41,9,92.0,3180.69,2694.51,486.18,15.29
TXN105176,Electronics,Laptops,Central,Winter,892.15,1009.96,9,41.0,9089.64,8029.35,1060.29,11.66
TXN105177,Grocery,Snacks,West,Spring,218.81,213.61,13,15.0,2776.93,2844.53,-67.6,-2.43
TXN105178,Apparel,Women's Wear,South,Spring,164.4,205.65,5,49.0,1028.25,822.0,206.25,20.06
TXN105179,Electronics,Accessories,East,Summer,2101.03,2180.54,2,61.0,4361.08,4202.06,159.02,3.65
TXN105180,Electronics,Laptops,East,Winter,723.79,754.32,7,69.0,5280.24,5066.53,213.71,4.05
TXN105181,Grocery,Staples,South,Monsoon,300.41,286.13,18,17.0,5150.34,5407.38,-257.04,-4.99
TXN105182,Home & Kitchen,Cookware,North,Spring,390.65,436.58,8,89.0,3492.64,3125.2,367.44,10.52
TXN105183,Electronics,Headphones,North,Monsoon,1437.54,1423.81,8,63.0,11390.48,11500.32,-109.84,-0.96
TXN105184,Electronics,Smartphones,West,Spring,1518.08,1679.39,8,42.0,13435.12,12144.64,1290.48,9.61
TXN105185,Apparel,Men's Wear,North,Winter,127.94,153.13,16,73.0,2450.08,2047.04,403.04,16.45
TXN105186,Grocery,Snacks,East,Summer,387.5,423.87,13,6.0,5510.31,5037.5,472.81,8.58
TXN105187,Apparel,Women's Wear,South,Summer,202.51,255.34,7,43.0,1787.38,1417.57,369.81,20.69
TXN105188,Apparel,Winter Wear,West,Monsoon,435.84,481.2,5,113.0,2406.0,2179.2,226.8,9.43
TXN105189,Grocery,Snacks,Central,Winter,355.05,383.44,18,5.0,6901.92,6390.9,511.02,7.4
TXN105190,Grocery,Dairy,Central,Festive,70.93,77.13,14,7.0,1079.82,993.02,86.8,8.04
TXN105191,Beauty & Personal Care,Fragrances,North,Monsoon,239.88,321.93,5,50.0,1609.65,1199.4,410.25,25.49
TXN105192,Home & Kitchen,Furniture,Central,Winter,219.97,230.95,8,80.0,1847.6,1759.76,87.84,4.75
TXN105193,Electronics,Headphones,Central,Festive,1386.34,1490.23,5,37.0,7451.15,6931.7,519.45,6.97
TXN105194,Home & Kitchen,Cookware,West,Summer,12.25,14.06,8,91.0,112.48,98.0,14.48,12.87
TXN105195,Electronics,Laptops,South,Summer,2444.52,2251.47,4,51.0,9005.88,9778.08,-772.2,-8.57
TXN105196,Beauty & Personal Care,Makeup,Central,Spring,348.03,453.66,11,39.0,4990.26,3828.33,1161.93,23.28
TXN105197,Home & Kitchen,Appliances,South,Monsoon,246.03,293.32,6,96.0,1759.92,1476.18,283.74,16.12
TXN105198,Electronics,Smartphones,Central,Winter,2145.82,2064.02,8,57.0,16512.16,17166.56,-654.4,-3.96
TXN105199,Electronics,Headphones,South,Summer,1880.37,2106.35,5,,10531.75,9401.85,1129.9,10.73
TXN105200,Beauty & Personal Care,Skincare,North,Monsoon,464.12,532.01,4,43.0,2128.04,1856.48,271.56,12.76
TXN105201,Grocery,Staples,Central,Monsoon,182.1,178.51,16,16.0,2856.16,2913.6,-57.44,-2.01
TXN105202,Electronics,Laptops,Central,Festive,2969.14,2900.81,7,52.0,20305.67,20783.98,-478.31,-2.36
TXN105203,Grocery,Snacks,Central,Spring,112.2,116.71,9,4.0,1050.39,1009.8,40.59,3.86
TXN105204,Grocery,Staples,South,Winter,303.21,328.12,16,3.0,5249.92,4851.36,398.56,7.59
TXN105205,Electronics,Laptops,West,Festive,115.44,125.8,5,36.0,629.0,577.2,51.8,8.24
TXN105206,Apparel,Footwear,Central,Spring,144.2,173.24,10,31.0,1732.4,1442.0,290.4,16.76
TXN105207,Home & Kitchen,Cookware,Central,Spring,295.4,340.01,5,58.0,1700.05,1477.0,223.05,13.12
TXN105208,Home & Kitchen,Storage,Central,Summer,66.79,77.04,7,48.0,539.28,467.53,71.75,13.3
TXN105209,Electronics,Laptops,East,Spring,1106.11,1087.16,4,68.0,4348.64,4424.44,-75.8,-1.74
TXN105210,Home & Kitchen,Furniture,East,Winter,457.09,566.88,4,91.0,2267.52,1828.36,439.16,19.37
TXN105211,Grocery,Staples,West,Spring,455.92,491.91,14,10.0,6886.74,6382.88,503.86,7.32
TXN105212,Home & Kitchen,Decor,East,Monsoon,108.72,124.56,11,88.0,1370.16,1195.92,174.24,12.72
TXN105213,Apparel,Footwear,Central,Spring,283.38,353.93,8,113.0,2831.44,2267.04,564.4,19.93
TXN105214,Apparel,Men's Wear,West,Festive,317.74,349.03,5,95.0,1745.15,1588.7,156.45,8.96
TXN105215,Home & Kitchen,Cookware,North,Summer,63.93,78.43,9,47.0,705.87,575.37,130.5,18.49
TXN105216,Home & Kitchen,Furniture,East,Summer,37.01,46.76,6,44.0,280.56,222.06,58.5,20.85
TXN105217,Home & Kitchen,Cookware,South,Festive,93.57,109.34,6,65.0,656.04,561.42,94.62,14.42
TXN105218,Home & Kitchen,Decor,North,Summer,385.47,431.32,5,89.0,2156.6,1927.35,229.25,10.63
TXN105219,Beauty & Personal Care,Grooming,North,Spring,480.48,589.9,7,22.0,4129.3,3363.36,765.94,18.55
TXN105220,Beauty & Personal Care,Grooming,Central,Monsoon,102.37,114.79,8,56.0,918.32,818.96,99.36,10.82
TXN105221,Beauty & Personal Care,Skincare,East,Festive,420.48,487.27,4,49.0,1949.08,1681.92,267.16,13.71
TXN105222,Electronics,Cameras,North,Spring,1263.45,1420.29,7,30.0,9942.03,8844.15,1097.88,11.04
TXN105223,Electronics,Accessories,South,Spring,2401.62,2391.13,5,55.0,11955.65,12008.1,-52.45,-0.44
TXN105224,Grocery,Staples,North,Winter,119.51,129.52,12,5.0,1554.24,1434.12,120.12,7.73
TXN105225,Home & Kitchen,Appliances,South,Summer,109.44,126.98,4,78.0,507.92,437.76,70.16,13.81
TXN105226,Grocery,Staples,Central,Festive,491.58,521.46,14,13.0,7300.44,6882.12,418.32,5.73
TXN105227,Beauty & Personal Care,Haircare,North,Festive,201.21,240.85,8,44.0,1926.8,1609.68,317.12,16.46
TXN105228,Home & Kitchen,Storage,Central,Monsoon,233.48,288.78,5,51.0,1443.9,1167.4,276.5,19.15
TXN105229,Apparel,Women's Wear,South,Spring,278.91,326.4,9,93.0,2937.6,2510.19,427.41,14.55
TXN105230,Home & Kitchen,Appliances,North,Festive,117.14,138.47,9,52.0,1246.23,1054.26,191.97,15.4
TXN105231,Electronics,Accessories,Central,Summer,737.04,830.82,6,28.0,4984.92,4422.24,562.68,11.29
TXN105232,Home & Kitchen,Cookware,Central,Summer,242.94,276.82,12,75.0,3321.84,2915.28,406.56,12.24
TXN105233,Grocery,Frozen Foods,North,Summer,412.7,435.2,18,4.0,7833.6,7428.6,405.0,5.17
TXN105234,Beauty & Personal Care,Haircare,South,Winter,243.28,308.45,5,54.0,1542.25,1216.4,325.85,21.13
TXN105235,Home & Kitchen,Decor,East,Winter,294.37,344.32,6,60.0,2065.92,1766.22,299.7,14.51
TXN105236,Grocery,Beverages,East,Monsoon,231.27,249.23,16,9.0,3987.68,3700.32,287.36,7.21
TXN105237,Home & Kitchen,Storage,South,Summer,119.35,136.51,8,91.0,1092.08,954.8,137.28,12.57
TXN105238,Beauty & Personal Care,Skincare,West,Spring,190.96,248.31,9,49.0,2234.79,1718.64,516.15,23.1
TXN105239,Apparel,Winter Wear,East,Spring,86.82,106.21,6,53.0,637.26,520.92,116.34,18.26
TXN105240,Beauty & Personal Care,Grooming,South,Monsoon,192.53,264.4,6,38.0,1586.4,1155.18,431.22,27.18
TXN105241,Electronics,Smartphones,South,Spring,1779.37,1981.89,7,56.0,13873.23,12455.59,1417.64,10.22
TXN105242,Grocery,Staples,North,Summer,303.18,317.66,14,10.0,4447.24,4244.52,202.72,4.56
TXN105243,Apparel,Women's Wear,North,Festive,189.71,256.19,3,100.0,768.57,569.13,199.44,25.95
TXN105244,Grocery,Frozen Foods,Central,Summer,48.26,51.64,17,13.0,877.88,820.42,57.46,6.55
TXN105245,Beauty & Personal Care,Grooming,South,Festive,397.61,517.47,4,47.0,2069.88,1590.44,479.44,23.16
TXN105246,Apparel,Women's Wear,West,Festive,391.57,469.6,9,92.0,4226.4,3524.13,702.27,16.62
TXN105247,Beauty & Personal Care,Skincare,North,Spring,251.72,309.23,6,21.0,1855.38,1510.32,345.06,18.6
TXN105248,Grocery,Beverages,South,Summer,499.26,513.97,17,19.0,8737.49,8487.42,250.07,2.86
TXN105249,Grocery,Staples,West,Monsoon,318.93,336.76,18,5.0,6061.68,5740.74,320.94,5.29
TXN105250,Beauty & Personal Care,Haircare,East,Spring,405.9,462.38,5,50.0,2311.9,2029.5,282.4,12.22
TXN105251,Grocery,Snacks,Central,Summer,193.61,211.62,16,4.0,3385.92,3097.76,288.16,8.51
TXN105252,Apparel,Winter Wear,East,Winter,272.21,348.43,3,69.0,1045.29,816.63,228.66,21.88
TXN105253,Grocery,Snacks,West,Monsoon,307.21,321.79,19,6.0,6114.01,5836.99,277.02,4.53
TXN105254,Electronics,Cameras,South,Spring,2485.48,2379.93,5,59.0,11899.65,12427.4,-527.75,-4.44
TXN105255,Beauty & Personal Care,Haircare,West,Summer,338.84,459.65,5,33.0,2298.25,1694.2,604.05,26.28
TXN105256,Home & Kitchen,Cookware,South,Summer,464.21,553.79,8,44.0,4430.32,3713.68,716.64,16.18
TXN105257,Beauty & Personal Care,Haircare,West,Winter,364.6,392.1,9,44.0,3528.9,3281.4,247.5,7.01
TXN105258,Home & Kitchen,Cookware,East,Winter,340.56,415.0,6,42.0,2490.0,2043.36,446.64,17.94
TXN105259,Apparel,Kids Wear,North,Summer,399.39,489.85,4,83.0,1959.4,1597.56,361.84,18.47
TXN105260,Electronics,Laptops,Central,Monsoon,804.25,881.45,8,43.0,7051.6,6434.0,617.6,8.76
TXN105261,Home & Kitchen,Appliances,Central,Monsoon,110.65,137.5,8,47.0,1100.0,885.2,214.8,19.53
TXN105262,Apparel,Winter Wear,South,Summer,467.14,595.72,9,56.0,5361.48,4204.26,1157.22,21.58
TXN105263,Home & Kitchen,Storage,South,Summer,226.84,245.71,7,81.0,1719.97,1587.88,132.09,7.68
TXN105264,Apparel,Footwear,North,Festive,212.09,273.51,5,71.0,1367.55,1060.45,307.1,22.46
TXN105265,Apparel,Men's Wear,East,Spring,80.74,95.53,6,64.0,573.18,484.44,88.74,15.48
TXN105266,Electronics,Laptops,East,Summer,742.95,836.55,9,58.0,7528.95,6686.55,842.4,11.19
TXN105267,Apparel,Men's Wear,Central,Spring,396.06,488.66,11,97.0,5375.26,4356.66,1018.6,18.95
TXN105268,Grocery,Snacks,South,Spring,161.34,168.23,25,11.0,4205.75,4033.5,172.25,4.1
TXN105269,Electronics,Smartphones,Central,Monsoon,2219.62,2470.52,8,31.0,19764.16,17756.96,2007.2,10.16
TXN105270,Beauty & Personal Care,Makeup,Central,Summer,164.22,206.33,7,33.0,1444.31,1149.54,294.77,20.41
TXN105271,Beauty & Personal Care,Fragrances,West,Summer,40.79,48.8,7,41.0,341.6,285.53,56.07,16.41
TXN105272,Grocery,Dairy,East,Festive,340.7,345.31,14,13.0,4834.34,4769.8,64.54,1.34
TXN105273,Electronics,Cameras,North,Summer,196.86,210.34,7,34.0,1472.38,1378.02,94.36,6.41
TXN105274,Electronics,Headphones,North,Spring,650.14,685.56,13,66.0,8912.28,8451.82,460.46,5.17
TXN105275,Apparel,Footwear,South,Winter,125.43,155.13,13,74.0,2016.69,1630.59,386.1,19.15
TXN105276,Grocery,Snacks,West,Spring,353.06,371.67,16,11.0,5946.72,5648.96,297.76,5.01
TXN105277,Electronics,Laptops,Central,Spring,2263.08,2269.4,8,55.0,18155.2,18104.64,50.56,0.28
TXN105278,Electronics,Headphones,North,Festive,697.56,761.68,8,35.0,6093.44,5580.48,512.96,8.42
TXN105279,Grocery,Beverages,North,Summer,396.69,368.93,14,17.0,5165.02,5553.66,-388.64,-7.52
TXN105280,Home & Kitchen,Storage,South,Festive,71.31,79.26,8,94.0,634.08,570.48,63.6,10.03
TXN105281,Apparel,Kids Wear,North,Festive,464.62,569.67,7,119.0,3987.69,3252.34,735.35,18.44
TXN105282,Home & Kitchen,Cookware,North,Spring,46.08,58.76,4,54.0,235.04,184.32,50.72,21.58
TXN105283,Electronics,Cameras,East,Monsoon,908.23,981.97,8,33.0,7855.76,7265.84,589.92,7.51
TXN105284,Electronics,Smartphones,North,Winter,1745.92,1980.63,9,31.0,17825.67,15713.28,2112.39,11.85
TXN105285,Grocery,Beverages,Central,Spring,441.99,480.0,19,11.0,9120.0,8397.81,722.19,7.92
TXN105286,Apparel,Winter Wear,East,Summer,289.22,359.93,5,48.0,1799.65,1446.1,353.55,19.65
TXN105287,Electronics,Smartphones,North,Summer,1978.33,2237.57,9,38.0,20138.13,17804.97,2333.16,11.59
TXN105288,Home & Kitchen,Cookware,West,Monsoon,263.15,333.23,9,41.0,2999.07,2368.35,630.72,21.03
TXN105289,Electronics,Accessories,South,Summer,643.41,691.07,7,40.0,4837.49,4503.87,333.62,6.9
TXN105290,Home & Kitchen,Cookware,North,Festive,446.0,548.41,5,45.0,2742.05,2230.0,512.05,18.67
TXN105291,Electronics,Cameras,East,Monsoon,1949.32,2178.31,5,57.0,10891.55,9746.6,1144.95,10.51
TXN105292,Electronics,Accessories,West,Monsoon,2907.8,3252.87,5,30.0,16264.35,14539.0,1725.35,10.61
TXN105293,Apparel,Footwear,West,Monsoon,59.55,64.28,9,117.0,578.52,535.95,42.57,7.36
TXN105294,Apparel,Kids Wear,South,Summer,258.79,336.09,4,63.0,1344.36,1035.16,309.2,23.0
TXN105295,Home & Kitchen,Decor,West,Spring,443.48,520.17,6,73.0,3121.02,2660.88,460.14,14.74
TXN105296,Beauty & Personal Care,Grooming,East,Winter,51.09,71.2,10,37.0,712.0,510.9,201.1,28.24
TXN105297,Electronics,Cameras,Central,Summer,684.63,771.36,7,28.0,5399.52,4792.41,607.11,11.24
TXN105298,Grocery,Dairy,East,Festive,419.77,402.28,14,17.0,5631.92,5876.78,-244.86,-4.35
TXN105299,Electronics,Laptops,South,Monsoon,2186.74,2288.01,12,68.0,27456.12,26240.88,1215.24,4.43
TXN105300,Home & Kitchen,Decor,South,Monsoon,478.99,494.67,6,84.0,2968.02,2873.94,94.08,3.17
TXN105301,Apparel,Footwear,Central,Festive,211.42,287.94,9,40.0,2591.46,1902.78,688.68,26.57
TXN105302,Electronics,Cameras,South,Winter,2755.01,2969.69,11,44.0,32666.59,30305.11,2361.48,7.23
TXN105303,Beauty & Personal Care,Grooming,East,Monsoon,220.72,256.94,7,42.0,1798.58,1545.04,253.54,14.1
TXN105304,Apparel,Footwear,South,Monsoon,69.63,82.65,9,56.0,743.85,626.67,117.18,15.75
TXN105305,Grocery,Staples,Central,Summer,420.15,404.93,20,14.0,8098.6,8403.0,-304.4,-3.76
TXN105306,Beauty & Personal Care,Grooming,South,Winter,390.21,513.62,7,36.0,3595.34,2731.47,863.87,24.03
TXN105307,Home & Kitchen,Appliances,South,Spring,185.32,224.43,5,65.0,1122.15,926.6,195.55,17.43
TXN105308,Electronics,Accessories,South,Festive,1147.3,1251.33,4,,5005.32,4589.2,416.12,8.31
TXN105309,Apparel,Winter Wear,Central,Monsoon,23.58,27.79,6,87.0,166.74,141.48,25.26,15.15
TXN105310,Electronics,Laptops,South,Winter,1830.56,2005.51,2,36.0,4011.02,3661.12,349.9,8.72
TXN105311,Apparel,Kids Wear,North,Festive,68.7,75.09,9,104.0,675.81,618.3,57.51,8.51
TXN105312,Apparel,Winter Wear,West,Winter,451.71,496.07,8,109.0,3968.56,3613.68,354.88,8.94
TXN105313,Beauty & Personal Care,Skincare,East,Winter,147.37,183.07,11,37.0,2013.77,1621.07,392.7,19.5
TXN105314,Apparel,Kids Wear,South,Summer,128.26,162.21,6,44.0,973.26,769.56,203.7,20.93
TXN105315,Grocery,Snacks,West,Spring,225.53,244.34,16,12.0,3909.44,3608.48,300.96,7.7
TXN105316,Apparel,Women's Wear,South,Monsoon,350.74,430.66,4,108.0,1722.64,1402.96,319.68,18.56
TXN105317,Electronics,Laptops,North,Winter,435.18,471.75,5,66.0,2358.75,2175.9,182.85,7.75
TXN105318,Electronics,Cameras,North,Summer,2404.57,2393.51,3,48.0,7180.53,7213.71,-33.18,-0.46
TXN105319,Beauty & Personal Care,Makeup,West,Monsoon,42.46,50.56,4,46.0,202.24,169.84,32.4,16.02
TXN105320,Beauty & Personal Care,Haircare,South,Festive,114.7,157.53,9,21.0,1417.77,1032.3,385.47,27.19
TXN105321,Grocery,Beverages,East,Spring,99.14,106.56,19,18.0,2024.64,1883.66,140.98,6.96
TXN105322,Apparel,Kids Wear,East,Summer,364.43,453.67,8,45.0,3629.36,2915.44,713.92,19.67
TXN105323,Electronics,Cameras,West,Spring,150.9,168.27,10,36.0,1682.7,1509.0,173.7,10.32
TXN105324,Home & Kitchen,Decor,South,Spring,432.23,495.54,7,94.0,3468.78,3025.61,443.17,12.78
TXN105325,Home & Kitchen,Storage,West,Monsoon,234.99,247.22,4,85.0,988.88,939.96,48.92,4.95
TXN105326,Beauty & Personal Care,Makeup,Central,Monsoon,479.71,658.23,6,57.0,3949.38,2878.26,1071.12,27.12
TXN105327,Grocery,Staples,South,Festive,239.93,231.66,11,17.0,2548.26,2639.23,-90.97,-3.57
TXN105328,Apparel,Footwear,South,Summer,231.89,253.01,6,102.0,1518.06,1391.34,126.72,8.35
TXN105329,Beauty & Personal Care,Fragrances,East,Spring,421.43,549.36,2,41.0,1098.72,842.86,255.86,23.29
TXN105330,Home & Kitchen,Furniture,Central,Spring,341.75,400.76,4,89.0,1603.04,1367.0,236.04,14.72
TXN105331,Apparel,Kids Wear,North,Winter,151.45,187.59,5,118.0,937.95,757.25,180.7,19.27
TXN105332,Home & Kitchen,Furniture,North,Festive,229.36,272.66,7,76.0,1908.62,1605.52,303.1,15.88
TXN105333,Beauty & Personal Care,Grooming,South,Spring,202.24,265.41,10,25.0,2654.1,2022.4,631.7,23.8
TXN105334,Grocery,Staples,Central,Summer,209.32,229.8,20,6.0,4596.0,4186.4,409.6,8.91
TXN105335,Apparel,Kids Wear,Central,Summer,250.71,327.89,8,67.0,2623.12,2005.68,617.44,23.54
TXN105336,Apparel,Winter Wear,North,Spring,396.86,528.73,8,36.0,4229.84,3174.88,1054.96,24.94
TXN105337,Grocery,Dairy,North,Spring,366.81,391.26,11,18.0,4303.86,4034.91,268.95,6.25
TXN105338,Home & Kitchen,Storage,Central,Summer,458.0,517.72,5,71.0,2588.6,2290.0,298.6,11.54
TXN105339,Home & Kitchen,Furniture,South,Spring,74.24,91.66,8,54.0,733.28,593.92,139.36,19.01
TXN105340,Grocery,Snacks,Central,Spring,231.99,215.02,25,16.0,5375.5,5799.75,-424.25,-7.89
TXN105341,Home & Kitchen,Cookware,Central,Winter,282.52,318.46,6,97.0,1910.76,1695.12,215.64,11.29
TXN105342,Home & Kitchen,Decor,South,Spring,435.59,555.49,8,52.0,4443.92,3484.72,959.2,21.58
TXN105343,Home & Kitchen,Storage,South,Summer,97.78,115.48,7,60.0,808.36,684.46,123.9,15.33
TXN105344,Grocery,Beverages,North,Monsoon,319.92,344.91,17,7.0,5863.47,5438.64,424.83,7.25
TXN105345,Apparel,Kids Wear,East,Spring,492.13,560.08,9,119.0,5040.72,4429.17,611.55,12.13
TXN105346,Grocery,Frozen Foods,North,Summer,290.96,317.5,17,10.0,5397.5,4946.32,451.18,8.36
TXN105347,Grocery,Beverages,North,Monsoon,235.41,215.39,8,17.0,1723.12,1883.28,-160.16,-9.29
TXN105348,Home & Kitchen,Storage,East,Monsoon,488.34,615.38,6,87.0,3692.28,2930.04,762.24,20.64
TXN105349,Apparel,Winter Wear,North,Festive,186.75,228.01,4,95.0,912.04,747.0,165.04,18.1
TXN105350,Apparel,Men's Wear,West,Summer,250.08,279.24,6,80.0,1675.44,1500.48,174.96,10.44
TXN105351,Grocery,Beverages,Central,Festive,408.72,445.93,14,5.0,6243.02,5722.08,520.94,8.34
TXN105352,Apparel,Winter Wear,West,Summer,308.99,410.87,9,69.0,3697.83,2780.91,916.92,24.8
TXN105353,Beauty & Personal Care,Makeup,West,Spring,328.56,405.37,6,51.0,2432.22,1971.36,460.86,18.95
TXN105354,Apparel,Winter Wear,East,Spring,281.03,356.58,7,101.0,2496.06,1967.21,528.85,21.19
TXN105355,Home & Kitchen,Furniture,West,Winter,44.88,51.31,7,84.0,359.17,314.16,45.01,12.53
TXN105356,Electronics,Accessories,East,Summer,92.86,98.59,5,54.0,492.95,464.3,28.65,5.81
TXN105357,Apparel,Kids Wear,Central,Spring,405.88,499.97,7,52.0,3499.79,2841.16,658.63,18.82
TXN105358,Apparel,Kids Wear,North,Winter,25.77,30.25,3,81.0,90.75,77.31,13.44,14.81
TXN105359,Beauty & Personal Care,Fragrances,Central,Monsoon,490.62,637.06,4,28.0,2548.24,1962.48,585.76,22.99
TXN105360,Beauty & Personal Care,Haircare,West,Festive,466.68,543.47,9,56.0,4891.23,4200.12,691.11,14.13
TXN105361,Beauty & Personal Care,Skincare,Central,Spring,172.16,226.68,8,42.0,1813.44,1377.28,436.16,24.05
TXN105362,Grocery,Snacks,Central,Summer,134.89,137.79,19,18.0,2618.01,2562.91,55.1,2.1
TXN105363,Apparel,Women's Wear,South,Spring,257.56,271.61,6,110.0,1629.66,1545.36,84.3,5.17
TXN105364,Home & Kitchen,Appliances,Central,Monsoon,377.33,392.57,5,90.0,1962.85,1886.65,76.2,3.88
TXN105365,Grocery,Staples,West,Summer,50.08,52.14,13,10.0,677.82,651.04,26.78,3.95
TXN105366,Grocery,Frozen Foods,East,Festive,384.11,406.4,9,16.0,3657.6,3456.99,200.61,5.48
TXN105367,Grocery,Dairy,South,Winter,440.57,414.16,21,19.0,8697.36,9251.97,-554.61,-6.38
TXN105368,Beauty & Personal Care,Haircare,Central,Monsoon,169.12,210.11,6,34.0,1260.66,1014.72,245.94,19.51
TXN105369,Home & Kitchen,Decor,East,Spring,445.39,523.44,5,60.0,2617.2,2226.95,390.25,14.91
TXN105370,Grocery,Beverages,Central,Winter,408.56,448.7,12,10.0,5384.4,4902.72,481.68,8.95
TXN105371,Apparel,Women's Wear,West,Summer,85.51,93.13,5,92.0,465.65,427.55,38.1,8.18
TXN105372,Home & Kitchen,Storage,Central,Winter,105.7,117.1,5,79.0,585.5,528.5,57.0,9.74
TXN105373,Apparel,Women's Wear,Central,Festive,425.95,533.73,8,39.0,4269.84,3407.6,862.24,20.19
TXN105374,Apparel,Footwear,South,Festive,219.97,282.63,6,41.0,1695.78,1319.82,375.96,22.17
TXN105375,Electronics,Cameras,Central,Spring,433.72,453.67,5,,2268.35,2168.6,99.75,4.4
TXN105376,Home & Kitchen,Appliances,North,Monsoon,314.56,353.1,6,96.0,2118.6,1887.36,231.24,10.91
TXN105377,Beauty & Personal Care,Grooming,North,Spring,172.57,231.57,8,33.0,1852.56,1380.56,472.0,25.48
TXN105378,Home & Kitchen,Appliances,Central,Winter,123.24,131.16,4,72.0,524.64,492.96,31.68,6.04
TXN105379,Electronics,Accessories,Central,Spring,2386.31,2581.37,8,44.0,20650.96,19090.48,1560.48,7.56
TXN105380,Electronics,Smartphones,West,Winter,495.8,477.19,3,66.0,1431.57,1487.4,-55.83,-3.9
TXN105381,Grocery,Frozen Foods,South,Festive,244.28,248.71,9,13.0,2238.39,2198.52,39.87,1.78
TXN105382,Home & Kitchen,Cookware,East,Monsoon,14.95,16.85,8,81.0,134.8,119.6,15.2,11.28
TXN105383,Electronics,Laptops,South,Summer,516.98,551.71,13,29.0,7172.23,6720.74,451.49,6.29
TXN105384,Grocery,Snacks,North,Spring,147.69,160.69,16,19.0,2571.04,2363.04,208.0,8.09
TXN105385,Grocery,Beverages,North,Spring,443.56,401.23,18,15.0,7222.14,7984.08,-761.94,-10.55
TXN105386,Grocery,Staples,South,Monsoon,19.18,19.78,15,17.0,296.7,287.7,9.0,3.03
TXN105387,Apparel,Men's Wear,North,Winter,117.55,147.15,7,41.0,1030.05,822.85,207.2,20.12
TXN105388,Electronics,Accessories,West,Summer,1330.28,1451.92,7,34.0,10163.44,9311.96,851.48,8.38
TXN105389,Beauty & Personal Care,Skincare,North,Festive,280.91,318.97,7,,2232.79,1966.37,266.42,11.93
TXN105390,Apparel,Women's Wear,West,Summer,115.44,145.29,7,81.0,1017.03,808.08,208.95,20.55
TXN105391,Beauty & Personal Care,Skincare,North,Monsoon,459.65,559.89,10,56.0,5598.9,4596.5,1002.4,17.9
TXN105392,Home & Kitchen,Furniture,North,Winter,416.51,505.16,8,45.0,4041.28,3332.08,709.2,17.55
TXN105393,Electronics,Smartphones,West,Spring,1947.08,2119.25,12,29.0,25431.0,23364.96,2066.04,8.12
TXN105394,Grocery,Staples,North,Monsoon,32.67,34.67,14,8.0,485.38,457.38,28.0,5.77
TXN105395,Electronics,Accessories,North,Winter,2876.81,3176.7,5,39.0,15883.5,14384.05,1499.45,9.44
TXN105396,Apparel,Men's Wear,East,Summer,150.8,184.75,4,75.0,739.0,603.2,135.8,18.38
TXN105397,Electronics,Headphones,Central,Summer,477.61,476.43,5,56.0,2382.15,2388.05,-5.9,-0.25
TXN105398,Apparel,Men's Wear,North,Winter,134.14,166.41,4,111.0,665.64,536.56,129.08,19.39
TXN105399,Home & Kitchen,Appliances,South,Winter,41.44,48.38,7,42.0,338.66,290.08,48.58,14.34
TXN105400,Electronics,Accessories,West,Summer,1859.33,2001.89,6,62.0,12011.34,11155.98,855.36,7.12
TXN105401,Grocery,Beverages,East,Winter,430.76,449.69,19,7.0,8544.11,8184.44,359.67,4.21
TXN105402,Beauty & Personal Care,Skincare,East,Monsoon,167.63,205.47,6,41.0,1232.82,1005.78,227.04,18.42
TXN105403,Apparel,Winter Wear,East,Summer,184.76,215.3,4,81.0,861.2,739.04,122.16,14.18
TXN105404,Grocery,Dairy,East,Summer,245.19,267.45,14,3.0,3744.3,3432.66,311.64,8.32
TXN105405,Beauty & Personal Care,Fragrances,South,Summer,303.43,421.0,8,40.0,3368.0,2427.44,940.56,27.93
TXN105406,Grocery,Snacks,South,Winter,414.38,419.86,10,18.0,4198.6,4143.8,54.8,1.31
TXN105407,Apparel,Women's Wear,East,Winter,177.39,235.81,4,35.0,943.24,709.56,233.68,24.77
TXN105408,Electronics,Smartphones,Central,Summer,1918.75,2058.18,7,45.0,14407.26,13431.25,976.01,6.77
TXN105409,Home & Kitchen,Cookware,East,Festive,249.35,256.99,8,77.0,2055.92,1994.8,61.12,2.97
TXN105410,Apparel,Women's Wear,West,Summer,29.5,33.83,9,106.0,304.47,265.5,38.97,12.8
TXN105411,Apparel,Kids Wear,West,Winter,226.17,274.58,9,62.0,2471.22,2035.53,435.69,17.63
TXN105412,Beauty & Personal Care,Makeup,West,Winter,440.74,535.45,13,57.0,6960.85,5729.62,1231.23,17.69
TXN105413,Electronics,Smartphones,North,Winter,2639.96,2495.47,9,65.0,22459.23,23759.64,-1300.41,-5.79
TXN105414,Apparel,Men's Wear,West,Spring,113.79,139.72,8,72.0,1117.76,910.32,207.44,18.56
TXN105415,Electronics,Laptops,North,Spring,1016.54,1095.78,7,55.0,7670.46,7115.78,554.68,7.23
TXN105416,Apparel,Kids Wear,West,Winter,161.9,201.72,8,76.0,1613.76,1295.2,318.56,19.74
TXN105417,Home & Kitchen,Decor,North,Spring,147.66,160.43,7,80.0,1123.01,1033.62,89.39,7.96
TXN105418,Home & Kitchen,Cookware,West,Monsoon,393.53,498.04,5,56.0,2490.2,1967.65,522.55,20.98
TXN105419,Electronics,Cameras,East,Festive,1211.43,1141.57,3,48.0,3424.71,3634.29,-209.58,-6.12
TXN105420,Beauty & Personal Care,Grooming,West,Festive,166.86,217.73,6,,1306.38,1001.16,305.22,23.36
TXN105421,Apparel,Winter Wear,Central,Monsoon,219.41,256.51,8,,2052.08,1755.28,296.8,14.46
TXN105422,Beauty & Personal Care,Skincare,West,Summer,136.67,173.72,5,57.0,868.6,683.35,185.25,21.33
TXN105423,Apparel,Footwear,Central,Winter,184.71,231.59,12,42.0,2779.08,2216.52,562.56,20.24
TXN105424,Beauty & Personal Care,Fragrances,West,Monsoon,411.01,540.17,5,58.0,2700.85,2055.05,645.8,23.91
TXN105425,Apparel,Men's Wear,West,Summer,223.74,268.83,6,111.0,1612.98,1342.44,270.54,16.77
TXN105426,Home & Kitchen,Cookware,South,Festive,481.68,478.26,10,76.0,4782.6,4816.8,-34.2,-0.72
TXN105427,Electronics,Accessories,West,Spring,2443.41,2683.32,4,38.0,10733.28,9773.64,959.64,8.94
TXN105428,Grocery,Snacks,South,Summer,333.0,353.22,11,3.0,3885.42,3663.0,222.42,5.72
TXN105429,Apparel,Winter Wear,North,Summer,116.68,151.12,13,71.0,1964.56,1516.84,447.72,22.79
TXN105430,Grocery,Frozen Foods,East,Summer,267.37,278.7,17,3.0,4737.9,4545.29,192.61,4.07
TXN105431,Electronics,Laptops,South,Winter,2971.27,3232.7,4,30.0,12930.8,11885.08,1045.72,8.09
TXN105432,Electronics,Headphones,South,Winter,1655.91,1581.24,8,59.0,12649.92,13247.28,-597.36,-4.72
TXN105433,Grocery,Frozen Foods,South,Winter,335.52,356.43,15,9.0,5346.45,5032.8,313.65,5.87
TXN105434,Apparel,Winter Wear,Central,Festive,457.0,525.93,7,81.0,3681.51,3199.0,482.51,13.11
TXN105435,Grocery,Staples,East,Summer,21.81,23.34,17,3.0,396.78,370.77,26.01,6.56
TXN105436,Apparel,Kids Wear,South,Spring,50.98,55.45,4,89.0,221.8,203.92,17.88,8.06
TXN105437,Electronics,Laptops,Central,Monsoon,295.5,324.42,9,44.0,2919.78,2659.5,260.28,8.91
TXN105438,Apparel,Men's Wear,South,Summer,88.99,95.47,5,77.0,477.35,444.95,32.4,6.79
TXN105439,Beauty & Personal Care,Skincare,West,Monsoon,441.97,554.78,4,27.0,2219.12,1767.88,451.24,20.33
TXN105440,Home & Kitchen,Storage,West,Summer,164.88,196.27,11,40.0,2158.97,1813.68,345.29,15.99
TXN105441,Beauty & Personal Care,Fragrances,South,Monsoon,127.94,166.57,8,43.0,1332.56,1023.52,309.04,23.19
TXN105442,Grocery,Dairy,West,Summer,262.34,280.89,12,4.0,3370.68,3148.08,222.6,6.6
TXN105443,Electronics,Smartphones,North,Festive,2906.1,2741.98,10,60.0,27419.8,29061.0,-1641.2,-5.99
TXN105444,Electronics,Accessories,South,Summer,1810.42,1950.22,3,47.0,5850.66,5431.26,419.4,7.17
TXN105445,Electronics,Smartphones,North,Festive,1875.51,1864.42,5,57.0,9322.1,9377.55,-55.45,-0.59
TXN105446,Grocery,Dairy,North,Spring,234.25,227.63,15,15.0,3414.45,3513.75,-99.3,-2.91
TXN105447,Grocery,Frozen Foods,West,Spring,17.4,17.93,19,18.0,340.67,330.6,10.07,2.96
TXN105448,Home & Kitchen,Decor,West,Summer,428.84,510.9,12,57.0,6130.8,5146.08,984.72,16.06
TXN105449,Home & Kitchen,Furniture,South,Summer,378.39,450.0,4,68.0,1800.0,1513.56,286.44,15.91
TXN105450,Beauty & Personal Care,Grooming,East,Monsoon,269.19,346.82,5,53.0,1734.1,1345.95,388.15,22.38
TXN105451,Grocery,Staples,Central,Spring,373.94,406.54,21,10.0,8537.34,7852.74,684.6,8.02
TXN105452,Apparel,Women's Wear,Central,Summer,421.69,523.22,7,77.0,3662.54,2951.83,710.71,19.4
TXN105453,Electronics,Smartphones,Central,Spring,2448.58,2693.75,3,32.0,8081.25,7345.74,735.51,9.1
TXN105454,Apparel,Women's Wear,East,Summer,214.88,246.78,10,106.0,2467.8,2148.8,319.0,12.93
TXN105455,Apparel,Men's Wear,North,Winter,311.26,404.11,10,56.0,4041.1,3112.6,928.5,22.98
TXN105456,Grocery,Staples,North,Spring,279.18,282.27,11,13.0,3104.97,3070.98,33.99,1.09
TXN105457,Beauty & Personal Care,Makeup,North,Spring,365.7,484.4,5,40.0,2422.0,1828.5,593.5,24.5
TXN105458,Grocery,Beverages,East,Winter,499.61,499.54,16,18.0,7992.64,7993.76,-1.12,-0.01
TXN105459,Home & Kitchen,Appliances,Central,Winter,398.38,439.64,4,96.0,1758.56,1593.52,165.04,9.38
TXN105460,Grocery,Snacks,North,Spring,322.66,345.21,16,5.0,5523.36,5162.56,360.8,6.53
TXN105461,Beauty & Personal Care,Makeup,East,Winter,457.44,557.0,10,50.0,5570.0,4574.4,995.6,17.87
TXN105462,Apparel,Winter Wear,Central,Spring,96.12,122.57,12,41.0,1470.84,1153.44,317.4,21.58
TXN105463,Apparel,Kids Wear,Central,Festive,108.83,133.69,6,44.0,802.14,652.98,149.16,18.6
TXN105464,Home & Kitchen,Storage,East,Summer,406.07,499.89,9,64.0,4499.01,3654.63,844.38,18.77
TXN105465,Beauty & Personal Care,Makeup,East,Monsoon,132.06,176.0,7,36.0,1232.0,924.42,307.58,24.97
TXN105466,Apparel,Winter Wear,Central,Festive,140.18,173.83,7,109.0,1216.81,981.26,235.55,19.36
TXN105467,Beauty & Personal Care,Skincare,Central,Festive,275.5,362.97,4,40.0,1451.88,1102.0,349.88,24.1
TXN105468,Apparel,Footwear,South,Monsoon,315.41,350.32,10,92.0,3503.2,3154.1,349.1,9.97
TXN105469,Apparel,Women's Wear,Central,Monsoon,454.15,556.21,4,74.0,2224.84,1816.6,408.24,18.35
TXN105470,Electronics,Headphones,Central,Winter,1786.33,2011.76,6,37.0,12070.56,10717.98,1352.58,11.21
TXN105471,Grocery,Snacks,South,Spring,314.89,345.34,12,6.0,4144.08,3778.68,365.4,8.82
TXN105472,Beauty & Personal Care,Grooming,North,Monsoon,219.99,299.91,4,49.0,1199.64,879.96,319.68,26.65
TXN105473,Electronics,Accessories,North,Spring,2069.75,2222.96,7,42.0,15560.72,14488.25,1072.47,6.89
TXN105474,Apparel,Winter Wear,Central,Spring,280.89,345.84,9,44.0,3112.56,2528.01,584.55,18.78
TXN105475,Apparel,Women's Wear,North,Winter,68.49,85.92,3,117.0,257.76,205.47,52.29,20.29
TXN105476,Grocery,Snacks,East,Monsoon,305.18,323.94,13,3.0,4211.22,3967.34,243.88,5.79
TXN105477,Apparel,Winter Wear,South,Winter,148.52,186.24,6,91.0,1117.44,891.12,226.32,20.25
TXN105478,Apparel,Winter Wear,South,Summer,474.94,635.18,14,40.0,8892.52,6649.16,2243.36,25.23
TXN105479,Grocery,Beverages,East,Festive,204.43,191.18,13,17.0,2485.34,2657.59,-172.25,-6.93
TXN105480,Grocery,Beverages,East,Festive,132.32,145.52,14,6.0,2037.28,1852.48,184.8,9.07
TXN105481,Grocery,Frozen Foods,,Monsoon,140.5,147.68,15,3.0,2215.2,2107.5,107.7,4.86
TXN105482,Apparel,Men's Wear,East,Festive,415.44,477.68,3,93.0,1433.04,1246.32,186.72,13.03
TXN105483,Apparel,Women's Wear,North,Summer,365.16,477.81,8,47.0,3822.48,2921.28,901.2,23.58
TXN105484,Apparel,Women's Wear,Central,Monsoon,434.97,548.03,6,58.0,3288.18,2609.82,678.36,20.63
TXN105485,Home & Kitchen,Cookware,East,Monsoon,252.24,308.47,5,44.0,1542.35,1261.2,281.15,18.23
TXN105486,Grocery,Beverages,Central,Festive,52.53,53.27,13,17.0,692.51,682.89,9.62,1.39
TXN105487,Electronics,Accessories,North,Monsoon,708.25,766.39,5,39.0,3831.95,3541.25,290.7,7.59
TXN105488,Beauty & Personal Care,Fragrances,West,Monsoon,43.36,57.48,10,30.0,574.8,433.6,141.2,24.57
TXN105489,Beauty & Personal Care,Fragrances,East,Festive,28.81,36.88,8,36.0,295.04,230.48,64.56,21.88
TXN105490,Beauty & Personal Care,Makeup,East,Festive,294.14,382.48,7,28.0,2677.36,2058.98,618.38,23.1
TXN105491,Apparel,Footwear,South,Monsoon,220.97,264.57,9,96.0,2381.13,1988.73,392.4,16.48
TXN105492,Apparel,Winter Wear,West,Monsoon,304.41,391.53,5,44.0,1957.65,1522.05,435.6,22.25
TXN105493,Electronics,Smartphones,Central,Monsoon,2008.52,2223.28,8,63.0,17786.24,16068.16,1718.08,9.66
TXN105494,Apparel,Footwear,West,Summer,398.08,478.79,8,63.0,3830.32,3184.64,645.68,16.86
TXN105495,Apparel,Kids Wear,Central,Summer,32.46,41.89,8,72.0,335.12,259.68,75.44,22.51
TXN105496,Beauty & Personal Care,Fragrances,South,Festive,259.58,342.01,7,32.0,2394.07,1817.06,577.01,24.1
TXN105497,Electronics,Laptops,North,Summer,2992.38,3092.86,3,56.0,9278.58,8977.14,301.44,3.25
TXN105498,Electronics,Laptops,East,Spring,356.19,387.08,4,46.0,1548.32,1424.76,123.56,7.98
TXN105499,Grocery,Dairy,South,Festive,106.16,103.21,17,17.0,1754.57,1804.72,-50.15,-2.86
TXN105500,Grocery,Dairy,East,Winter,478.37,486.45,24,15.0,11674.8,11480.88,193.92,1.66
TXN105501,Electronics,Accessories,West,Summer,2264.85,2109.04,12,65.0,25308.48,27178.2,-1869.72,-7.39
TXN105502,Beauty & Personal Care,Haircare,West,Monsoon,71.09,93.91,6,31.0,563.46,426.54,136.92,24.3
TXN105503,Beauty & Personal Care,Fragrances,Central,Spring,40.97,48.89,6,46.0,293.34,245.82,47.52,16.2
TXN105504,Electronics,Laptops,North,Spring,2799.91,3125.97,10,28.0,31259.7,27999.1,3260.6,10.43
TXN105505,Apparel,Kids Wear,South,Summer,289.55,358.08,11,71.0,3938.88,3185.05,753.83,19.14
TXN105506,Beauty & Personal Care,Skincare,East,Festive,178.87,229.92,9,39.0,2069.28,1609.83,459.45,22.2
TXN105507,Grocery,Frozen Foods,Central,Winter,235.99,224.21,19,19.0,4259.99,4483.81,-223.82,-5.25
TXN105508,Electronics,Accessories,Central,Monsoon,1683.4,1902.62,8,39.0,15220.96,13467.2,1753.76,11.52
TXN105509,Grocery,Beverages,South,Winter,294.73,311.79,8,8.0,2494.32,2357.84,136.48,5.47
TXN105510,Apparel,Men's Wear,East,Summer,366.85,412.8,8,95.0,3302.4,2934.8,367.6,11.13
TXN105511,Home & Kitchen,Appliances,East,Winter,59.07,73.14,5,58.0,365.7,295.35,70.35,19.24
TXN105512,Home & Kitchen,Storage,West,Spring,240.69,272.71,4,80.0,1090.84,962.76,128.08,11.74
TXN105513,Apparel,Men's Wear,Central,Monsoon,57.22,67.66,7,107.0,473.62,400.54,73.08,15.43
TXN105514,Beauty & Personal Care,Makeup,South,Spring,211.77,259.51,8,43.0,2076.08,1694.16,381.92,18.4
TXN105515,Beauty & Personal Care,Skincare,Central,Festive,313.02,394.96,8,36.0,3159.68,2504.16,655.52,20.75
TXN105516,Electronics,Laptops,South,Winter,378.54,392.99,8,67.0,3143.92,3028.32,115.6,3.68
TXN105517,Apparel,Kids Wear,East,Festive,130.1,155.17,4,81.0,620.68,520.4,100.28,16.16
TXN105518,Home & Kitchen,Storage,East,Winter,493.37,528.97,7,89.0,3702.79,3453.59,249.2,6.73
TXN105519,Grocery,Dairy,North,Spring,219.49,233.81,11,10.0,2571.91,2414.39,157.52,6.12
TXN105520,Home & Kitchen,Decor,Central,Winter,73.44,85.01,9,61.0,765.09,660.96,104.13,13.61
TXN105521,Home & Kitchen,Furniture,South,Summer,448.56,490.1,8,77.0,3920.8,3588.48,332.32,8.48
TXN105522,Electronics,Headphones,North,Monsoon,2877.81,2968.91,7,54.0,20782.37,20144.67,637.7,3.07
TXN105523,Home & Kitchen,Storage,North,Winter,109.69,124.28,12,77.0,1491.36,1316.28,175.08,11.74
TXN105524,Apparel,Women's Wear,West,Winter,434.45,514.42,9,110.0,4629.78,3910.05,719.73,15.55
TXN105525,Home & Kitchen,Storage,West,Summer,99.84,122.51,9,62.0,1102.59,898.56,204.03,18.5
TXN105526,Apparel,Men's Wear,Central,Spring,81.45,88.23,11,80.0,970.53,895.95,74.58,7.68
TXN105527,Electronics,Smartphones,West,Spring,678.57,751.97,2,31.0,1503.94,1357.14,146.8,9.76
TXN105528,Home & Kitchen,Appliances,North,Winter,17.73,21.69,13,43.0,281.97,230.49,51.48,18.26
TXN105529,Home & Kitchen,Furniture,North,Festive,13.64,16.43,11,73.0,180.73,150.04,30.69,16.98
TXN105530,Electronics,Accessories,East,Winter,1246.41,1342.62,6,33.0,8055.72,7478.46,577.26,7.17
TXN105531,Home & Kitchen,Decor,South,Festive,109.48,132.88,6,66.0,797.28,656.88,140.4,17.61
TXN105532,Beauty & Personal Care,Fragrances,South,Winter,224.97,281.8,7,26.0,1972.6,1574.79,397.81,20.17
TXN105533,Electronics,Cameras,East,Spring,2116.04,1919.89,8,68.0,15359.12,16928.32,-1569.2,-10.22
TXN105534,Electronics,Smartphones,Central,Summer,2812.94,3072.76,10,42.0,30727.6,28129.4,2598.2,8.46
TXN105535,Grocery,Snacks,Central,Festive,314.81,342.35,15,11.0,5135.25,4722.15,413.1,8.04
TXN105536,Apparel,Women's Wear,South,Spring,171.42,216.05,6,51.0,1296.3,1028.52,267.78,20.66
TXN105537,Home & Kitchen,Storage,South,Winter,357.36,406.8,6,83.0,2440.8,2144.16,296.64,12.15
TXN105538,Electronics,Accessories,Central,Winter,1985.47,2146.63,7,48.0,15026.41,13898.29,1128.12,7.51
TXN105539,Electronics,Cameras,West,Spring,2852.68,3232.39,6,28.0,19394.34,17116.08,2278.26,11.75
TXN105540,Home & Kitchen,Decor,West,Summer,202.84,256.16,5,,1280.8,1014.2,266.6,20.82
TXN105541,Home & Kitchen,Decor,South,Festive,322.14,380.45,5,64.0,1902.25,1610.7,291.55,15.33
TXN105542,Apparel,Footwear,West,Summer,148.52,191.84,9,117.0,1726.56,1336.68,389.88,22.58
TXN105543,Electronics,Smartphones,Central,Spring,2610.91,2813.16,4,39.0,11252.64,10443.64,809.0,7.19
TXN105544,Electronics,Laptops,Central,Festive,706.31,742.19,3,33.0,2226.57,2118.93,107.64,4.83
TXN105545,Home & Kitchen,Appliances,Central,Summer,328.24,346.69,6,86.0,2080.14,1969.44,110.7,5.32
TXN105546,Beauty & Personal Care,Haircare,West,Festive,243.73,323.68,8,42.0,2589.44,1949.84,639.6,24.7
TXN105547,Grocery,Dairy,East,Spring,496.11,461.81,24,15.0,11083.44,11906.64,-823.2,-7.43
TXN105548,Home & Kitchen,Appliances,North,Summer,105.03,133.55,3,64.0,400.65,315.09,85.56,21.36
TXN105549,Electronics,Laptops,,Monsoon,2012.68,2256.38,9,51.0,20307.42,18114.12,2193.3,10.8
TXN105550,Beauty & Personal Care,Skincare,North,Festive,475.66,607.52,6,46.0,3645.12,2853.96,791.16,21.7
TXN105551,Electronics,Laptops,South,Festive,2633.87,2704.18,9,68.0,24337.62,23704.83,632.79,2.6
TXN105552,Beauty & Personal Care,Skincare,South,Winter,109.19,151.43,3,40.0,454.29,327.57,126.72,27.89
TXN105553,Beauty & Personal Care,Grooming,South,Spring,316.51,421.4,8,21.0,3371.2,2532.08,839.12,24.89
TXN105554,Home & Kitchen,Decor,West,Spring,466.37,517.53,12,74.0,6210.36,5596.44,613.92,9.89
TXN105555,Home & Kitchen,Appliances,East,Summer,403.75,482.76,6,93.0,2896.56,2422.5,474.06,16.37
TXN105556,Apparel,Footwear,West,Monsoon,240.28,288.57,8,37.0,2308.56,1922.24,386.32,16.73
TXN105557,Grocery,Dairy,East,Winter,244.94,230.39,18,17.0,4147.02,4408.92,-261.9,-6.32
TXN105558,Electronics,Laptops,South,Spring,2477.1,2744.16,8,44.0,21953.28,19816.8,2136.48,9.73
TXN105559,Apparel,Kids Wear,West,Festive,127.52,164.06,6,34.0,984.36,765.12,219.24,22.27
TXN105560,Electronics,Laptops,East,Festive,1604.88,1755.35,9,,15798.15,14443.92,1354.23,8.57
TXN105561,Home & Kitchen,Storage,East,Summer,253.82,304.25,12,44.0,3651.0,3045.84,605.16,16.58
TXN105562,Electronics,Laptops,North,Spring,2159.5,2361.85,5,26.0,11809.25,10797.5,1011.75,8.57
TXN105563,Apparel,Women's Wear,Central,Spring,474.68,583.69,9,,5253.21,4272.12,981.09,18.68
TXN105564,Apparel,Footwear,East,Winter,452.72,594.35,7,68.0,4160.45,3169.04,991.41,23.83
TXN105565,Apparel,Footwear,East,Spring,293.48,371.94,7,55.0,2603.58,2054.36,549.22,21.09
TXN105566,Grocery,Staples,West,Spring,348.24,379.11,11,9.0,4170.21,3830.64,339.57,8.14
TXN105567,Apparel,Women's Wear,South,Summer,354.24,473.02,4,54.0,1892.08,1416.96,475.12,25.11
TXN105568,Beauty & Personal Care,Fragrances,West,Monsoon,54.15,64.79,8,41.0,518.32,433.2,85.12,16.42
TXN105569,Beauty & Personal Care,Skincare,Central,Spring,288.88,388.63,7,40.0,2720.41,2022.16,698.25,25.67
TXN105570,Apparel,Men's Wear,West,Winter,451.2,568.73,12,65.0,6824.76,5414.4,1410.36,20.67
TXN105571,Grocery,Snacks,East,Summer,77.43,79.47,18,13.0,1430.46,1393.74,36.72,2.57
TXN105572,Apparel,Men's Wear,Central,Spring,84.35,101.35,8,111.0,810.8,674.8,136.0,16.77
TXN105573,Home & Kitchen,Appliances,South,Spring,130.38,158.13,7,,1106.91,912.66,194.25,17.55
TXN105574,Electronics,Cameras,North,Winter,800.3,863.6,5,48.0,4318.0,4001.5,316.5,7.33
TXN105575,Beauty & Personal Care,Grooming,North,Winter,424.18,521.4,6,40.0,3128.4,2545.08,583.32,18.65
TXN105576,Beauty & Personal Care,Haircare,North,Winter,309.16,358.82,9,44.0,3229.38,2782.44,446.94,13.84
TXN105577,Beauty & Personal Care,Makeup,East,Winter,482.44,629.35,3,24.0,1888.05,1447.32,440.73,23.34
TXN105578,Apparel,Women's Wear,North,Festive,367.5,440.8,7,97.0,3085.6,2572.5,513.1,16.63
TXN105579,Electronics,Smartphones,South,Spring,73.0,69.28,9,56.0,623.52,657.0,-33.48,-5.37
TXN105580,Grocery,Dairy,South,Monsoon,202.61,222.84,12,6.0,2674.08,2431.32,242.76,9.08
TXN105581,Apparel,Men's Wear,West,Festive,60.84,71.69,8,78.0,573.52,486.72,86.8,15.13
TXN105582,Home & Kitchen,Decor,South,Festive,210.89,240.85,7,98.0,1685.95,1476.23,209.72,12.44
TXN105583,Apparel,Footwear,East,Festive,128.28,153.94,5,97.0,769.7,641.4,128.3,16.67
TXN105584,Electronics,Smartphones,West,Summer,772.9,871.35,11,,9584.85,8501.9,1082.95,11.3
TXN105585,Electronics,Smartphones,North,Winter,2728.45,2900.73,10,29.0,29007.3,27284.5,1722.8,5.94
TXN105586,Electronics,Smartphones,East,Spring,655.87,702.58,8,37.0,5620.64,5246.96,373.68,6.65
TXN105587,Apparel,Women's Wear,East,Monsoon,354.61,457.48,8,111.0,3659.84,2836.88,822.96,22.49
TXN105588,Beauty & Personal Care,Fragrances,Central,Summer,390.97,519.39,8,23.0,4155.12,3127.76,1027.36,24.73
TXN105589,Beauty & Personal Care,Skincare,West,Winter,255.38,298.71,8,47.0,2389.68,2043.04,346.64,14.51
TXN105590,Electronics,Accessories,North,Winter,2796.35,3158.74,7,30.0,22111.18,19574.45,2536.73,11.47
TXN105591,Grocery,Dairy,East,Monsoon,158.08,169.33,17,4.0,2878.61,2687.36,191.25,6.64
TXN105592,Electronics,Laptops,East,Summer,2646.03,2812.97,4,33.0,11251.88,10584.12,667.76,5.93
TXN105593,Electronics,Cameras,East,Spring,1639.09,1767.71,6,61.0,10606.26,9834.54,771.72,7.28
TXN105594,Home & Kitchen,Appliances,Central,Summer,121.06,154.3,8,46.0,1234.4,968.48,265.92,21.54
TXN105595,Apparel,Footwear,West,Summer,17.29,20.28,7,115.0,141.96,121.03,20.93,14.74
TXN105596,Apparel,Kids Wear,West,Spring,159.44,181.61,7,79.0,1271.27,1116.08,155.19,12.21
TXN105597,Apparel,Women's Wear,,Winter,208.39,242.96,8,115.0,1943.68,1667.12,276.56,14.23
TXN105598,Beauty & Personal Care,Makeup,West,Winter,46.23,59.04,9,58.0,531.36,416.07,115.29,21.7
TXN105599,Grocery,Staples,West,Spring,99.25,93.4,16,16.0,1494.4,1588.0,-93.6,-6.26
TXN105600,Electronics,Cameras,West,Monsoon,1386.6,1491.7,7,32.0,10441.9,9706.2,735.7,7.05
TXN105601,Grocery,Frozen Foods,South,Monsoon,367.89,384.21,10,,3842.1,3678.9,163.2,4.25
TXN105602,Electronics,Cameras,South,Spring,1218.63,1186.33,10,65.0,11863.3,12186.3,-323.0,-2.72
TXN105603,Home & Kitchen,Decor,North,Summer,322.07,405.56,9,42.0,3650.04,2898.63,751.41,20.59
TXN105604,Grocery,Dairy,East,Festive,259.96,271.31,17,10.0,4612.27,4419.32,192.95,4.18
TXN105605,Grocery,Beverages,West,Winter,319.59,313.77,11,19.0,3451.47,3515.49,-64.02,-1.85
TXN105606,Apparel,Women's Wear,South,Summer,175.31,221.82,11,65.0,2440.02,1928.41,511.61,20.97
TXN105607,Electronics,Laptops,East,Monsoon,1169.7,1290.84,9,38.0,11617.56,10527.3,1090.26,9.38
TXN105608,Apparel,Footwear,North,Spring,443.58,569.66,8,43.0,4557.28,3548.64,1008.64,22.13
TXN105609,Grocery,Beverages,North,Spring,158.96,172.0,13,5.0,2236.0,2066.48,169.52,7.58
TXN105610,Apparel,Kids Wear,Central,Monsoon,325.88,439.77,8,61.0,3518.16,2607.04,911.12,25.9
TXN105611,Home & Kitchen,Storage,East,Monsoon,274.54,346.73,5,53.0,1733.65,1372.7,360.95,20.82
TXN105612,Home & Kitchen,Appliances,Central,Summer,390.17,495.19,8,46.0,3961.52,3121.36,840.16,21.21
TXN105613,Home & Kitchen,Appliances,East,Summer,312.79,353.3,10,74.0,3533.0,3127.9,405.1,11.47
TXN105614,Electronics,Laptops,West,Spring,1931.59,1837.49,10,56.0,18374.9,19315.9,-941.0,-5.12
TXN105615,Grocery,Beverages,West,Festive,279.09,261.3,11,18.0,2874.3,3069.99,-195.69,-6.81
TXN105616,Home & Kitchen,Storage,West,Winter,314.4,383.04,10,43.0,3830.4,3144.0,686.4,17.92
TXN105617,Electronics,Headphones,West,Summer,237.12,257.74,7,31.0,1804.18,1659.84,144.34,8.0
TXN105618,Home & Kitchen,Appliances,West,Winter,316.78,387.29,8,62.0,3098.32,2534.24,564.08,18.21
TXN105619,Beauty & Personal Care,Grooming,Central,Festive,338.51,394.4,8,44.0,3155.2,2708.08,447.12,14.17
TXN105620,Grocery,Beverages,West,Winter,457.06,481.61,19,,9150.59,8684.14,466.45,5.1
TXN105621,Electronics,Cameras,Central,Festive,272.04,302.24,11,29.0,3324.64,2992.44,332.2,9.99
TXN105622,Apparel,Women's Wear,South,Spring,254.84,336.01,9,68.0,3024.09,2293.56,730.53,24.16
TXN105623,Home & Kitchen,Furniture,Central,Spring,324.5,404.28,11,42.0,4447.08,3569.5,877.58,19.73
TXN105624,Apparel,Women's Wear,Central,Spring,302.88,402.68,4,65.0,1610.72,1211.52,399.2,24.78
TXN105625,Grocery,Dairy,South,Monsoon,293.6,319.07,20,10.0,6381.4,5872.0,509.4,7.98
TXN105626,Electronics,Headphones,North,Summer,2022.51,2179.54,8,33.0,17436.32,16180.08,1256.24,7.2
TXN105627,Electronics,Laptops,Central,Spring,1446.44,1450.01,11,66.0,15950.11,15910.84,39.27,0.25
TXN105628,Electronics,Headphones,West,Winter,1164.5,1242.52,9,54.0,11182.68,10480.5,702.18,6.28
TXN105629,Electronics,Headphones,East,Spring,1517.96,1540.74,7,,10785.18,10625.72,159.46,1.48
TXN105630,Apparel,Footwear,South,Festive,266.68,333.63,2,90.0,667.26,533.36,133.9,20.07
TXN105631,Electronics,Laptops,North,Festive,2639.06,2825.2,8,41.0,22601.6,21112.48,1489.12,6.59
TXN105632,Grocery,Dairy,Central,Spring,209.61,228.88,15,8.0,3433.2,3144.15,289.05,8.42
TXN105633,Home & Kitchen,Storage,South,Spring,184.66,219.37,5,83.0,1096.85,923.3,173.55,15.82
TXN105634,Apparel,Men's Wear,North,Festive,167.57,206.88,7,82.0,1448.16,1172.99,275.17,19.0
TXN105635,Electronics,Cameras,South,Summer,209.04,227.89,4,36.0,911.56,836.16,75.4,8.27
TXN105636,Grocery,Frozen Foods,West,Spring,219.84,230.11,17,12.0,3911.87,3737.28,174.59,4.46
TXN105637,Grocery,Beverages,East,Festive,311.42,330.09,17,8.0,5611.53,5294.14,317.39,5.66
TXN105638,Apparel,Kids Wear,Central,Winter,163.36,199.92,8,61.0,1599.36,1306.88,292.48,18.29
TXN105639,Grocery,Snacks,East,Spring,424.56,466.5,18,6.0,8397.0,7642.08,754.92,8.99
TXN105640,Home & Kitchen,Appliances,North,Festive,52.17,60.78,10,71.0,607.8,521.7,86.1,14.17
TXN105641,Apparel,Winter Wear,Central,Monsoon,405.66,478.99,10,102.0,4789.9,4056.6,733.3,15.31
TXN105642,Apparel,Men's Wear,East,Monsoon,143.12,153.29,11,108.0,1686.19,1574.32,111.87,6.63
TXN105643,Electronics,Laptops,North,Monsoon,735.21,780.96,5,46.0,3904.8,3676.05,228.75,5.86
TXN105644,Grocery,Staples,South,Monsoon,389.1,396.28,17,16.0,6736.76,6614.7,122.06,1.81
TXN105645,Home & Kitchen,Storage,West,Spring,473.93,512.3,4,96.0,2049.2,1895.72,153.48,7.49
TXN105646,Apparel,Winter Wear,Central,Monsoon,34.49,41.45,4,87.0,165.8,137.96,27.84,16.79
TXN105647,Electronics,Laptops,East,Summer,924.98,1006.72,6,63.0,6040.32,5549.88,490.44,8.12
TXN105648,Beauty & Personal Care,Makeup,Central,Summer,270.91,362.82,7,38.0,2539.74,1896.37,643.37,25.33
TXN105649,Electronics,Smartphones,South,Spring,1075.79,1143.38,6,37.0,6860.28,6454.74,405.54,5.91
TXN105650,Grocery,Dairy,North,Winter,438.4,476.03,17,,8092.51,7452.8,639.71,7.9
TXN105651,Electronics,Laptops,South,Monsoon,1695.41,1732.08,9,67.0,15588.72,15258.69,330.03,2.12
TXN105652,Grocery,Beverages,Central,Monsoon,289.28,282.79,20,13.0,5655.8,5785.6,-129.8,-2.29
TXN105653,Electronics,Accessories,Central,Summer,1594.18,1676.4,9,65.0,15087.6,14347.62,739.98,4.9
TXN105654,Beauty & Personal Care,Fragrances,North,Spring,246.72,336.04,11,20.0,3696.44,2713.92,982.52,26.58
TXN105655,Apparel,Footwear,South,Spring,127.64,165.4,8,88.0,1323.2,1021.12,302.08,22.83
TXN105656,Grocery,Staples,Central,Festive,254.15,250.33,21,16.0,5256.93,5337.15,-80.22,-1.53
TXN105657,Home & Kitchen,Decor,East,Festive,312.77,352.64,6,92.0,2115.84,1876.62,239.22,11.31
TXN105658,Apparel,Women's Wear,East,Summer,45.7,59.98,8,45.0,479.84,365.6,114.24,23.81
TXN105659,Beauty & Personal Care,Grooming,North,Summer,244.07,307.55,8,30.0,2460.4,1952.56,507.84,20.64
TXN105660,Apparel,Men's Wear,North,Winter,441.83,488.26,3,97.0,1464.78,1325.49,139.29,9.51
TXN105661,Beauty & Personal Care,Skincare,North,Monsoon,86.51,114.09,8,45.0,912.72,692.08,220.64,24.17
TXN105662,Beauty & Personal Care,Makeup,Central,Festive,231.97,282.72,6,53.0,1696.32,1391.82,304.5,17.95
TXN105663,Apparel,Footwear,East,Spring,387.92,458.26,7,118.0,3207.82,2715.44,492.38,15.35
TXN105664,Beauty & Personal Care,Makeup,West,Summer,432.8,601.82,7,27.0,4212.74,3029.6,1183.14,28.08
TXN105665,Electronics,Smartphones,West,Spring,890.12,955.33,12,26.0,11463.96,10681.44,782.52,6.83
TXN105666,Beauty & Personal Care,Makeup,South,Spring,441.31,593.35,12,22.0,7120.2,5295.72,1824.48,25.62
TXN105667,Beauty & Personal Care,Haircare,North,Winter,14.83,16.05,6,44.0,96.3,88.98,7.32,7.6
TXN105668,Beauty & Personal Care,Makeup,South,Summer,458.55,603.59,13,52.0,7846.67,5961.15,1885.52,24.03
TXN105669,Beauty & Personal Care,Skincare,Central,Festive,154.88,194.33,8,27.0,1554.64,1239.04,315.6,20.3
TXN105670,Apparel,Men's Wear,North,Monsoon,45.47,50.02,6,91.0,300.12,272.82,27.3,9.1
TXN105671,Apparel,Footwear,South,Winter,27.4,33.72,5,44.0,168.6,137.0,31.6,18.74
TXN105672,Electronics,Headphones,South,Winter,118.52,131.64,2,29.0,263.28,237.04,26.24,9.97
TXN105673,Home & Kitchen,Decor,East,Monsoon,468.57,582.51,8,96.0,4660.08,3748.56,911.52,19.56
TXN105674,Apparel,Winter Wear,East,Festive,147.26,174.01,7,113.0,1218.07,1030.82,187.25,15.37
TXN105675,Home & Kitchen,Cookware,Central,Winter,206.67,244.47,8,40.0,1955.76,1653.36,302.4,15.46
TXN105676,Apparel,Men's Wear,West,Monsoon,107.76,144.28,8,53.0,1154.24,862.08,292.16,25.31
TXN105677,Home & Kitchen,Storage,Central,Spring,399.21,464.58,10,58.0,4645.8,3992.1,653.7,14.07
TXN105678,Home & Kitchen,Cookware,East,Monsoon,160.29,191.94,11,99.0,2111.34,1763.19,348.15,16.49
TXN105679,Electronics,Accessories,North,Monsoon,1238.95,1357.84,6,56.0,8147.04,7433.7,713.34,8.76
TXN105680,Apparel,Footwear,West,Monsoon,450.79,607.71,9,40.0,5469.39,4057.11,1412.28,25.82
TXN105681,Home & Kitchen,Appliances,East,Spring,342.13,431.08,5,45.0,2155.4,1710.65,444.75,20.63
TXN105682,Apparel,Footwear,Central,Monsoon,202.86,237.33,7,,1661.31,1420.02,241.29,14.52
TXN105683,Beauty & Personal Care,Fragrances,West,Spring,106.11,146.31,8,34.0,1170.48,848.88,321.6,27.48
TXN105684,Apparel,Kids Wear,East,Summer,187.09,239.34,10,103.0,2393.4,1870.9,522.5,21.83
TXN105685,Electronics,Accessories,North,Festive,2393.73,2546.97,10,44.0,25469.7,23937.3,1532.4,6.02
TXN105686,Beauty & Personal Care,Haircare,North,Monsoon,97.67,120.32,6,30.0,721.92,586.02,135.9,18.82
TXN105687,Home & Kitchen,Storage,South,Monsoon,53.12,67.28,6,44.0,403.68,318.72,84.96,21.05
TXN105688,Electronics,Laptops,East,Summer,1890.13,2026.42,8,39.0,16211.36,15121.04,1090.32,6.73
TXN105689,Apparel,Women's Wear,North,Spring,325.83,423.72,6,31.0,2542.32,1954.98,587.34,23.1
TXN105690,Apparel,Women's Wear,Central,Winter,202.65,212.99,7,104.0,1490.93,1418.55,72.38,4.85
TXN105691,Home & Kitchen,Furniture,South,Monsoon,384.75,480.01,5,59.0,2400.05,1923.75,476.3,19.85
TXN105692,Grocery,Frozen Foods,West,Winter,153.12,140.26,13,16.0,1823.38,1990.56,-167.18,-9.17
TXN105693,Apparel,Footwear,West,Winter,271.7,354.33,8,73.0,2834.64,2173.6,661.04,23.32
TXN105694,Beauty & Personal Care,Makeup,Central,Monsoon,183.98,222.98,4,42.0,891.92,735.92,156.0,17.49
TXN105695,Apparel,Kids Wear,North,Summer,298.88,377.03,9,,3393.27,2689.92,703.35,20.73
TXN105696,Home & Kitchen,Furniture,West,Monsoon,141.29,163.24,6,,979.44,847.74,131.7,13.45
TXN105697,Apparel,Women's Wear,South,Winter,258.86,325.68,11,49.0,3582.48,2847.46,735.02,20.52
TXN105698,Home & Kitchen,Furniture,North,Monsoon,464.46,541.18,5,94.0,2705.9,2322.3,383.6,14.18
TXN105699,Grocery,Frozen Foods,East,Summer,279.58,303.7,15,7.0,4555.5,4193.7,361.8,7.94
TXN105700,Electronics,Accessories,Central,Summer,2033.36,2292.53,3,61.0,6877.59,6100.08,777.51,11.3
TXN105701,Apparel,Footwear,Central,Winter,333.73,424.99,9,55.0,3824.91,3003.57,821.34,21.47
TXN105702,Apparel,Footwear,West,Winter,85.89,106.85,6,85.0,641.1,515.34,125.76,19.62
TXN105703,Beauty & Personal Care,Grooming,South,Festive,244.82,328.4,11,42.0,3612.4,2693.02,919.38,25.45
TXN105704,Grocery,Beverages,Central,Winter,26.34,27.64,13,6.0,359.32,342.42,16.9,4.7
TXN105705,Grocery,Staples,Central,Monsoon,61.02,55.62,17,14.0,945.54,1037.34,-91.8,-9.71
TXN105706,Home & Kitchen,Appliances,South,Summer,381.91,399.49,3,82.0,1198.47,1145.73,52.74,4.4
TXN105707,Home & Kitchen,Cookware,North,Festive,57.29,66.52,8,70.0,532.16,458.32,73.84,13.88
TXN105708,Grocery,Snacks,Central,Summer,86.25,86.66,12,,1039.92,1035.0,4.92,0.47
TXN105709,Home & Kitchen,Cookware,South,Winter,250.51,310.0,4,97.0,1240.0,1002.04,237.96,19.19
TXN105710,Electronics,Smartphones,Central,Summer,1578.06,1550.76,9,58.0,13956.84,14202.54,-245.7,-1.76
TXN105711,Grocery,Staples,South,Spring,277.03,296.56,11,7.0,3262.16,3047.33,214.83,6.59
TXN105712,Apparel,Men's Wear,South,Winter,297.26,346.71,4,90.0,1386.84,1189.04,197.8,14.26
TXN105713,Electronics,Cameras,West,Festive,2673.34,2999.91,8,28.0,23999.28,21386.72,2612.56,10.89
TXN105714,Home & Kitchen,Decor,Central,Monsoon,390.2,480.41,4,56.0,1921.64,1560.8,360.84,18.78
TXN105715,Apparel,Footwear,East,Summer,73.16,89.88,6,63.0,539.28,438.96,100.32,18.6
TXN105716,Apparel,Footwear,East,Festive,54.05,71.53,9,45.0,643.77,486.45,157.32,24.44
TXN105717,Home & Kitchen,Storage,Central,Summer,306.1,373.21,6,99.0,2239.26,1836.6,402.66,17.98
TXN105718,Home & Kitchen,Appliances,West,Summer,449.42,530.44,9,79.0,4773.96,4044.78,729.18,15.27
TXN105719,Home & Kitchen,Decor,West,Spring,211.46,243.1,4,76.0,972.4,845.84,126.56,13.02
TXN105720,Home & Kitchen,Cookware,North,Winter,163.52,176.75,6,91.0,1060.5,981.12,79.38,7.49
TXN105721,Apparel,Kids Wear,Central,Festive,245.66,325.22,6,64.0,1951.32,1473.96,477.36,24.46
TXN105722,Home & Kitchen,Decor,North,Festive,426.27,471.55,5,78.0,2357.75,2131.35,226.4,9.6
TXN105723,Electronics,Headphones,West,Monsoon,2293.12,2275.6,6,69.0,13653.6,13758.72,-105.12,-0.77
TXN105724,Beauty & Personal Care,Makeup,South,Festive,439.06,533.49,7,47.0,3734.43,3073.42,661.01,17.7
TXN105725,Grocery,Dairy,West,Spring,51.26,51.68,15,17.0,775.2,768.9,6.3,0.81
TXN105726,Grocery,Beverages,North,Festive,173.78,182.84,15,10.0,2742.6,2606.7,135.9,4.96
TXN105727,Apparel,Footwear,East,Summer,151.08,176.7,6,111.0,1060.2,906.48,153.72,14.5
TXN105728,Beauty & Personal Care,Makeup,East,Winter,271.93,344.02,7,37.0,2408.14,1903.51,504.63,20.96
TXN105729,Beauty & Personal Care,Skincare,South,Monsoon,432.52,539.19,5,20.0,2695.95,2162.6,533.35,19.78
TXN105730,Home & Kitchen,Storage,Central,Winter,214.1,234.67,5,97.0,1173.35,1070.5,102.85,8.77
TXN105731,Electronics,Headphones,West,Winter,1278.2,1368.19,7,62.0,9577.33,8947.4,629.93,6.58
TXN105732,Apparel,Footwear,South,Winter,305.55,348.68,11,81.0,3835.48,3361.05,474.43,12.37
TXN105733,Home & Kitchen,Appliances,Central,Winter,418.66,480.96,4,89.0,1923.84,1674.64,249.2,12.95
TXN105734,Beauty & Personal Care,Grooming,North,Monsoon,131.14,169.49,8,32.0,1355.92,1049.12,306.8,22.63
TXN105735,Electronics,Cameras,West,Monsoon,2032.26,2270.19,5,35.0,11350.95,10161.3,1189.65,10.48
TXN105736,Apparel,Women's Wear,South,Winter,335.98,445.49,9,69.0,4009.41,3023.82,985.59,24.58
TXN105737,Home & Kitchen,Furniture,North,Winter,37.38,44.71,5,79.0,223.55,186.9,36.65,16.39
TXN105738,Beauty & Personal Care,Grooming,West,Festive,36.61,51.74,16,25.0,827.84,585.76,242.08,29.24
TXN105739,Home & Kitchen,Furniture,East,Festive,32.79,38.58,11,51.0,424.38,360.69,63.69,15.01
TXN105740,Apparel,Footwear,North,Monsoon,23.0,28.89,9,74.0,260.01,207.0,53.01,20.39
TXN105741,Home & Kitchen,Decor,North,Festive,128.16,155.28,4,51.0,621.12,512.64,108.48,17.47
TXN105742,Beauty & Personal Care,Skincare,North,Monsoon,322.1,442.34,8,36.0,3538.72,2576.8,961.92,27.18
TXN105743,Electronics,Laptops,West,Winter,297.1,338.43,7,28.0,2369.01,2079.7,289.31,12.21
TXN105744,Grocery,Frozen Foods,Central,Summer,188.57,201.78,18,5.0,3632.04,3394.26,237.78,6.55
TXN105745,Apparel,Men's Wear,South,Spring,105.68,140.33,7,43.0,982.31,739.76,242.55,24.69
TXN105746,Apparel,Women's Wear,,Summer,313.37,380.74,8,101.0,3045.92,2506.96,538.96,17.69
TXN105747,Grocery,Beverages,North,Festive,93.14,102.18,10,10.0,1021.8,931.4,90.4,8.85
TXN105748,Beauty & Personal Care,Fragrances,Central,Monsoon,149.16,190.5,6,45.0,1143.0,894.96,248.04,21.7
TXN105749,Electronics,Accessories,South,Spring,702.6,755.33,10,48.0,7553.3,7026.0,527.3,6.98
TXN105750,Grocery,Beverages,West,Spring,315.45,336.32,18,4.0,6053.76,5678.1,375.66,6.21
TXN105751,Apparel,Men's Wear,West,Winter,235.58,285.15,13,52.0,3706.95,3062.54,644.41,17.38
TXN105752,Electronics,Cameras,West,Festive,1322.25,1407.46,7,36.0,9852.22,9255.75,596.47,6.05
TXN105753,Grocery,Frozen Foods,North,Festive,388.45,381.91,19,15.0,7256.29,7380.55,-124.26,-1.71
TXN105754,Home & Kitchen,Decor,East,Spring,108.81,126.12,4,60.0,504.48,435.24,69.24,13.73
TXN105755,Electronics,Headphones,East,Winter,1999.53,2253.69,4,26.0,9014.76,7998.12,1016.64,11.28
TXN105756,Apparel,Kids Wear,South,Spring,80.45,101.35,12,56.0,1216.2,965.4,250.8,20.62
TXN105757,Electronics,Headphones,East,Monsoon,1227.98,1259.03,9,65.0,11331.27,11051.82,279.45,2.47
TXN105758,Electronics,Smartphones,East,Spring,1218.35,1364.83,7,31.0,9553.81,8528.45,1025.36,10.73
TXN105759,Grocery,Snacks,Central,Monsoon,86.34,80.79,14,16.0,1131.06,1208.76,-77.7,-6.87
TXN105760,Electronics,Cameras,South,Winter,1379.49,1401.98,8,50.0,11215.84,11035.92,179.92,1.6
TXN105761,Electronics,Smartphones,South,Winter,1609.83,1795.75,8,57.0,14366.0,12878.64,1487.36,10.35
TXN105762,Beauty & Personal Care,Skincare,East,Summer,12.22,14.52,8,50.0,116.16,97.76,18.4,15.84
TXN105763,Apparel,Men's Wear,West,Winter,180.46,226.04,8,53.0,1808.32,1443.68,364.64,20.16
TXN105764,Home & Kitchen,Storage,North,Festive,77.6,89.78,3,79.0,269.34,232.8,36.54,13.57
TXN105765,Home & Kitchen,Storage,West,Summer,66.8,69.79,7,73.0,488.53,467.6,20.93,4.28
TXN105766,Apparel,Kids Wear,North,Monsoon,423.13,507.37,10,45.0,5073.7,4231.3,842.4,16.6
TXN105767,Home & Kitchen,Furniture,Central,Summer,466.79,560.23,8,46.0,4481.84,3734.32,747.52,16.68
TXN105768,Grocery,Snacks,Central,Festive,170.89,165.12,12,19.0,1981.44,2050.68,-69.24,-3.49
TXN105769,Home & Kitchen,Furniture,East,Spring,38.78,42.21,4,78.0,168.84,155.12,13.72,8.13
TXN105770,Apparel,Footwear,East,Summer,186.22,221.37,6,39.0,1328.22,1117.32,210.9,15.88
TXN105771,Electronics,Laptops,North,Monsoon,703.34,696.32,7,61.0,4874.24,4923.38,-49.14,-1.01
TXN105772,Home & Kitchen,Decor,East,Festive,431.12,437.1,7,79.0,3059.7,3017.84,41.86,1.37
TXN105773,Grocery,Staples,North,Summer,46.22,50.72,13,10.0,659.36,600.86,58.5,8.87
TXN105774,Beauty & Personal Care,Grooming,South,Monsoon,335.5,457.71,7,,3203.97,2348.5,855.47,26.7
TXN105775,Grocery,Beverages,North,Festive,208.08,216.81,17,16.0,3685.77,3537.36,148.41,4.03
TXN105776,Electronics,Smartphones,East,Monsoon,295.8,329.51,9,45.0,2965.59,2662.2,303.39,10.23
TXN105777,Electronics,Cameras,East,Summer,425.5,468.02,7,43.0,3276.14,2978.5,297.64,9.09
TXN105778,Home & Kitchen,Furniture,West,Festive,443.55,475.58,7,96.0,3329.06,3104.85,224.21,6.73
TXN105779,Home & Kitchen,Decor,West,Winter,61.26,71.34,1,57.0,71.34,61.26,10.08,14.13
TXN105780,Electronics,Cameras,Central,Spring,166.97,170.73,6,59.0,1024.38,1001.82,22.56,2.2
TXN105781,Home & Kitchen,Appliances,North,Spring,191.86,232.89,8,48.0,1863.12,1534.88,328.24,17.62
TXN105782,Home & Kitchen,Decor,North,Festive,247.87,262.61,6,93.0,1575.66,1487.22,88.44,5.61
TXN105783,Home & Kitchen,Appliances,West,Winter,235.74,292.69,5,,1463.45,1178.7,284.75,19.46
TXN105784,Apparel,Winter Wear,Central,Winter,343.08,412.65,10,74.0,4126.5,3430.8,695.7,16.86
TXN105785,Grocery,Frozen Foods,Central,Winter,222.41,232.21,18,9.0,4179.78,4003.38,176.4,4.22
TXN105786,Apparel,Footwear,East,Winter,459.56,496.84,4,117.0,1987.36,1838.24,149.12,7.5
TXN105787,Apparel,Women's Wear,North,Winter,57.44,72.75,10,61.0,727.5,574.4,153.1,21.04
TXN105788,Home & Kitchen,Storage,Central,Winter,245.56,295.07,12,52.0,3540.84,2946.72,594.12,16.78
TXN105789,Electronics,Accessories,North,Winter,550.74,598.82,5,53.0,2994.1,2753.7,240.4,8.03
TXN105790,Home & Kitchen,Cookware,West,Spring,467.6,561.79,4,66.0,2247.16,1870.4,376.76,16.77
TXN105791,Grocery,Dairy,West,Summer,155.44,166.16,15,3.0,2492.4,2331.6,160.8,6.45
TXN105792,Apparel,Winter Wear,South,Winter,174.04,200.45,6,115.0,1202.7,1044.24,158.46,13.18
TXN105793,Electronics,Laptops,East,Spring,2272.9,2534.96,5,38.0,12674.8,11364.5,1310.3,10.34
TXN105794,Beauty & Personal Care,Skincare,East,Monsoon,305.8,405.48,5,24.0,2027.4,1529.0,498.4,24.58
TXN105795,Electronics,Smartphones,South,Festive,109.65,113.92,10,51.0,1139.2,1096.5,42.7,3.75
TXN105796,Apparel,Men's Wear,West,Monsoon,246.77,298.8,5,32.0,1494.0,1233.85,260.15,17.41
TXN105797,Apparel,Winter Wear,South,Winter,369.62,431.72,8,79.0,3453.76,2956.96,496.8,14.38
TXN105798,Apparel,Men's Wear,South,Spring,182.04,239.64,10,33.0,2396.4,1820.4,576.0,24.04
TXN105799,Electronics,Accessories,Central,Winter,2931.03,3109.51,9,25.0,27985.59,26379.27,1606.32,5.74
TXN105800,Electronics,Headphones,West,Festive,126.22,118.2,10,59.0,1182.0,1262.2,-80.2,-6.79
TXN105801,Grocery,Beverages,Central,Monsoon,147.15,138.69,13,13.0,1802.97,1912.95,-109.98,-6.1
TXN105802,Apparel,Women's Wear,South,Winter,86.58,107.62,7,70.0,753.34,606.06,147.28,19.55
TXN105803,Home & Kitchen,Decor,North,Festive,73.2,78.72,5,83.0,393.6,366.0,27.6,7.01
TXN105804,Home & Kitchen,Appliances,East,Spring,113.35,119.11,13,96.0,1548.43,1473.55,74.88,4.84
TXN105805,Electronics,Laptops,Central,Winter,2451.83,2681.44,6,28.0,16088.64,14710.98,1377.66,8.56
TXN105806,Electronics,Cameras,Central,Winter,1816.57,2008.8,9,32.0,18079.2,16349.13,1730.07,9.57
TXN105807,Home & Kitchen,Appliances,South,Festive,423.79,499.89,9,99.0,4499.01,3814.11,684.9,15.22
TXN105808,Apparel,Men's Wear,West,Winter,213.18,278.57,8,65.0,2228.56,1705.44,523.12,23.47
TXN105809,Electronics,Headphones,West,Festive,1297.72,1434.57,12,46.0,17214.84,15572.64,1642.2,9.54
TXN105810,Apparel,Footwear,East,Festive,434.1,543.45,8,99.0,4347.6,3472.8,874.8,20.12
TXN105811,Apparel,Women's Wear,North,Festive,272.71,321.06,9,95.0,2889.54,2454.39,435.15,15.06
TXN105812,Electronics,Laptops,East,Winter,2921.15,3130.2,7,52.0,21911.4,20448.05,1463.35,6.68
TXN105813,Home & Kitchen,Appliances,Central,Spring,296.62,342.28,5,77.0,1711.4,1483.1,228.3,13.34
TXN105814,Electronics,Cameras,North,Spring,269.46,293.45,7,35.0,2054.15,1886.22,167.93,8.18
TXN105815,Electronics,Smartphones,East,Monsoon,218.02,239.99,7,45.0,1679.93,1526.14,153.79,9.15
TXN105816,Home & Kitchen,Furniture,North,Summer,332.44,384.23,8,59.0,3073.84,2659.52,414.32,13.48
TXN105817,Electronics,Smartphones,Central,Summer,1697.74,1747.05,6,48.0,10482.3,10186.44,295.86,2.82
TXN105818,Grocery,Dairy,South,Winter,294.51,297.46,8,16.0,2379.68,2356.08,23.6,0.99
TXN105819,Grocery,Beverages,Central,Winter,89.8,94.89,16,9.0,1518.24,1436.8,81.44,5.36
TXN105820,Apparel,Winter Wear,East,Monsoon,414.73,509.76,11,92.0,5607.36,4562.03,1045.33,18.64
TXN105821,Home & Kitchen,Decor,Central,Monsoon,104.11,117.91,4,93.0,471.64,416.44,55.2,11.7
TXN105822,Electronics,Laptops,South,Winter,1815.5,1893.28,7,57.0,13252.96,12708.5,544.46,4.11
TXN105823,Apparel,Winter Wear,North,Festive,221.47,260.91,2,99.0,521.82,442.94,78.88,15.12
TXN105824,Apparel,Kids Wear,North,Festive,104.86,132.72,4,89.0,530.88,419.44,111.44,20.99
TXN105825,Grocery,Beverages,West,Summer,191.69,195.2,18,14.0,3513.6,3450.42,63.18,1.8
TXN105826,Home & Kitchen,Appliances,South,Winter,266.61,323.46,9,78.0,2911.14,2399.49,511.65,17.58
TXN105827,Home & Kitchen,Furniture,West,Festive,136.23,144.51,6,75.0,867.06,817.38,49.68,5.73
TXN105828,Beauty & Personal Care,Grooming,East,Summer,84.66,114.1,8,36.0,912.8,677.28,235.52,25.8
TXN105829,Electronics,Smartphones,East,Spring,1988.51,2149.6,8,44.0,17196.8,15908.08,1288.72,7.49
TXN105830,Electronics,Cameras,East,Spring,1414.74,1589.88,4,33.0,6359.52,5658.96,700.56,11.02
TXN105831,Grocery,Dairy,East,Festive,93.06,94.24,15,14.0,1413.6,1395.9,17.7,1.25
TXN105832,Grocery,Beverages,North,Winter,375.5,408.9,15,13.0,6133.5,5632.5,501.0,8.17
TXN105833,Electronics,Smartphones,Central,Spring,2987.54,3194.38,7,30.0,22360.66,20912.78,1447.88,6.48
TXN105834,Grocery,Frozen Foods,West,Summer,135.6,127.71,20,13.0,2554.2,2712.0,-157.8,-6.18
TXN105835,Home & Kitchen,Storage,South,Monsoon,89.94,103.68,5,44.0,518.4,449.7,68.7,13.25
TXN105836,Electronics,Headphones,Central,Monsoon,679.93,722.21,4,68.0,2888.84,2719.72,169.12,5.85
TXN105837,Apparel,Kids Wear,South,Monsoon,414.17,463.62,8,106.0,3708.96,3313.36,395.6,10.67
TXN105838,Home & Kitchen,Storage,South,Monsoon,344.28,413.14,6,51.0,2478.84,2065.68,413.16,16.67
TXN105839,Apparel,Winter Wear,East,Summer,347.09,365.76,8,108.0,2926.08,2776.72,149.36,5.1
TXN105840,Apparel,Kids Wear,Central,Winter,485.19,574.89,10,60.0,5748.9,4851.9,897.0,15.6
TXN105841,Apparel,Winter Wear,Central,Summer,338.78,377.59,8,83.0,3020.72,2710.24,310.48,10.28
TXN105842,Beauty & Personal Care,Makeup,South,Winter,357.23,495.27,6,25.0,2971.62,2143.38,828.24,27.87
TXN105843,Grocery,Frozen Foods,West,Monsoon,450.6,444.25,12,15.0,5331.0,5407.2,-76.2,-1.43
TXN105844,Home & Kitchen,Storage,East,Spring,460.21,513.23,6,,3079.38,2761.26,318.12,10.33
TXN105845,Grocery,Frozen Foods,West,Winter,464.75,489.62,17,14.0,8323.54,7900.75,422.79,5.08
TXN105846,Home & Kitchen,Appliances,South,Festive,334.45,389.63,10,84.0,3896.3,3344.5,551.8,14.16
TXN105847,Apparel,Kids Wear,East,Monsoon,428.71,506.48,8,102.0,4051.84,3429.68,622.16,15.35
TXN105848,Electronics,Laptops,North,Monsoon,101.09,101.91,11,55.0,1121.01,1111.99,9.02,0.8
TXN105849,Electronics,Cameras,West,Winter,2751.53,2944.86,7,27.0,20614.02,19260.71,1353.31,6.56
TXN105850,Beauty & Personal Care,Grooming,Central,Festive,375.59,461.53,10,47.0,4615.3,3755.9,859.4,18.62
TXN105851,Apparel,Winter Wear,Central,Spring,451.72,587.7,9,64.0,5289.3,4065.48,1223.82,23.14
TXN105852,Home & Kitchen,Storage,South,Festive,280.49,343.42,6,57.0,2060.52,1682.94,377.58,18.32
TXN105853,Electronics,Accessories,West,Monsoon,458.0,509.99,8,26.0,4079.92,3664.0,415.92,10.19
TXN105854,Electronics,Smartphones,Central,Summer,1822.31,2022.98,9,28.0,18206.82,16400.79,1806.03,9.92
TXN105855,Beauty & Personal Care,Skincare,West,Spring,449.37,570.29,6,35.0,3421.74,2696.22,725.52,21.2
TXN105856,Beauty & Personal Care,Haircare,North,Summer,171.17,199.35,9,58.0,1794.15,1540.53,253.62,14.14
TXN105857,Apparel,Kids Wear,South,Festive,63.5,85.69,8,34.0,685.52,508.0,177.52,25.9
TXN105858,Electronics,Laptops,Central,Festive,1752.02,1860.07,9,29.0,16740.63,15768.18,972.45,5.81
TXN105859,Apparel,Winter Wear,North,Summer,499.39,559.32,4,117.0,2237.28,1997.56,239.72,10.71
TXN105860,Home & Kitchen,Cookware,North,Monsoon,371.37,461.6,5,,2308.0,1856.85,451.15,19.55
TXN105861,Grocery,Staples,West,Spring,442.62,458.04,14,17.0,6412.56,6196.68,215.88,3.37
TXN105862,Apparel,Kids Wear,East,Festive,42.44,56.86,3,,170.58,127.32,43.26,25.36
TXN105863,Home & Kitchen,Appliances,West,Monsoon,348.64,402.96,2,41.0,805.92,697.28,108.64,13.48
TXN105864,Apparel,Footwear,East,Winter,51.52,64.66,5,95.0,323.3,257.6,65.7,20.32
TXN105865,Home & Kitchen,Furniture,North,Festive,357.8,398.61,6,88.0,2391.66,2146.8,244.86,10.24
TXN105866,Beauty & Personal Care,Fragrances,East,Winter,332.16,390.35,5,50.0,1951.75,1660.8,290.95,14.91
TXN105867,Beauty & Personal Care,Haircare,Central,Spring,151.59,186.88,7,48.0,1308.16,1061.13,247.03,18.88
TXN105868,Electronics,Laptops,West,Monsoon,1499.61,1363.05,8,57.0,10904.4,11996.88,-1092.48,-10.02
TXN105869,Beauty & Personal Care,Grooming,South,Summer,188.01,241.56,6,30.0,1449.36,1128.06,321.3,22.17
TXN105870,Apparel,Kids Wear,West,Monsoon,216.37,280.04,4,107.0,1120.16,865.48,254.68,22.74
TXN105871,Apparel,Footwear,East,Winter,346.7,453.62,6,67.0,2721.72,2080.2,641.52,23.57
TXN105872,Home & Kitchen,Cookware,East,Winter,362.55,441.14,12,48.0,5293.68,4350.6,943.08,17.82
TXN105873,Beauty & Personal Care,Haircare,South,Spring,191.47,249.24,12,37.0,2990.88,2297.64,693.24,23.18
TXN105874,Home & Kitchen,Storage,Central,Winter,286.72,357.78,7,49.0,2504.46,2007.04,497.42,19.86
TXN105875,Home & Kitchen,Storage,East,Summer,231.58,266.82,4,47.0,1067.28,926.32,140.96,13.21
TXN105876,Apparel,Footwear,West,Winter,391.99,483.44,8,119.0,3867.52,3135.92,731.6,18.92
TXN105877,Home & Kitchen,Cookware,North,Spring,75.23,87.85,6,51.0,527.1,451.38,75.72,14.37
TXN105878,Home & Kitchen,Furniture,North,Winter,136.07,147.69,3,83.0,443.07,408.21,34.86,7.87
TXN105879,Apparel,Footwear,West,Summer,320.36,370.65,6,109.0,2223.9,1922.16,301.74,13.57
TXN105880,Grocery,Dairy,North,Winter,400.79,419.49,10,7.0,4194.9,4007.9,187.0,4.46
TXN105881,Electronics,Cameras,South,Summer,1790.96,1911.02,7,43.0,13377.14,12536.72,840.42,6.28
TXN105882,Grocery,Snacks,West,Spring,42.81,43.62,20,15.0,872.4,856.2,16.2,1.86
TXN105883,Electronics,Laptops,Central,Winter,2649.76,2956.56,1,26.0,2956.56,2649.76,306.8,10.38
TXN105884,Beauty & Personal Care,Makeup,West,Spring,274.67,367.11,6,40.0,2202.66,1648.02,554.64,25.18
TXN105885,Electronics,Headphones,South,Winter,468.49,499.19,6,44.0,2995.14,2810.94,184.2,6.15
TXN105886,Electronics,Accessories,West,Winter,501.99,541.51,4,42.0,2166.04,2007.96,158.08,7.3
TXN105887,Beauty & Personal Care,Makeup,West,Spring,338.3,426.26,8,30.0,3410.08,2706.4,703.68,20.64
TXN105888,Grocery,Frozen Foods,Central,Summer,314.45,345.19,18,10.0,6213.42,5660.1,553.32,8.91
TXN105889,Apparel,Footwear,North,Festive,255.35,314.57,6,64.0,1887.42,1532.1,355.32,18.83
TXN105890,Beauty & Personal Care,Grooming,South,Summer,443.94,611.98,6,36.0,3671.88,2663.64,1008.24,27.46
TXN105891,Electronics,Accessories,Central,Festive,502.62,549.08,6,38.0,3294.48,3015.72,278.76,8.46
TXN105892,Apparel,Women's Wear,South,Monsoon,101.1,114.19,9,97.0,1027.71,909.9,117.81,11.46
TXN105893,Electronics,Laptops,West,Spring,845.85,941.74,2,31.0,1883.48,1691.7,191.78,10.18
TXN105894,Grocery,Snacks,North,Summer,383.11,418.27,18,11.0,7528.86,6895.98,632.88,8.41
TXN105895,Home & Kitchen,Appliances,North,Spring,487.09,586.73,8,81.0,4693.84,3896.72,797.12,16.98
TXN105896,Beauty & Personal Care,Grooming,Central,Winter,347.01,398.76,7,48.0,2791.32,2429.07,362.25,12.98
TXN105897,Grocery,Dairy,South,Festive,136.11,143.65,13,12.0,1867.45,1769.43,98.02,5.25
TXN105898,Apparel,Footwear,South,Winter,230.88,273.95,4,65.0,1095.8,923.52,172.28,15.72
TXN105899,Apparel,Women's Wear,North,Winter,304.83,391.93,13,68.0,5095.09,3962.79,1132.3,22.22
TXN105900,Grocery,Staples,West,Winter,58.62,61.85,16,9.0,989.6,937.92,51.68,5.22
TXN105901,Electronics,Accessories,North,Spring,741.19,836.74,5,42.0,4183.7,3705.95,477.75,11.42
TXN105902,Grocery,Staples,North,Spring,453.21,491.42,21,6.0,10319.82,9517.41,802.41,7.78
TXN105903,Electronics,Accessories,South,Monsoon,551.61,624.32,8,37.0,4994.56,4412.88,581.68,11.65
TXN105904,Electronics,Cameras,South,Festive,415.54,455.03,6,59.0,2730.18,2493.24,236.94,8.68
TXN105905,Beauty & Personal Care,Grooming,South,Monsoon,309.31,424.47,9,35.0,3820.23,2783.79,1036.44,27.13
TXN105906,Grocery,Beverages,West,Spring,456.21,478.53,20,7.0,9570.6,9124.2,446.4,4.66
TXN105907,Home & Kitchen,Storage,East,Spring,144.0,172.53,5,73.0,862.65,720.0,142.65,16.54
TXN105908,Apparel,Women's Wear,North,Winter,436.75,575.61,6,44.0,3453.66,2620.5,833.16,24.12
TXN105909,Home & Kitchen,Decor,West,Monsoon,31.23,34.48,6,98.0,206.88,187.38,19.5,9.43
TXN105910,Home & Kitchen,Cookware,North,Festive,285.7,317.18,10,73.0,3171.8,2857.0,314.8,9.92
TXN105911,Grocery,Dairy,Central,Festive,450.82,469.69,19,8.0,8924.11,8565.58,358.53,4.02
TXN105912,Electronics,Accessories,Central,Spring,1390.22,1572.77,8,39.0,12582.16,11121.76,1460.4,11.61
TXN105913,Home & Kitchen,Cookware,North,Winter,346.79,400.7,8,40.0,3205.6,2774.32,431.28,13.45
TXN105914,Grocery,Staples,West,Summer,337.88,342.37,19,15.0,6505.03,6419.72,85.31,1.31
TXN105915,Electronics,Headphones,West,Festive,2585.66,2827.43,5,41.0,14137.15,12928.3,1208.85,8.55
TXN105916,Electronics,Smartphones,West,Festive,2380.04,2530.02,4,35.0,10120.08,9520.16,599.92,5.93
TXN105917,Home & Kitchen,Decor,East,Summer,436.27,557.47,10,58.0,5574.7,4362.7,1212.0,21.74
TXN105918,Beauty & Personal Care,Fragrances,South,Festive,91.19,120.22,9,37.0,1081.98,820.71,261.27,24.15
TXN105919,Grocery,Snacks,North,Winter,188.77,200.94,21,3.0,4219.74,3964.17,255.57,6.06
TXN105920,Electronics,Laptops,North,Summer,1899.17,1958.69,6,64.0,11752.14,11395.02,357.12,3.04
TXN105921,Apparel,Women's Wear,Central,Summer,291.1,360.78,8,58.0,2886.24,2328.8,557.44,19.31
TXN105922,Beauty & Personal Care,Fragrances,East,Winter,50.49,65.1,5,27.0,325.5,252.45,73.05,22.44
TXN105923,Electronics,Headphones,West,Monsoon,510.96,567.55,13,37.0,7378.15,6642.48,735.67,9.97
TXN105924,Grocery,Staples,East,Summer,463.44,488.27,11,3.0,5370.97,5097.84,273.13,5.09
TXN105925,Apparel,Winter Wear,East,Spring,48.16,60.65,6,36.0,363.9,288.96,74.94,20.59
TXN105926,Grocery,Dairy,Central,Festive,13.72,14.8,16,5.0,236.8,219.52,17.28,7.3
TXN105927,Apparel,Men's Wear,Central,Festive,50.18,57.5,6,119.0,345.0,301.08,43.92,12.73
TXN105928,Apparel,Men's Wear,Central,Winter,489.47,620.83,7,48.0,4345.81,3426.29,919.52,21.16
TXN105929,Home & Kitchen,Decor,Central,Monsoon,62.85,73.09,9,54.0,657.81,565.65,92.16,14.01
TXN105930,Home & Kitchen,Cookware,South,Spring,26.13,27.21,9,85.0,244.89,235.17,9.72,3.97
TXN105931,Electronics,Laptops,West,Summer,336.19,379.12,6,32.0,2274.72,2017.14,257.58,11.32
TXN105932,Grocery,Staples,East,Summer,375.8,345.79,24,13.0,8298.96,9019.2,-720.24,-8.68
TXN105933,Apparel,Kids Wear,East,Spring,99.72,116.27,6,92.0,697.62,598.32,99.3,14.23
TXN105934,Home & Kitchen,Furniture,East,Monsoon,138.69,168.19,4,89.0,672.76,554.76,118.0,17.54
TXN105935,Beauty & Personal Care,Haircare,East,Summer,261.04,329.93,4,39.0,1319.72,1044.16,275.56,20.88
TXN105936,Electronics,Smartphones,West,Spring,2503.36,2814.67,8,46.0,22517.36,20026.88,2490.48,11.06
TXN105937,Beauty & Personal Care,Fragrances,West,Winter,84.37,112.55,10,24.0,1125.5,843.7,281.8,25.04
TXN105938,Beauty & Personal Care,Haircare,Central,Festive,244.4,263.13,9,53.0,2368.17,2199.6,168.57,7.12
TXN105939,Home & Kitchen,Appliances,Central,Summer,401.14,478.65,8,56.0,3829.2,3209.12,620.08,16.19
TXN105940,Electronics,Smartphones,East,Monsoon,2168.09,2314.79,7,39.0,16203.53,15176.63,1026.9,6.34
TXN105941,Beauty & Personal Care,Grooming,West,Monsoon,452.82,621.61,9,40.0,5594.49,4075.38,1519.11,27.15
TXN105942,Grocery,Snacks,West,Monsoon,73.92,78.21,15,7.0,1173.15,1108.8,64.35,5.49
TXN105943,Electronics,Laptops,North,Festive,577.46,594.07,6,55.0,3564.42,3464.76,99.66,2.8
TXN105944,Electronics,Cameras,North,Summer,918.54,873.87,7,49.0,6117.09,6429.78,-312.69,-5.11
TXN105945,Electronics,Headphones,North,Summer,1235.82,1372.6,5,57.0,6863.0,6179.1,683.9,9.97
TXN105946,Apparel,Winter Wear,West,Spring,438.85,587.06,8,65.0,4696.48,3510.8,1185.68,25.25
TXN105947,Grocery,Beverages,West,Spring,252.54,264.79,10,8.0,2647.9,2525.4,122.5,4.63
TXN105948,Electronics,Laptops,South,Festive,884.88,897.52,4,57.0,3590.08,3539.52,50.56,1.41
TXN105949,Beauty & Personal Care,Grooming,Central,Festive,81.5,114.82,3,25.0,344.46,244.5,99.96,29.02
TXN105950,Apparel,Men's Wear,Central,Monsoon,27.91,34.42,12,119.0,413.04,334.92,78.12,18.91
TXN105951,Electronics,Cameras,East,Summer,1559.93,1540.33,8,67.0,12322.64,12479.44,-156.8,-1.27
TXN105952,Electronics,Cameras,East,Monsoon,186.88,203.38,5,50.0,1016.9,934.4,82.5,8.11
TXN105953,Beauty & Personal Care,Haircare,North,Festive,310.11,391.19,6,58.0,2347.14,1860.66,486.48,20.73
TXN105954,Grocery,Beverages,North,Summer,231.73,244.25,14,6.0,3419.5,3244.22,175.28,5.13
TXN105955,Apparel,Women's Wear,North,Festive,430.37,543.19,12,104.0,6518.28,5164.44,1353.84,20.77
TXN105956,Grocery,Staples,South,Festive,69.66,74.13,24,5.0,1779.12,1671.84,107.28,6.03
TXN105957,Electronics,Cameras,South,Spring,2740.33,2905.5,8,31.0,23244.0,21922.64,1321.36,5.68
TXN105958,Grocery,Beverages,West,Festive,11.78,11.88,14,18.0,166.32,164.92,1.4,0.84
TXN105959,Apparel,Men's Wear,Central,Spring,266.44,307.64,3,81.0,922.92,799.32,123.6,13.39
TXN105960,Grocery,Frozen Foods,Central,Festive,370.42,339.25,14,12.0,4749.5,5185.88,-436.38,-9.19
TXN105961,Beauty & Personal Care,Haircare,West,Summer,170.34,211.73,9,39.0,1905.57,1533.06,372.51,19.55
TXN105962,Apparel,Winter Wear,East,Spring,122.68,129.65,5,110.0,648.25,613.4,34.85,5.38
TXN105963,Grocery,Frozen Foods,East,Summer,188.84,175.42,12,12.0,2105.04,2266.08,-161.04,-7.65
TXN105964,Grocery,Snacks,Central,Spring,158.79,166.37,15,7.0,2495.55,2381.85,113.7,4.56
TXN105965,Electronics,Headphones,East,Winter,1961.38,2235.04,9,27.0,20115.36,17652.42,2462.94,12.24
TXN105966,Electronics,Accessories,,Spring,204.25,187.92,11,68.0,2067.12,2246.75,-179.63,-8.69
TXN105967,Apparel,Men's Wear,East,Winter,227.39,251.44,7,79.0,1760.08,1591.73,168.35,9.56
TXN105968,Home & Kitchen,Furniture,Central,Summer,91.6,113.5,11,42.0,1248.5,1007.6,240.9,19.3
TXN105969,Apparel,Women's Wear,North,Summer,282.8,306.5,12,118.0,3678.0,3393.6,284.4,7.73
TXN105970,Apparel,Footwear,North,Summer,367.74,477.59,9,104.0,4298.31,3309.66,988.65,23.0
TXN105971,Home & Kitchen,Storage,Central,Monsoon,301.01,347.45,6,71.0,2084.7,1806.06,278.64,13.37
TXN105972,Apparel,Men's Wear,North,Monsoon,321.95,419.75,6,37.0,2518.5,1931.7,586.8,23.3
TXN105973,Beauty & Personal Care,Haircare,West,Winter,350.05,468.94,10,34.0,4689.4,3500.5,1188.9,25.35
TXN105974,Apparel,Winter Wear,South,Festive,153.29,201.23,6,32.0,1207.38,919.74,287.64,23.82
TXN105975,Beauty & Personal Care,Haircare,Central,Spring,33.33,37.21,4,56.0,148.84,133.32,15.52,10.43
TXN105976,Apparel,Men's Wear,North,Winter,59.21,75.39,4,111.0,301.56,236.84,64.72,21.46
TXN105977,Grocery,Staples,East,Monsoon,286.0,301.71,16,6.0,4827.36,4576.0,251.36,5.21
TXN105978,Electronics,Cameras,South,Monsoon,267.6,296.63,3,61.0,889.89,802.8,87.09,9.79
TXN105979,Home & Kitchen,Appliances,South,Winter,85.95,108.25,4,64.0,433.0,343.8,89.2,20.6
TXN105980,Home & Kitchen,Appliances,East,Winter,332.51,363.78,6,94.0,2182.68,1995.06,187.62,8.6
TXN105981,Apparel,Men's Wear,South,Winter,373.66,381.56,8,91.0,3052.48,2989.28,63.2,2.07
TXN105982,Home & Kitchen,Storage,South,Summer,216.98,248.31,7,84.0,1738.17,1518.86,219.31,12.62
TXN105983,Home & Kitchen,Furniture,North,Spring,321.16,392.63,6,55.0,2355.78,1926.96,428.82,18.2
TXN105984,Apparel,Footwear,East,Summer,42.31,50.37,5,116.0,251.85,211.55,40.3,16.0
TXN105985,Apparel,Men's Wear,Central,Summer,76.6,86.48,5,91.0,432.4,383.0,49.4,11.42
TXN105986,Home & Kitchen,Decor,West,Festive,341.53,426.74,5,94.0,2133.7,1707.65,426.05,19.97
TXN105987,Home & Kitchen,Cookware,Central,Winter,367.19,460.87,9,43.0,4147.83,3304.71,843.12,20.33
TXN105988,Apparel,Men's Wear,East,Summer,451.53,504.58,4,79.0,2018.32,1806.12,212.2,10.51
TXN105989,Home & Kitchen,Cookware,West,Spring,456.26,482.38,5,97.0,2411.9,2281.3,130.6,5.41
TXN105990,Home & Kitchen,Furniture,South,Monsoon,268.79,312.22,4,73.0,1248.88,1075.16,173.72,13.91
TXN105991,Grocery,Frozen Foods,North,Monsoon,350.9,323.01,10,12.0,3230.1,3509.0,-278.9,-8.63
TXN105992,Grocery,Dairy,North,Summer,103.85,101.1,10,16.0,1011.0,1038.5,-27.5,-2.72
TXN105993,Apparel,Footwear,West,Festive,321.1,398.59,4,62.0,1594.36,1284.4,309.96,19.44
TXN105994,Apparel,Women's Wear,South,Monsoon,53.06,65.05,6,39.0,390.3,318.36,71.94,18.43
TXN105995,Electronics,Accessories,South,Monsoon,2986.07,3195.91,9,50.0,28763.19,26874.63,1888.56,6.57
TXN105996,Grocery,Dairy,North,Festive,139.13,134.48,17,16.0,2286.16,2365.21,-79.05,-3.46
TXN105997,Beauty & Personal Care,Grooming,Central,Summer,145.5,186.56,11,28.0,2052.16,1600.5,451.66,22.01
TXN105998,Grocery,Beverages,Central,Summer,130.01,140.18,11,8.0,1541.98,1430.11,111.87,7.25
TXN105999,Home & Kitchen,Storage,South,Spring,249.32,286.56,7,81.0,2005.92,1745.24,260.68,13.0
